index,popv_knn_on_scvi_prediction,popv_scanvi_prediction,popv_svm_prediction,popv_xgboost_prediction,popv_onclass_prediction,popv_celltypist_prediction,popv_prediction,popv_prediction_score,popv_majority_vote_prediction,popv_majority_vote_score,popv_parent
AAACATACAACCAC-1,T cell,"CD4-positive, alpha-beta T cell","CD8-positive, alpha-beta thymocyte","CD8-positive, alpha-beta T cell",innate lymphoid cell,"CD8-positive, alpha-beta thymocyte","CD8-positive, alpha-beta thymocyte",2,"CD8-positive, alpha-beta thymocyte",2,alpha-beta T cell
AAACATTGAGCTAC-1,B cell,B cell,B cell,B cell,B cell,B cell,B cell,6,B cell,6,B cell
AAACATTGATCAGC-1,"CD4-positive, alpha-beta T cell","CD4-positive, alpha-beta T cell",regulatory T cell,"CD4-positive, alpha-beta T cell","naive thymus-derived CD4-positive, alpha-beta T cell",thymocyte,"CD4-positive, alpha-beta T cell",4,"CD4-positive, alpha-beta T cell",3,"CD4-positive, alpha-beta T cell"
AAACCGTGCTTCCG-1,macrophage,myeloid dendritic cell,non-classical monocyte,myeloid dendritic cell,non-classical monocyte,non-classical monocyte,non-classical monocyte,3,non-classical monocyte,3,myeloid leukocyte
AAACCGTGTATGCG-1,natural killer cell,natural killer cell,natural killer cell,natural killer cell,natural killer cell,natural killer cell,natural killer cell,6,natural killer cell,6,natural killer cell
AAACGCACTGGTAC-1,"CD4-positive, alpha-beta T cell","CD4-positive, alpha-beta thymocyte","CD4-positive, alpha-beta T cell","CD4-positive, alpha-beta T cell","CD4-positive, alpha-beta T cell","CD4-positive, alpha-beta T cell","CD4-positive, alpha-beta T cell",5,"CD4-positive, alpha-beta T cell",5,"CD4-positive, alpha-beta T cell"
AAACGCTGACCAGT-1,"CD8-positive, alpha-beta T cell","CD8-positive, alpha-beta T cell",natural killer cell,"CD8-positive, alpha-beta T cell","CD8-positive, alpha-beta T cell","CD8-positive, alpha-beta T cell","CD8-positive, alpha-beta T cell",5,"CD8-positive, alpha-beta T cell",5,"CD8-positive, alpha-beta T cell"
AAACGCTGGTTCTT-1,"CD8-positive, alpha-beta T cell","CD8-positive, alpha-beta T cell","CD8-positive, alpha-beta T cell","CD8-positive, alpha-beta T cell","CD8-positive, alpha-beta T cell","CD8-positive, alpha-beta T cell","CD8-positive, alpha-beta T cell",6,"CD8-positive, alpha-beta T cell",6,"CD8-positive, alpha-beta T cell"
AAACGCTGTAGCCA-1,"CD4-positive, alpha-beta T cell","CD8-positive, alpha-beta thymocyte",erythrocyte,B cell,innate lymphoid cell,"CD8-positive, alpha-beta T cell","CD4-positive, alpha-beta T cell",1,B cell,1,lymphocyte
AAACGCTGTTTCTG-1,macrophage,non-classical monocyte,non-classical monocyte,non-classical monocyte,non-classical monocyte,non-classical monocyte,non-classical monocyte,5,non-classical monocyte,5,non-classical monocyte
AAACTTGAAAAACG-1,B cell,B cell,B cell,B cell,B cell,B cell,B cell,6,B cell,6,B cell
AAACTTGATCCAGA-1,"CD4-positive, alpha-beta T cell","naive thymus-derived CD4-positive, alpha-beta T cell",stromal cell,"CD4-positive, alpha-beta T cell","naive thymus-derived CD4-positive, alpha-beta T cell","CD4-positive, alpha-beta T cell","CD4-positive, alpha-beta T cell",4,"CD4-positive, alpha-beta T cell",3,"CD4-positive, alpha-beta T cell"
AAAGAGACGAGATA-1,"CD4-positive, alpha-beta T cell","CD4-positive, alpha-beta T cell",innate lymphoid cell,T cell,innate lymphoid cell,innate lymphoid cell,innate lymphoid cell,3,innate lymphoid cell,3,lymphocyte
AAAGAGACGCGAGA-1,classical monocyte,monocyte,monocyte,monocyte,monocyte,monocyte,monocyte,5,monocyte,5,monocyte
AAAGAGACGGACTT-1,"CD8-positive, alpha-beta T cell","CD8-positive, alpha-beta T cell","CD8-positive, alpha-beta thymocyte","CD8-positive, alpha-beta T cell","CD8-positive, alpha-beta T cell","CD8-positive, alpha-beta T cell","CD8-positive, alpha-beta T cell",5,"CD8-positive, alpha-beta T cell",5,"CD8-positive, alpha-beta T cell"
AAAGAGACGGCATT-1,"CD4-positive, alpha-beta T cell","naive thymus-derived CD4-positive, alpha-beta T cell","CD4-positive, alpha-beta T cell","CD4-positive, alpha-beta T cell","CD4-positive, alpha-beta T cell","CD4-positive, alpha-beta T cell","CD4-positive, alpha-beta T cell",5,"CD4-positive, alpha-beta T cell",5,"CD4-positive, alpha-beta T cell"
AAAGCAGATATCGG-1,classical monocyte,myeloid dendritic cell,basophil,non-classical monocyte,non-classical monocyte,monocyte,non-classical monocyte,2,non-classical monocyte,2,monocyte
AAAGCCTGTATGCG-1,"CD4-positive, alpha-beta T cell","CD4-positive, alpha-beta T cell",stromal cell,"CD4-positive, alpha-beta T cell","naive thymus-derived CD4-positive, alpha-beta T cell","CD4-positive, alpha-beta T cell","CD4-positive, alpha-beta T cell",5,"CD4-positive, alpha-beta T cell",4,"CD4-positive, alpha-beta T cell"
AAAGGCCTGTCTAG-1,B cell,B cell,myeloid dendritic cell,B cell,myeloid dendritic cell,"CD8-positive, alpha-beta T cell",B cell,3,B cell,3,lymphocyte
AAAGTTTGATCACG-1,B cell,B cell,B cell,B cell,B cell,B cell,B cell,6,B cell,6,B cell
AAAGTTTGGGGTGA-1,B cell,B cell,myeloid dendritic cell,B cell,B cell,myeloid dendritic cell,B cell,4,B cell,4,B cell
AAAGTTTGTAGAGA-1,B cell,B cell,innate lymphoid cell,innate lymphoid cell,innate lymphoid cell,innate lymphoid cell,innate lymphoid cell,4,innate lymphoid cell,4,innate lymphoid cell
AAAGTTTGTAGCGT-1,monocyte,monocyte,myeloid dendritic cell,myeloid dendritic cell,myeloid dendritic cell,monocyte,myeloid dendritic cell,3,monocyte,3,myeloid leukocyte
AAATCAACAATGCC-1,B cell,B cell,B cell,B cell,B cell,B cell,B cell,6,B cell,6,B cell
AAATCAACACCAGT-1,"CD4-positive, alpha-beta T cell","CD4-positive, alpha-beta T cell","CD4-positive, alpha-beta T cell","CD4-positive, alpha-beta T cell","CD4-positive, alpha-beta T cell","CD4-positive, alpha-beta T cell","CD4-positive, alpha-beta T cell",6,"CD4-positive, alpha-beta T cell",6,"CD4-positive, alpha-beta T cell"
AAATCAACCAGGAG-1,"CD4-positive, alpha-beta T cell","CD8-positive, alpha-beta thymocyte","CD8-positive, alpha-beta thymocyte","naive thymus-derived CD8-positive, alpha-beta T cell","CD8-positive, alpha-beta thymocyte","CD8-positive, alpha-beta thymocyte","CD8-positive, alpha-beta thymocyte",4,"CD8-positive, alpha-beta thymocyte",4,"CD8-positive, alpha-beta thymocyte"
AAATCAACCCTATT-1,macrophage,non-classical monocyte,myeloid dendritic cell,non-classical monocyte,non-classical monocyte,non-classical monocyte,non-classical monocyte,4,non-classical monocyte,4,non-classical monocyte
AAATCAACGGAAGC-1,"CD4-positive, alpha-beta T cell","naive thymus-derived CD4-positive, alpha-beta T cell",hematopoietic stem cell,"CD4-positive, alpha-beta T cell","naive thymus-derived CD4-positive, alpha-beta T cell",innate lymphoid cell,"CD4-positive, alpha-beta T cell",3,"CD4-positive, alpha-beta T cell",2,"CD4-positive, alpha-beta T cell"
AAATCAACTCGCAA-1,"CD4-positive, alpha-beta T cell","CD4-positive, alpha-beta thymocyte","CD4-positive, alpha-beta T cell","CD4-positive, alpha-beta T cell","CD4-positive, alpha-beta T cell","CD4-positive, alpha-beta T cell","CD4-positive, alpha-beta T cell",5,"CD4-positive, alpha-beta T cell",5,"CD4-positive, alpha-beta T cell"
AAATCATGACCACA-1,macrophage,non-classical monocyte,non-classical monocyte,non-classical monocyte,non-classical monocyte,non-classical monocyte,non-classical monocyte,5,non-classical monocyte,5,non-classical monocyte
AAATCCCTCCACAA-1,"CD4-positive, alpha-beta T cell","CD8-positive, alpha-beta T cell",innate lymphoid cell,innate lymphoid cell,innate lymphoid cell,innate lymphoid cell,innate lymphoid cell,4,innate lymphoid cell,4,innate lymphoid cell
AAATCCCTGCTATG-1,B cell,B cell,B cell,B cell,B cell,B cell,B cell,6,B cell,6,B cell
AAATGTTGAACGAA-1,macrophage,myeloid dendritic cell,monocyte,monocyte,monocyte,monocyte,monocyte,4,monocyte,4,monocyte
AAATGTTGCCACAA-1,"CD4-positive, alpha-beta T cell","CD8-positive, alpha-beta thymocyte",enterocyte of epithelium proper of small intestine,thymocyte,"CD8-positive, alpha-beta T cell","CD4-positive, alpha-beta T cell","CD4-positive, alpha-beta T cell",2,"CD4-positive, alpha-beta T cell",2,alpha-beta T cell
AAATGTTGTGGCAT-1,classical monocyte,myeloid dendritic cell,basophil,monocyte,monocyte,classical monocyte,classical monocyte,2,classical monocyte,2,monocyte
AAATTCGAAGGTTC-1,"CD4-positive, alpha-beta T cell","CD4-positive, alpha-beta T cell","CD8-positive, alpha-beta thymocyte","CD4-positive, alpha-beta T cell","CD4-positive, alpha-beta T cell","CD4-positive, alpha-beta T cell","CD4-positive, alpha-beta T cell",5,"CD4-positive, alpha-beta T cell",5,"CD4-positive, alpha-beta T cell"
AAATTCGAATCACG-1,classical monocyte,monocyte,erythrocyte,myeloid dendritic cell,myeloid dendritic cell,classical monocyte,classical monocyte,2,classical monocyte,2,myeloid leukocyte
AAATTCGAGCTGAT-1,monocyte,myeloid dendritic cell,monocyte,non-classical monocyte,non-classical monocyte,monocyte,monocyte,4,monocyte,3,monocyte
AAATTCGAGGAGTG-1,"CD4-positive, alpha-beta thymocyte","CD4-positive, alpha-beta T cell","CD8-positive, alpha-beta thymocyte",thymocyte,innate lymphoid cell,"CD8-positive, alpha-beta thymocyte","CD8-positive, alpha-beta thymocyte",2,"CD8-positive, alpha-beta thymocyte",2,thymocyte
AAATTCGATTCTCA-1,"CD8-positive, alpha-beta T cell",mature NK T cell,myeloid dendritic cell,"CD8-positive, alpha-beta T cell",mature NK T cell,myeloid dendritic cell,"CD8-positive, alpha-beta T cell",2,"CD8-positive, alpha-beta T cell",2,mature alpha-beta T cell
AAATTGACACGACT-1,"CD8-positive, alpha-beta T cell","CD8-positive, alpha-beta T cell","CD8-positive, alpha-beta thymocyte","CD8-positive, alpha-beta T cell",innate lymphoid cell,"CD8-positive, alpha-beta T cell","CD8-positive, alpha-beta T cell",4,"CD8-positive, alpha-beta T cell",4,"CD8-positive, alpha-beta T cell"
AAATTGACTCGCTC-1,"CD4-positive, alpha-beta T cell","CD4-positive, alpha-beta T cell","CD4-positive, alpha-beta T cell","CD4-positive, alpha-beta T cell",innate lymphoid cell,"CD4-positive, alpha-beta T cell","CD4-positive, alpha-beta T cell",5,"CD4-positive, alpha-beta T cell",5,"CD4-positive, alpha-beta T cell"
AACAAACTCATTTC-1,"CD4-positive, alpha-beta T cell","CD4-positive, alpha-beta T cell",serous cell of epithelium of trachea,non-classical monocyte,"naive thymus-derived CD4-positive, alpha-beta T cell","naive thymus-derived CD4-positive, alpha-beta T cell","CD4-positive, alpha-beta T cell",3,"CD4-positive, alpha-beta T cell",2,"CD4-positive, alpha-beta T cell"
AACAAACTTTCGTT-1,"CD4-positive, alpha-beta T cell","naive thymus-derived CD4-positive, alpha-beta T cell",innate lymphoid cell,"naive thymus-derived CD4-positive, alpha-beta T cell","naive thymus-derived CD4-positive, alpha-beta T cell","naive thymus-derived CD4-positive, alpha-beta T cell","naive thymus-derived CD4-positive, alpha-beta T cell",4,"naive thymus-derived CD4-positive, alpha-beta T cell",4,"naive thymus-derived CD4-positive, alpha-beta T cell"
AACAATACGACGAG-1,"CD4-positive, alpha-beta T cell","CD4-positive, alpha-beta T cell","CD8-positive, alpha-beta thymocyte","CD8-positive, alpha-beta T cell","CD8-positive, alpha-beta thymocyte","CD8-positive, alpha-beta thymocyte","CD8-positive, alpha-beta thymocyte",3,"CD8-positive, alpha-beta thymocyte",3,alpha-beta T cell
AACACGTGCAGAGG-1,"CD4-positive, alpha-beta T cell","CD8-positive, alpha-beta thymocyte","CD4-positive, alpha-beta T cell",myeloid dendritic cell,innate lymphoid cell,innate lymphoid cell,"CD4-positive, alpha-beta T cell",2,"CD4-positive, alpha-beta T cell",2,lymphocyte
AACACGTGGAAAGT-1,regulatory T cell,"CD4-positive, alpha-beta T cell","naive thymus-derived CD4-positive, alpha-beta T cell","CD4-positive, alpha-beta T cell","CD4-positive, alpha-beta T cell","naive thymus-derived CD4-positive, alpha-beta T cell","CD4-positive, alpha-beta T cell",3,"CD4-positive, alpha-beta T cell",3,"CD4-positive, alpha-beta T cell"
AACACGTGGAACCT-1,classical monocyte,monocyte,"CD4-positive, alpha-beta T cell",classical monocyte,classical monocyte,classical monocyte,classical monocyte,4,classical monocyte,4,classical monocyte
AACACGTGGCTACA-1,"CD4-positive, alpha-beta T cell","CD4-positive, alpha-beta T cell",innate lymphoid cell,"CD4-positive, alpha-beta T cell",innate lymphoid cell,innate lymphoid cell,"CD4-positive, alpha-beta T cell",3,"CD4-positive, alpha-beta T cell",3,lymphocyte
AACACGTGTACGAC-1,intermediate monocyte,non-classical monocyte,non-classical monocyte,non-classical monocyte,non-classical monocyte,non-classical monocyte,non-classical monocyte,5,non-classical monocyte,5,non-classical monocyte
AACAGCACAAGAGT-1,macrophage,myeloid dendritic cell,non-classical monocyte,monocyte,myeloid dendritic cell,monocyte,myeloid dendritic cell,2,monocyte,2,myeloid leukocyte
AACATTGATGGGAG-1,macrophage,non-classical monocyte,non-classical monocyte,non-classical monocyte,non-classical monocyte,non-classical monocyte,non-classical monocyte,5,non-classical monocyte,5,non-classical monocyte
AACCAGTGATACCG-1,macrophage,non-classical monocyte,non-classical monocyte,non-classical monocyte,non-classical monocyte,non-classical monocyte,non-classical monocyte,5,non-classical monocyte,5,non-classical monocyte
AACCCAGATCGCTC-1,"CD4-positive, alpha-beta T cell","CD4-positive, alpha-beta thymocyte",stromal cell,"CD4-positive, alpha-beta T cell","naive thymus-derived CD4-positive, alpha-beta T cell","CD4-positive, alpha-beta T cell","CD4-positive, alpha-beta T cell",4,"CD4-positive, alpha-beta T cell",3,"CD4-positive, alpha-beta T cell"
AACCGATGCTCCCA-1,"CD4-positive, alpha-beta T cell","CD4-positive, alpha-beta T cell","naive thymus-derived CD4-positive, alpha-beta T cell","CD4-positive, alpha-beta T cell","naive thymus-derived CD4-positive, alpha-beta T cell","naive thymus-derived CD4-positive, alpha-beta T cell","CD4-positive, alpha-beta T cell",4,"CD4-positive, alpha-beta T cell",3,"CD4-positive, alpha-beta T cell"
AACCGATGGTCATG-1,B cell,B cell,myeloid dendritic cell,B cell,myeloid dendritic cell,myeloid dendritic cell,B cell,3,B cell,3,mononuclear cell
AACCGATGTTCTAC-1,classical monocyte,myeloid dendritic cell,monocyte,myeloid dendritic cell,myeloid dendritic cell,monocyte,myeloid dendritic cell,3,myeloid dendritic cell,3,myeloid leukocyte
AACCGCCTAGCGTT-1,"CD4-positive, alpha-beta T cell","CD4-positive, alpha-beta T cell","CD4-positive, alpha-beta T cell","CD4-positive, alpha-beta T cell","naive thymus-derived CD4-positive, alpha-beta T cell","CD4-positive, alpha-beta T cell","CD4-positive, alpha-beta T cell",6,"CD4-positive, alpha-beta T cell",5,"CD4-positive, alpha-beta T cell"
AACCGCCTCTACGA-1,macrophage,myeloid dendritic cell,erythrocyte,myeloid dendritic cell,myeloid dendritic cell,intermediate monocyte,myeloid dendritic cell,3,myeloid dendritic cell,3,professional antigen presenting cell
AACCTACTGTGAGG-1,classical monocyte,myeloid dendritic cell,basophil,myeloid dendritic cell,classical monocyte,monocyte,classical monocyte,2,classical monocyte,2,myeloid leukocyte
AACCTACTGTGTTG-1,"CD4-positive, alpha-beta T cell","CD4-positive, alpha-beta T cell","CD8-positive, alpha-beta thymocyte","CD4-positive, alpha-beta T cell","CD8-positive, alpha-beta thymocyte","CD8-positive, alpha-beta thymocyte","CD4-positive, alpha-beta T cell",3,"CD4-positive, alpha-beta T cell",3,alpha-beta T cell
AACCTTACGAGACG-1,"CD4-positive, alpha-beta T cell","naive thymus-derived CD4-positive, alpha-beta T cell",innate lymphoid cell,innate lymphoid cell,innate lymphoid cell,innate lymphoid cell,innate lymphoid cell,4,innate lymphoid cell,4,innate lymphoid cell
AACCTTACGCGAGA-1,"CD8-positive, alpha-beta T cell",natural killer cell,natural killer cell,natural killer cell,natural killer cell,natural killer cell,natural killer cell,5,natural killer cell,5,natural killer cell
AACCTTACTAACGC-1,macrophage,non-classical monocyte,non-classical monocyte,non-classical monocyte,non-classical monocyte,non-classical monocyte,non-classical monocyte,5,non-classical monocyte,5,non-classical monocyte
AACCTTTGGACGGA-1,"CD4-positive, alpha-beta T cell","CD4-positive, alpha-beta T cell",innate lymphoid cell,thymocyte,"naive thymus-derived CD4-positive, alpha-beta T cell",innate lymphoid cell,"CD4-positive, alpha-beta T cell",3,"CD4-positive, alpha-beta T cell",2,T cell
AACCTTTGTACGCA-1,macrophage,myeloid dendritic cell,non-classical monocyte,non-classical monocyte,non-classical monocyte,non-classical monocyte,non-classical monocyte,4,non-classical monocyte,4,non-classical monocyte
AACGCAACAAGTAG-1,"CD4-positive, alpha-beta T cell","CD4-positive, alpha-beta T cell","CD4-positive, alpha-beta T cell","CD4-positive, alpha-beta thymocyte","naive thymus-derived CD4-positive, alpha-beta T cell","naive thymus-derived CD4-positive, alpha-beta T cell","CD4-positive, alpha-beta T cell",4,"CD4-positive, alpha-beta T cell",3,"CD4-positive, alpha-beta T cell"
AACGCATGACCCAA-1,"CD4-positive, alpha-beta T cell","CD4-positive, alpha-beta T cell","naive thymus-derived CD4-positive, alpha-beta T cell","CD4-positive, alpha-beta T cell","naive thymus-derived CD4-positive, alpha-beta T cell","naive thymus-derived CD4-positive, alpha-beta T cell","CD4-positive, alpha-beta T cell",4,"CD4-positive, alpha-beta T cell",3,"CD4-positive, alpha-beta T cell"
AACGCATGCCTTCG-1,"CD4-positive, alpha-beta T cell","naive thymus-derived CD4-positive, alpha-beta T cell","CD8-positive, alpha-beta thymocyte","CD8-positive, alpha-beta T cell","CD8-positive, alpha-beta T cell","CD8-positive, alpha-beta thymocyte","CD8-positive, alpha-beta thymocyte",2,"CD8-positive, alpha-beta T cell",2,mature alpha-beta T cell
AACGCATGTACTTC-1,"CD4-positive, alpha-beta T cell","CD4-positive, alpha-beta T cell","CD8-positive, alpha-beta thymocyte","CD4-positive, alpha-beta T cell","naive thymus-derived CD4-positive, alpha-beta T cell","naive thymus-derived CD4-positive, alpha-beta T cell","CD4-positive, alpha-beta T cell",4,"CD4-positive, alpha-beta T cell",3,"CD4-positive, alpha-beta T cell"
AACGCCCTCGGGAA-1,"CD4-positive, alpha-beta T cell","CD4-positive, alpha-beta T cell","CD8-positive, alpha-beta T cell","CD4-positive, alpha-beta T cell",innate lymphoid cell,"CD8-positive, alpha-beta T cell","CD4-positive, alpha-beta T cell",3,"CD4-positive, alpha-beta T cell",3,mature alpha-beta T cell
AACGCCCTCGTACA-1,natural killer cell,natural killer cell,natural killer cell,mature NK T cell,natural killer cell,natural killer cell,natural killer cell,5,natural killer cell,5,natural killer cell
AACGCCCTGGCATT-1,"CD4-positive, alpha-beta T cell",regulatory T cell,innate lymphoid cell,"naive thymus-derived CD8-positive, alpha-beta T cell",innate lymphoid cell,innate lymphoid cell,innate lymphoid cell,3,innate lymphoid cell,3,lymphocyte
AACGTCGAGTATCG-1,natural killer cell,natural killer cell,natural killer cell,natural killer cell,natural killer cell,natural killer cell,natural killer cell,6,natural killer cell,6,natural killer cell
AACGTGTGAAAGCA-1,"CD4-positive, alpha-beta T cell","CD4-positive, alpha-beta thymocyte",stromal cell,"CD4-positive, alpha-beta thymocyte","naive thymus-derived CD4-positive, alpha-beta T cell","CD4-positive, alpha-beta T cell","CD4-positive, alpha-beta T cell",3,"CD4-positive, alpha-beta T cell",2,alpha-beta T cell
AACGTGTGGCGGAA-1,B cell,B cell,B cell,B cell,B cell,B cell,B cell,6,B cell,6,B cell
AACGTGTGTCCAAG-1,B cell,regulatory T cell,monocyte,"CD8-positive, alpha-beta T cell","naive thymus-derived CD4-positive, alpha-beta T cell",monocyte,monocyte,2,monocyte,2,lymphocyte
AACGTGTGTGCTTT-1,"CD4-positive, alpha-beta T cell","CD4-positive, alpha-beta T cell","naive thymus-derived CD4-positive, alpha-beta T cell",T cell,"naive thymus-derived CD4-positive, alpha-beta T cell","naive thymus-derived CD4-positive, alpha-beta T cell","CD4-positive, alpha-beta T cell",3,"naive thymus-derived CD4-positive, alpha-beta T cell",3,"CD4-positive, alpha-beta T cell"
AACTACCTTAGAGA-1,"CD4-positive, alpha-beta T cell","CD4-positive, alpha-beta T cell","naive thymus-derived CD4-positive, alpha-beta T cell",innate lymphoid cell,innate lymphoid cell,"naive thymus-derived CD4-positive, alpha-beta T cell","CD4-positive, alpha-beta T cell",2,"CD4-positive, alpha-beta T cell",2,"CD4-positive, alpha-beta T cell"
AACTCACTCAAGCT-1,macrophage,myeloid dendritic cell,monocyte,classical monocyte,monocyte,monocyte,monocyte,3,monocyte,3,monocyte
AACTCACTTGGAGG-1,classical monocyte,monocyte,myeloid dendritic cell,classical monocyte,myeloid dendritic cell,monocyte,classical monocyte,2,classical monocyte,2,monocyte
AACTCGGAAAGTGA-1,"CD8-positive, alpha-beta T cell","CD8-positive, alpha-beta T cell",serous cell of epithelium of trachea,"CD8-positive, alpha-beta T cell","CD8-positive, alpha-beta T cell",thymocyte,"CD8-positive, alpha-beta T cell",4,"CD8-positive, alpha-beta T cell",4,"CD8-positive, alpha-beta T cell"
AACTCGGAAGGTCT-1,classical monocyte,monocyte,erythrocyte,myeloid dendritic cell,monocyte,monocyte,monocyte,3,monocyte,3,monocyte
AACTCTTGCAGGAG-1,"CD4-positive, alpha-beta T cell","CD4-positive, alpha-beta T cell","CD8-positive, alpha-beta T cell","CD4-positive, alpha-beta T cell","naive thymus-derived CD4-positive, alpha-beta T cell","CD8-positive, alpha-beta T cell","CD4-positive, alpha-beta T cell",4,"CD4-positive, alpha-beta T cell",3,"CD4-positive, alpha-beta T cell"
AACTGTCTCCCTTG-1,monocyte,myeloid dendritic cell,classical monocyte,B cell,myeloid dendritic cell,classical monocyte,myeloid dendritic cell,2,classical monocyte,2,myeloid leukocyte
AACTTGCTGGGACA-1,"CD4-positive, alpha-beta T cell","naive thymus-derived CD4-positive, alpha-beta T cell",innate lymphoid cell,"CD4-positive, alpha-beta T cell",innate lymphoid cell,innate lymphoid cell,innate lymphoid cell,3,innate lymphoid cell,3,lymphocyte
AAGAACGAGTGTTG-1,"CD4-positive, alpha-beta T cell","CD4-positive, alpha-beta thymocyte",innate lymphoid cell,innate lymphoid cell,"naive thymus-derived CD4-positive, alpha-beta T cell","naive thymus-derived CD4-positive, alpha-beta T cell","CD4-positive, alpha-beta T cell",2,innate lymphoid cell,2,alpha-beta T cell
AAGAAGACGTAGGG-1,B cell,B cell,B cell,B cell,B cell,B cell,B cell,6,B cell,6,B cell
AAGACAGAAGTCTG-1,B cell,B cell,B cell,B cell,B cell,B cell,B cell,6,B cell,6,B cell
AAGACAGAGGATCT-1,"CD4-positive, alpha-beta T cell","CD4-positive, alpha-beta T cell",serous cell of epithelium of trachea,innate lymphoid cell,innate lymphoid cell,"CD4-positive, alpha-beta thymocyte","CD4-positive, alpha-beta T cell",2,"CD4-positive, alpha-beta T cell",2,lymphocyte
AAGACAGATTACCT-1,classical monocyte,monocyte,monocyte,monocyte,monocyte,monocyte,monocyte,5,monocyte,5,monocyte
AAGAGATGGGTAGG-1,B cell,B cell,B cell,innate lymphoid cell,B cell,B cell,B cell,5,B cell,5,B cell
AAGATGGAAAACAG-1,B cell,B cell,B cell,B cell,B cell,B cell,B cell,6,B cell,6,B cell
AAGATGGAGAACTC-1,classical monocyte,myeloid dendritic cell,monocyte,myeloid dendritic cell,monocyte,monocyte,monocyte,3,monocyte,3,monocyte
AAGATGGAGATAAG-1,macrophage,myeloid dendritic cell,classical monocyte,myeloid dendritic cell,myeloid dendritic cell,myeloid dendritic cell,myeloid dendritic cell,4,myeloid dendritic cell,4,conventional dendritic cell
AAGATTACAACCTG-1,"CD4-positive, alpha-beta T cell","CD4-positive, alpha-beta thymocyte",innate lymphoid cell,"CD4-positive, alpha-beta T cell",innate lymphoid cell,innate lymphoid cell,innate lymphoid cell,3,innate lymphoid cell,3,lymphocyte
AAGATTACAGATCC-1,classical monocyte,myeloid dendritic cell,erythrocyte,intermediate monocyte,monocyte,monocyte,monocyte,2,monocyte,2,monocyte
AAGATTACCCGTTC-1,classical monocyte,monocyte,monocyte,monocyte,monocyte,monocyte,monocyte,5,monocyte,5,monocyte
AAGATTACCGCCTT-1,monocyte,myeloid dendritic cell,myeloid dendritic cell,myeloid dendritic cell,myeloid dendritic cell,myeloid dendritic cell,myeloid dendritic cell,5,myeloid dendritic cell,5,conventional dendritic cell
AAGATTACCTCAAG-1,natural killer cell,natural killer cell,natural killer cell,natural killer cell,natural killer cell,natural killer cell,natural killer cell,6,natural killer cell,6,natural killer cell
AAGATTACTCCTCG-1,monocyte,myeloid dendritic cell,non-classical monocyte,monocyte,myeloid dendritic cell,monocyte,monocyte,3,monocyte,3,monocyte
AAGCAAGAGCGAGA-1,"CD4-positive, alpha-beta T cell","CD4-positive, alpha-beta T cell","CD8-positive, alpha-beta T cell",T cell,"CD8-positive, alpha-beta T cell","CD4-positive, alpha-beta T cell","CD4-positive, alpha-beta T cell",3,"CD4-positive, alpha-beta T cell",3,mature alpha-beta T cell
AAGCAAGAGCTTAG-1,"CD8-positive, alpha-beta T cell","naive thymus-derived CD8-positive, alpha-beta T cell","naive thymus-derived CD8-positive, alpha-beta T cell","CD8-positive, alpha-beta T cell","naive thymus-derived CD8-positive, alpha-beta T cell","naive thymus-derived CD8-positive, alpha-beta T cell","naive thymus-derived CD8-positive, alpha-beta T cell",4,"naive thymus-derived CD8-positive, alpha-beta T cell",4,"naive thymus-derived CD8-positive, alpha-beta T cell"
AAGCAAGAGGTGTT-1,natural killer cell,natural killer cell,natural killer cell,"CD8-positive, alpha-beta T cell",natural killer cell,natural killer cell,natural killer cell,5,natural killer cell,5,natural killer cell
AAGCACTGAGCAAA-1,B cell,B cell,B cell,B cell,B cell,B cell,B cell,6,B cell,6,B cell
AAGCACTGCATACG-1,"CD8-positive, alpha-beta T cell","CD8-positive, alpha-beta T cell","CD8-positive, alpha-beta thymocyte",natural killer cell,"CD8-positive, alpha-beta T cell","CD8-positive, alpha-beta T cell","CD8-positive, alpha-beta T cell",4,"CD8-positive, alpha-beta T cell",4,"CD8-positive, alpha-beta T cell"
AAGCACTGGTTCTT-1,B cell,B cell,B cell,B cell,myeloid dendritic cell,B cell,B cell,5,B cell,5,B cell
AAGCCAACGTGTTG-1,"CD4-positive, alpha-beta T cell","CD4-positive, alpha-beta thymocyte",stromal cell,"CD4-positive, alpha-beta T cell","naive thymus-derived CD4-positive, alpha-beta T cell","CD4-positive, alpha-beta thymocyte","CD4-positive, alpha-beta T cell",3,"CD4-positive, alpha-beta T cell",2,alpha-beta T cell
AAGCCATGAACTGC-1,monocyte,myeloid dendritic cell,myeloid dendritic cell,myeloid dendritic cell,myeloid dendritic cell,myeloid dendritic cell,myeloid dendritic cell,5,myeloid dendritic cell,5,conventional dendritic cell
AAGCCATGACACGT-1,monocyte,myeloid dendritic cell,monocyte,myeloid dendritic cell,monocyte,monocyte,monocyte,4,monocyte,4,monocyte
AAGCCATGCGTGAT-1,"CD4-positive, alpha-beta T cell","naive thymus-derived CD4-positive, alpha-beta T cell","CD8-positive, alpha-beta thymocyte","CD4-positive, alpha-beta T cell","naive thymus-derived CD4-positive, alpha-beta T cell","CD4-positive, alpha-beta T cell","CD4-positive, alpha-beta T cell",4,"CD4-positive, alpha-beta T cell",3,"CD4-positive, alpha-beta T cell"
AAGCCATGTCTCGC-1,"CD4-positive, alpha-beta T cell","CD8-positive, alpha-beta T cell","CD4-positive, alpha-beta T cell","CD8-positive, alpha-beta T cell",myeloid dendritic cell,leukocyte,"CD4-positive, alpha-beta T cell",2,"CD4-positive, alpha-beta T cell",2,mature alpha-beta T cell
AAGCCTGACATGCA-1,regulatory T cell,"CD4-positive, alpha-beta T cell","CD8-positive, alpha-beta T cell","naive thymus-derived CD8-positive, alpha-beta T cell",regulatory T cell,"CD8-positive, alpha-beta T cell","CD8-positive, alpha-beta T cell",2,"CD8-positive, alpha-beta T cell",2,mature alpha-beta T cell
AAGCCTGACCGAAT-1,classical monocyte,monocyte,erythrocyte,monocyte,monocyte,monocyte,monocyte,4,monocyte,4,monocyte
AAGCGACTCCTCAC-1,monocyte,myeloid dendritic cell,plasmacytoid dendritic cell,non-classical monocyte,non-classical monocyte,monocyte,monocyte,3,monocyte,2,monocyte
AAGCGACTGTGTCA-1,"CD4-positive, alpha-beta T cell","CD4-positive, alpha-beta T cell",stromal cell,"CD8-positive, alpha-beta T cell","naive thymus-derived CD4-positive, alpha-beta T cell",myeloid dendritic cell,"CD4-positive, alpha-beta T cell",3,"CD4-positive, alpha-beta T cell",2,mature alpha-beta T cell
AAGCGACTTACAGC-1,B cell,B cell,B cell,B cell,B cell,B cell,B cell,6,B cell,6,B cell
AAGCGACTTTGACG-1,macrophage,non-classical monocyte,non-classical monocyte,non-classical monocyte,non-classical monocyte,non-classical monocyte,non-classical monocyte,5,non-classical monocyte,5,non-classical monocyte
AAGCGTACGTCTTT-1,"CD4-positive, alpha-beta T cell","CD4-positive, alpha-beta T cell","CD8-positive, alpha-beta T cell","CD8-positive, alpha-beta T cell","CD8-positive, alpha-beta T cell","CD8-positive, alpha-beta T cell","CD8-positive, alpha-beta T cell",4,"CD8-positive, alpha-beta T cell",4,"CD8-positive, alpha-beta T cell"
AAGGCTTGCGAACT-1,"CD8-positive, alpha-beta T cell","CD8-positive, alpha-beta T cell",monocyte,"CD8-positive, alpha-beta T cell","CD8-positive, alpha-beta T cell","CD8-positive, alpha-beta thymocyte","CD8-positive, alpha-beta T cell",4,"CD8-positive, alpha-beta T cell",4,"CD8-positive, alpha-beta T cell"
AAGGTCACGGTTAC-1,classical monocyte,myeloid dendritic cell,erythrocyte,B cell,myeloid dendritic cell,myeloid dendritic cell,myeloid dendritic cell,3,myeloid dendritic cell,3,myeloid leukocyte
AAGGTCACTGTTTC-1,B cell,B cell,B cell,B cell,B cell,B cell,B cell,6,B cell,6,B cell
AAGGTCACTTCCCG-1,"CD8-positive, alpha-beta T cell","CD8-positive, alpha-beta T cell","CD8-positive, alpha-beta T cell","CD8-positive, alpha-beta T cell","CD8-positive, alpha-beta T cell","CD8-positive, alpha-beta T cell","CD8-positive, alpha-beta T cell",6,"CD8-positive, alpha-beta T cell",6,"CD8-positive, alpha-beta T cell"
AAGGTCTGACAGTC-1,"CD4-positive, alpha-beta T cell","CD4-positive, alpha-beta T cell","CD4-positive, alpha-beta thymocyte","CD8-positive, alpha-beta T cell","naive thymus-derived CD4-positive, alpha-beta T cell","CD8-positive, alpha-beta T cell","CD4-positive, alpha-beta T cell",3,"CD4-positive, alpha-beta T cell",2,mature alpha-beta T cell
AAGGTCTGCAGATC-1,"CD4-positive, alpha-beta T cell","CD8-positive, alpha-beta thymocyte","CD8-positive, alpha-beta thymocyte",acinar cell of salivary gland,innate lymphoid cell,innate lymphoid cell,"CD8-positive, alpha-beta thymocyte",2,"CD8-positive, alpha-beta thymocyte",2,lymphocyte
AAGTAACTCTGAAC-1,classical monocyte,monocyte,monocyte,myeloid dendritic cell,myeloid dendritic cell,monocyte,monocyte,3,monocyte,3,monocyte
AAGTAACTGAGATA-1,B cell,B cell,B cell,B cell,B cell,B cell,B cell,6,B cell,6,B cell
AAGTAGGATACAGC-1,natural killer cell,natural killer cell,natural killer cell,natural killer cell,natural killer cell,natural killer cell,natural killer cell,6,natural killer cell,6,natural killer cell
AAGTATACCGAACT-1,"CD4-positive, alpha-beta T cell","CD4-positive, alpha-beta T cell",regulatory T cell,"CD4-positive, alpha-beta T cell",innate lymphoid cell,"naive thymus-derived CD4-positive, alpha-beta T cell","CD4-positive, alpha-beta T cell",3,"CD4-positive, alpha-beta T cell",3,"CD4-positive, alpha-beta T cell"
AAGTCCGACTTGTT-1,"CD4-positive, alpha-beta T cell","CD4-positive, alpha-beta thymocyte","CD8-positive, alpha-beta thymocyte",innate lymphoid cell,innate lymphoid cell,"CD4-positive, alpha-beta T cell","CD4-positive, alpha-beta T cell",2,"CD4-positive, alpha-beta T cell",2,alpha-beta T cell
AAGTCCGATAGAAG-1,"CD4-positive, alpha-beta T cell","CD4-positive, alpha-beta T cell","CD8-positive, alpha-beta thymocyte","CD8-positive, alpha-beta T cell","CD8-positive, alpha-beta thymocyte","CD8-positive, alpha-beta thymocyte","CD8-positive, alpha-beta thymocyte",3,"CD8-positive, alpha-beta thymocyte",3,alpha-beta T cell
AAGTCTCTAGTCGT-1,"CD4-positive, alpha-beta T cell","CD4-positive, alpha-beta thymocyte","CD4-positive, alpha-beta T cell","CD4-positive, alpha-beta T cell",innate lymphoid cell,innate lymphoid cell,"CD4-positive, alpha-beta T cell",3,"CD4-positive, alpha-beta T cell",3,alpha-beta T cell
AAGTCTCTCGGAGA-1,"CD8-positive, alpha-beta T cell","CD8-positive, alpha-beta T cell",plasma cell,myeloid dendritic cell,myeloid dendritic cell,innate lymphoid cell,"CD8-positive, alpha-beta T cell",2,"CD8-positive, alpha-beta T cell",2,lymphocyte
AAGTGGCTTGGAGG-1,B cell,B cell,B cell,B cell,B cell,B cell,B cell,6,B cell,6,B cell
AAGTTCCTCATTCT-1,classical monocyte,myeloid dendritic cell,non-classical monocyte,non-classical monocyte,non-classical monocyte,non-classical monocyte,non-classical monocyte,4,non-classical monocyte,4,non-classical monocyte
AAGTTCCTTCTTAC-1,"CD4-positive, alpha-beta T cell","CD8-positive, alpha-beta T cell","CD8-positive, alpha-beta thymocyte","CD8-positive, alpha-beta T cell","CD8-positive, alpha-beta T cell","CD8-positive, alpha-beta T cell","CD8-positive, alpha-beta T cell",4,"CD8-positive, alpha-beta T cell",4,"CD8-positive, alpha-beta T cell"
AATAAGCTCGAATC-1,"CD4-positive, alpha-beta T cell","CD4-positive, alpha-beta T cell","CD4-positive, alpha-beta T cell","CD4-positive, alpha-beta T cell","CD4-positive, alpha-beta T cell","CD4-positive, alpha-beta T cell","CD4-positive, alpha-beta T cell",6,"CD4-positive, alpha-beta T cell",6,"CD4-positive, alpha-beta T cell"
AATAAGCTCGTTGA-1,"CD4-positive, alpha-beta T cell","CD4-positive, alpha-beta thymocyte","CD4-positive, alpha-beta T cell","CD4-positive, alpha-beta T cell",innate lymphoid cell,"CD4-positive, alpha-beta T cell","CD4-positive, alpha-beta T cell",4,"CD4-positive, alpha-beta T cell",4,"CD4-positive, alpha-beta T cell"
AATACCCTGGACGA-1,B cell,B cell,B cell,B cell,B cell,B cell,B cell,6,B cell,6,B cell
AATACCCTGGCATT-1,"CD4-positive, alpha-beta T cell","CD4-positive, alpha-beta thymocyte",endothelial cell,"CD4-positive, alpha-beta T cell","naive thymus-derived CD4-positive, alpha-beta T cell","CD4-positive, alpha-beta T cell","CD4-positive, alpha-beta T cell",4,"CD4-positive, alpha-beta T cell",3,"CD4-positive, alpha-beta T cell"
AATACTGAAAGGGC-1,"CD8-positive, alpha-beta T cell",natural killer cell,hematopoietic stem cell,natural killer cell,natural killer cell,natural killer cell,natural killer cell,4,natural killer cell,4,natural killer cell
AATACTGAATTGGC-1,natural killer cell,natural killer cell,natural killer cell,natural killer cell,natural killer cell,natural killer cell,natural killer cell,6,natural killer cell,6,natural killer cell
AATAGGGAACCCTC-1,B cell,B cell,B cell,B cell,B cell,B cell,B cell,6,B cell,6,B cell
AATAGGGAGAATGA-1,"CD8-positive, alpha-beta T cell","CD8-positive, alpha-beta T cell","CD8-positive, alpha-beta thymocyte","CD8-positive, alpha-beta T cell","CD8-positive, alpha-beta T cell","CD8-positive, alpha-beta thymocyte","CD8-positive, alpha-beta T cell",4,"CD8-positive, alpha-beta T cell",4,"CD8-positive, alpha-beta T cell"
AATCAAACTATCGG-1,"CD4-positive, alpha-beta T cell","CD8-positive, alpha-beta T cell","naive thymus-derived CD8-positive, alpha-beta T cell","CD4-positive, alpha-beta T cell","CD8-positive, alpha-beta T cell","naive thymus-derived CD8-positive, alpha-beta T cell","CD4-positive, alpha-beta T cell",2,"CD4-positive, alpha-beta T cell",2,"CD8-positive, alpha-beta T cell"
AATCCGGAATGCTG-1,B cell,B cell,B cell,B cell,B cell,B cell,B cell,6,B cell,6,B cell
AATCCTACCGGTAT-1,"CD4-positive, alpha-beta T cell","CD4-positive, alpha-beta thymocyte",erythrocyte,"naive thymus-derived CD4-positive, alpha-beta T cell","naive thymus-derived CD4-positive, alpha-beta T cell","CD4-positive, alpha-beta thymocyte","CD4-positive, alpha-beta T cell",2,"CD4-positive, alpha-beta thymocyte",2,alpha-beta T cell
AATCCTTGACGGGA-1,macrophage,myeloid dendritic cell,monocyte,mononuclear phagocyte,myeloid dendritic cell,monocyte,myeloid dendritic cell,2,monocyte,2,mononuclear phagocyte
AATCCTTGGTGAGG-1,natural killer cell,natural killer cell,natural killer cell,natural killer cell,natural killer cell,natural killer cell,natural killer cell,6,natural killer cell,6,natural killer cell
AATCGGTGGAACTC-1,"CD8-positive, alpha-beta T cell","CD8-positive, alpha-beta T cell",mature NK T cell,"naive thymus-derived CD8-positive, alpha-beta T cell",natural killer cell,mature NK T cell,"CD8-positive, alpha-beta T cell",2,"CD8-positive, alpha-beta T cell",2,mature alpha-beta T cell
AATCGGTGTGCTTT-1,"CD4-positive, alpha-beta T cell","naive thymus-derived CD4-positive, alpha-beta T cell",innate lymphoid cell,"CD8-positive, alpha-beta thymocyte",innate lymphoid cell,innate lymphoid cell,innate lymphoid cell,3,innate lymphoid cell,3,lymphocyte
AATCTAGAAAAGTG-1,"CD4-positive, alpha-beta T cell","CD4-positive, alpha-beta T cell","CD4-positive, alpha-beta T cell","CD4-positive, alpha-beta T cell","CD4-positive, alpha-beta T cell","CD4-positive, alpha-beta T cell","CD4-positive, alpha-beta T cell",6,"CD4-positive, alpha-beta T cell",6,"CD4-positive, alpha-beta T cell"
AATCTAGAATCGGT-1,"CD4-positive, alpha-beta T cell","CD4-positive, alpha-beta thymocyte","CD8-positive, alpha-beta T cell","CD8-positive, alpha-beta T cell","CD8-positive, alpha-beta thymocyte","CD8-positive, alpha-beta T cell","CD8-positive, alpha-beta T cell",3,"CD8-positive, alpha-beta T cell",3,mature alpha-beta T cell
AATCTCACAGCCTA-1,macrophage,myeloid dendritic cell,monocyte,classical monocyte,monocyte,monocyte,monocyte,3,monocyte,3,monocyte
AATCTCACTCTAGG-1,"CD4-positive, alpha-beta T cell","naive thymus-derived CD4-positive, alpha-beta T cell","naive thymus-derived CD4-positive, alpha-beta T cell","CD4-positive, alpha-beta T cell","naive thymus-derived CD4-positive, alpha-beta T cell","naive thymus-derived CD4-positive, alpha-beta T cell","naive thymus-derived CD4-positive, alpha-beta T cell",4,"naive thymus-derived CD4-positive, alpha-beta T cell",4,"naive thymus-derived CD4-positive, alpha-beta T cell"
AATCTCTGAACAGA-1,"CD4-positive, alpha-beta T cell","naive thymus-derived CD4-positive, alpha-beta T cell",endothelial cell,"CD4-positive, alpha-beta T cell",innate lymphoid cell,innate lymphoid cell,"CD4-positive, alpha-beta T cell",2,"CD4-positive, alpha-beta T cell",2,lymphocyte
AATCTCTGCTTTAC-1,natural killer cell,natural killer cell,natural killer cell,natural killer cell,natural killer cell,natural killer cell,natural killer cell,6,natural killer cell,6,natural killer cell
AATGATACACCAAC-1,"CD8-positive, alpha-beta T cell","CD8-positive, alpha-beta T cell",natural killer cell,natural killer cell,"CD8-positive, alpha-beta T cell",natural killer cell,"CD8-positive, alpha-beta T cell",3,"CD8-positive, alpha-beta T cell",3,lymphocyte
AATGATACGGTCAT-1,macrophage,myeloid dendritic cell,monocyte,mature NK T cell,monocyte,monocyte,monocyte,3,monocyte,3,myeloid leukocyte
AATGCGTGACACCA-1,B cell,B cell,B cell,myeloid dendritic cell,B cell,B cell,B cell,5,B cell,5,B cell
AATGCGTGGACGGA-1,macrophage,myeloid dendritic cell,non-classical monocyte,monocyte,myeloid dendritic cell,myeloid dendritic cell,myeloid dendritic cell,3,myeloid dendritic cell,3,professional antigen presenting cell
AATGCGTGGCTATG-1,B cell,B cell,B cell,B cell,B cell,B cell,B cell,6,B cell,6,B cell
AATGGAGAATCGTG-1,monocyte,monocyte,classical monocyte,monocyte,monocyte,classical monocyte,monocyte,4,monocyte,4,monocyte
AATGGAGATCCTTA-1,"CD4-positive, alpha-beta T cell","CD4-positive, alpha-beta T cell","CD8-positive, alpha-beta T cell","naive thymus-derived CD8-positive, alpha-beta T cell","CD8-positive, alpha-beta T cell","CD8-positive, alpha-beta T cell","CD8-positive, alpha-beta T cell",3,"CD8-positive, alpha-beta T cell",3,"CD8-positive, alpha-beta T cell"
AATGGCTGACACCA-1,B cell,B cell,B cell,B cell,B cell,B cell,B cell,6,B cell,6,B cell
AATGGCTGCGTGAT-1,"CD4-positive, alpha-beta T cell","CD4-positive, alpha-beta T cell","naive thymus-derived CD4-positive, alpha-beta T cell","naive thymus-derived CD4-positive, alpha-beta T cell","naive thymus-derived CD4-positive, alpha-beta T cell","CD4-positive, alpha-beta T cell","CD4-positive, alpha-beta T cell",4,"CD4-positive, alpha-beta T cell",3,"CD4-positive, alpha-beta T cell"
AATGGCTGTAAAGG-1,"CD8-positive, alpha-beta T cell","CD8-positive, alpha-beta T cell","CD8-positive, alpha-beta thymocyte","CD8-positive, alpha-beta T cell","CD8-positive, alpha-beta T cell","CD8-positive, alpha-beta T cell","CD8-positive, alpha-beta T cell",5,"CD8-positive, alpha-beta T cell",5,"CD8-positive, alpha-beta T cell"
AATGGCTGTACTCT-1,"CD8-positive, alpha-beta T cell","CD8-positive, alpha-beta T cell","CD8-positive, alpha-beta T cell","CD8-positive, alpha-beta T cell","CD8-positive, alpha-beta T cell","CD8-positive, alpha-beta T cell","CD8-positive, alpha-beta T cell",6,"CD8-positive, alpha-beta T cell",6,"CD8-positive, alpha-beta T cell"
AATGGCTGTGAAGA-1,"CD4-positive, alpha-beta T cell","CD4-positive, alpha-beta T cell",innate lymphoid cell,"CD4-positive, alpha-beta T cell","naive thymus-derived CD4-positive, alpha-beta T cell",innate lymphoid cell,"CD4-positive, alpha-beta T cell",4,"CD4-positive, alpha-beta T cell",3,"CD4-positive, alpha-beta T cell"
AATGTAACGGTGGA-1,"CD4-positive, alpha-beta T cell","CD4-positive, alpha-beta thymocyte","CD4-positive, alpha-beta thymocyte","CD4-positive, alpha-beta T cell","naive thymus-derived CD4-positive, alpha-beta T cell","CD4-positive, alpha-beta thymocyte","CD4-positive, alpha-beta T cell",3,"CD4-positive, alpha-beta thymocyte",3,alpha-beta T cell
AATGTCCTCTTCTA-1,"CD4-positive, alpha-beta T cell","CD4-positive, alpha-beta T cell",regulatory T cell,"CD4-positive, alpha-beta T cell","CD4-positive, alpha-beta T cell","CD4-positive, alpha-beta T cell","CD4-positive, alpha-beta T cell",5,"CD4-positive, alpha-beta T cell",5,"CD4-positive, alpha-beta T cell"
AATGTTGACAGTCA-1,"CD4-positive, alpha-beta T cell","CD4-positive, alpha-beta T cell","naive thymus-derived CD4-positive, alpha-beta T cell","CD4-positive, alpha-beta T cell","naive thymus-derived CD4-positive, alpha-beta T cell","naive thymus-derived CD4-positive, alpha-beta T cell","CD4-positive, alpha-beta T cell",4,"CD4-positive, alpha-beta T cell",3,"CD4-positive, alpha-beta T cell"
AATGTTGAGTTGAC-1,classical monocyte,monocyte,monocyte,monocyte,monocyte,monocyte,monocyte,5,monocyte,5,monocyte
AATGTTGATCTACT-1,"CD4-positive, alpha-beta T cell","CD4-positive, alpha-beta T cell","CD4-positive, alpha-beta T cell","CD4-positive, alpha-beta T cell","naive thymus-derived CD4-positive, alpha-beta T cell","CD4-positive, alpha-beta T cell","CD4-positive, alpha-beta T cell",6,"CD4-positive, alpha-beta T cell",5,"CD4-positive, alpha-beta T cell"
AATTACGAATTCCT-1,macrophage,myeloid dendritic cell,myeloid dendritic cell,myeloid dendritic cell,myeloid dendritic cell,myeloid dendritic cell,myeloid dendritic cell,5,myeloid dendritic cell,5,conventional dendritic cell
AATTACGACTTCTA-1,"CD4-positive, alpha-beta T cell","naive thymus-derived CD4-positive, alpha-beta T cell","CD8-positive, alpha-beta T cell","CD4-positive, alpha-beta T cell","naive thymus-derived CD4-positive, alpha-beta T cell",innate lymphoid cell,"CD4-positive, alpha-beta T cell",3,"CD4-positive, alpha-beta T cell",2,"CD4-positive, alpha-beta T cell"
AATTACGAGTGAGG-1,"CD4-positive, alpha-beta T cell","CD4-positive, alpha-beta T cell",T follicular helper cell,"CD4-positive, alpha-beta T cell","CD4-positive, alpha-beta T cell","CD4-positive, alpha-beta thymocyte","CD4-positive, alpha-beta T cell",4,"CD4-positive, alpha-beta T cell",4,"CD4-positive, alpha-beta T cell"
AATTACGATTGGCA-1,B cell,B cell,B cell,B cell,B cell,B cell,B cell,6,B cell,6,B cell
AATTCCTGCTCAGA-1,B cell,B cell,B cell,B cell,B cell,B cell,B cell,6,B cell,6,B cell
AATTGATGTCGCAA-1,macrophage,non-classical monocyte,non-classical monocyte,non-classical monocyte,non-classical monocyte,non-classical monocyte,non-classical monocyte,5,non-classical monocyte,5,non-classical monocyte
AATTGTGACTTGGA-1,B cell,B cell,B cell,B cell,B cell,B cell,B cell,6,B cell,6,B cell
ACAAAGGAGGGTGA-1,"CD4-positive, alpha-beta T cell","CD4-positive, alpha-beta thymocyte",innate lymphoid cell,"CD4-positive, alpha-beta T cell",innate lymphoid cell,innate lymphoid cell,innate lymphoid cell,3,innate lymphoid cell,3,lymphocyte
ACAAATTGATTCTC-1,macrophage,non-classical monocyte,monocyte,non-classical monocyte,non-classical monocyte,monocyte,non-classical monocyte,3,non-classical monocyte,3,monocyte
ACAAATTGCTCAGA-1,monocyte,classical monocyte,monocyte,myeloid dendritic cell,monocyte,monocyte,monocyte,4,monocyte,4,monocyte
ACAAATTGTTGCGA-1,"CD8-positive, alpha-beta T cell",natural killer cell,natural killer cell,"CD8-positive, alpha-beta T cell",natural killer cell,natural killer cell,natural killer cell,4,natural killer cell,4,natural killer cell
ACAACCGAGGGATG-1,natural killer cell,natural killer cell,natural killer cell,natural killer cell,natural killer cell,natural killer cell,natural killer cell,6,natural killer cell,6,natural killer cell
ACAACCGAGTTACG-1,T cell,"CD4-positive, alpha-beta T cell","CD4-positive, alpha-beta T cell","CD4-positive, alpha-beta T cell","CD4-positive, alpha-beta T cell","CD4-positive, alpha-beta T cell","CD4-positive, alpha-beta T cell",5,"CD4-positive, alpha-beta T cell",5,"CD4-positive, alpha-beta T cell"
ACAAGAGAAGTCGT-1,classical monocyte,myeloid dendritic cell,monocyte,myeloid dendritic cell,myeloid dendritic cell,monocyte,myeloid dendritic cell,3,myeloid dendritic cell,3,myeloid leukocyte
ACAAGAGACTTATC-1,"CD4-positive, alpha-beta T cell","CD4-positive, alpha-beta T cell",innate lymphoid cell,"CD8-positive, alpha-beta T cell",innate lymphoid cell,leukocyte,"CD4-positive, alpha-beta T cell",2,"CD4-positive, alpha-beta T cell",2,lymphocyte
ACAAGAGAGTTGAC-1,B cell,B cell,B cell,B cell,B cell,B cell,B cell,6,B cell,6,B cell
ACAATCCTAACCGT-1,"CD4-positive, alpha-beta T cell","CD4-positive, alpha-beta T cell","CD4-positive, alpha-beta T cell","naive thymus-derived CD4-positive, alpha-beta T cell","CD4-positive, alpha-beta T cell","CD4-positive, alpha-beta T cell","CD4-positive, alpha-beta T cell",5,"CD4-positive, alpha-beta T cell",5,"CD4-positive, alpha-beta T cell"
ACAATCCTTAGCGT-1,B cell,B cell,B cell,B cell,B cell,B cell,B cell,6,B cell,6,B cell
ACAATTGACTGACA-1,"CD8-positive, alpha-beta T cell","CD8-positive, alpha-beta T cell","naive thymus-derived CD8-positive, alpha-beta T cell","CD8-positive, alpha-beta T cell","CD8-positive, alpha-beta T cell","CD8-positive, alpha-beta T cell","CD8-positive, alpha-beta T cell",5,"CD8-positive, alpha-beta T cell",5,"CD8-positive, alpha-beta T cell"
ACAATTGATGACTG-1,natural killer cell,natural killer cell,natural killer cell,natural killer cell,natural killer cell,natural killer cell,natural killer cell,6,natural killer cell,6,natural killer cell
ACACAGACCATACG-1,"CD8-positive, alpha-beta T cell","CD8-positive, alpha-beta T cell","CD8-positive, alpha-beta T cell","CD8-positive, alpha-beta T cell","CD8-positive, alpha-beta T cell","CD8-positive, alpha-beta T cell","CD8-positive, alpha-beta T cell",6,"CD8-positive, alpha-beta T cell",6,"CD8-positive, alpha-beta T cell"
ACACCAGAGGGCAA-1,"CD8-positive, alpha-beta T cell","CD8-positive, alpha-beta T cell","CD8-positive, alpha-beta T cell","CD8-positive, alpha-beta T cell","CD8-positive, alpha-beta T cell","CD8-positive, alpha-beta T cell","CD8-positive, alpha-beta T cell",6,"CD8-positive, alpha-beta T cell",6,"CD8-positive, alpha-beta T cell"
ACACCCTGGTGTTG-1,natural killer cell,natural killer cell,natural killer cell,natural killer cell,natural killer cell,natural killer cell,natural killer cell,6,natural killer cell,6,natural killer cell
ACACGAACAGTTCG-1,"CD4-positive, alpha-beta T cell","CD4-positive, alpha-beta T cell","CD8-positive, alpha-beta T cell","CD8-positive, alpha-beta T cell","CD8-positive, alpha-beta T cell","CD8-positive, alpha-beta T cell","CD8-positive, alpha-beta T cell",4,"CD8-positive, alpha-beta T cell",4,"CD8-positive, alpha-beta T cell"
ACACGATGACGCAT-1,"CD4-positive, alpha-beta T cell","CD8-positive, alpha-beta T cell","CD8-positive, alpha-beta T cell","CD8-positive, alpha-beta T cell","CD8-positive, alpha-beta T cell","CD8-positive, alpha-beta T cell","CD8-positive, alpha-beta T cell",5,"CD8-positive, alpha-beta T cell",5,"CD8-positive, alpha-beta T cell"
ACACGATGATGTGC-1,classical monocyte,monocyte,monocyte,plasmacytoid dendritic cell,monocyte,monocyte,monocyte,4,monocyte,4,monocyte
ACACGATGTCGTAG-1,"CD8-positive, alpha-beta T cell","CD8-positive, alpha-beta T cell","CD8-positive, alpha-beta T cell","CD8-positive, alpha-beta T cell","CD8-positive, alpha-beta T cell","CD8-positive, alpha-beta T cell","CD8-positive, alpha-beta T cell",6,"CD8-positive, alpha-beta T cell",6,"CD8-positive, alpha-beta T cell"
ACACGATGTGGTCA-1,"CD8-positive, alpha-beta T cell","CD8-positive, alpha-beta T cell","CD8-positive, alpha-beta T cell","CD8-positive, alpha-beta T cell","CD8-positive, alpha-beta T cell","CD8-positive, alpha-beta T cell","CD8-positive, alpha-beta T cell",6,"CD8-positive, alpha-beta T cell",6,"CD8-positive, alpha-beta T cell"
ACAGACACGGCATT-1,"CD8-positive, alpha-beta T cell","CD8-positive, alpha-beta T cell","naive thymus-derived CD8-positive, alpha-beta T cell","CD8-positive, alpha-beta T cell","CD8-positive, alpha-beta T cell","CD8-positive, alpha-beta thymocyte","CD8-positive, alpha-beta T cell",4,"CD8-positive, alpha-beta T cell",4,"CD8-positive, alpha-beta T cell"
ACAGACACGTTGTG-1,regulatory T cell,"CD4-positive, alpha-beta thymocyte","CD4-positive, alpha-beta T cell","naive thymus-derived CD4-positive, alpha-beta T cell","CD4-positive, alpha-beta T cell","CD4-positive, alpha-beta T cell","CD4-positive, alpha-beta T cell",3,"CD4-positive, alpha-beta T cell",3,"CD4-positive, alpha-beta T cell"
ACAGCAACACCTAG-1,classical monocyte,myeloid dendritic cell,monocyte,granulocyte,monocyte,monocyte,monocyte,3,monocyte,3,monocyte
ACAGCAACCTCAAG-1,intermediate monocyte,non-classical monocyte,non-classical monocyte,non-classical monocyte,non-classical monocyte,non-classical monocyte,non-classical monocyte,5,non-classical monocyte,5,non-classical monocyte
ACAGGTACCCCACT-1,regulatory T cell,"CD4-positive, alpha-beta thymocyte",innate lymphoid cell,"CD4-positive, alpha-beta T cell",innate lymphoid cell,innate lymphoid cell,innate lymphoid cell,3,innate lymphoid cell,3,lymphocyte
ACAGGTACGCTGTA-1,"CD8-positive, alpha-beta T cell","CD8-positive, alpha-beta T cell","CD8-positive, alpha-beta thymocyte","CD8-positive, alpha-beta T cell","CD8-positive, alpha-beta T cell","CD8-positive, alpha-beta thymocyte","CD8-positive, alpha-beta T cell",4,"CD8-positive, alpha-beta T cell",4,"CD8-positive, alpha-beta T cell"
ACAGGTACTGGTGT-1,natural killer cell,natural killer cell,natural killer cell,natural killer cell,natural killer cell,natural killer cell,natural killer cell,6,natural killer cell,6,natural killer cell
ACAGTCGACCCAAA-1,"CD4-positive, alpha-beta T cell","CD4-positive, alpha-beta T cell",serous cell of epithelium of trachea,myeloid dendritic cell,"CD8-positive, alpha-beta T cell","CD4-positive, alpha-beta T cell","CD4-positive, alpha-beta T cell",3,"CD4-positive, alpha-beta T cell",3,mature alpha-beta T cell
ACAGTCGACCGATA-1,"CD8-positive, alpha-beta T cell","CD8-positive, alpha-beta T cell","CD8-positive, alpha-beta T cell","CD8-positive, alpha-beta T cell","CD8-positive, alpha-beta T cell","CD8-positive, alpha-beta T cell","CD8-positive, alpha-beta T cell",6,"CD8-positive, alpha-beta T cell",6,"CD8-positive, alpha-beta T cell"
ACAGTGACTCACCC-1,"CD4-positive, alpha-beta T cell","CD8-positive, alpha-beta T cell","CD8-positive, alpha-beta T cell","CD4-positive, alpha-beta T cell","CD8-positive, alpha-beta T cell","CD8-positive, alpha-beta T cell","CD8-positive, alpha-beta T cell",4,"CD8-positive, alpha-beta T cell",4,"CD8-positive, alpha-beta T cell"
ACAGTGACTCTATC-1,"CD8-positive, alpha-beta T cell","CD8-positive, alpha-beta T cell","naive thymus-derived CD4-positive, alpha-beta T cell","CD8-positive, alpha-beta T cell","CD8-positive, alpha-beta T cell","naive thymus-derived CD4-positive, alpha-beta T cell","CD8-positive, alpha-beta T cell",4,"CD8-positive, alpha-beta T cell",4,"CD8-positive, alpha-beta T cell"
ACAGTGTGGTCACA-1,"CD4-positive, alpha-beta T cell","CD4-positive, alpha-beta T cell",innate lymphoid cell,non-classical monocyte,"CD4-positive, alpha-beta T cell","CD4-positive, alpha-beta T cell","CD4-positive, alpha-beta T cell",4,"CD4-positive, alpha-beta T cell",4,"CD4-positive, alpha-beta T cell"
ACAGTGTGTTGCGA-1,monocyte,monocyte,monocyte,mononuclear phagocyte,monocyte,monocyte,monocyte,5,monocyte,5,monocyte
ACATCACTCTACTT-1,classical monocyte,monocyte,basophil,intermediate monocyte,monocyte,classical monocyte,classical monocyte,2,classical monocyte,2,monocyte
ACATGGTGAAGCCT-1,"CD4-positive, alpha-beta T cell","CD4-positive, alpha-beta T cell","CD8-positive, alpha-beta T cell",thymocyte,"naive thymus-derived CD4-positive, alpha-beta T cell","CD8-positive, alpha-beta T cell","CD4-positive, alpha-beta T cell",3,"CD4-positive, alpha-beta T cell",2,mature alpha-beta T cell
ACATGGTGCGAGTT-1,"CD4-positive, alpha-beta T cell",myeloid dendritic cell,mature NK T cell,mature NK T cell,innate lymphoid cell,innate lymphoid cell,mature NK T cell,2,innate lymphoid cell,2,lymphocyte
ACATTCTGGCATAC-1,"CD4-positive, alpha-beta T cell","CD4-positive, alpha-beta T cell",innate lymphoid cell,"CD4-positive, alpha-beta T cell","naive thymus-derived CD4-positive, alpha-beta T cell",innate lymphoid cell,"CD4-positive, alpha-beta T cell",4,"CD4-positive, alpha-beta T cell",3,"CD4-positive, alpha-beta T cell"
ACCAACGACATGCA-1,"CD4-positive, alpha-beta T cell","CD4-positive, alpha-beta thymocyte","CD8-positive, alpha-beta T cell",innate lymphoid cell,innate lymphoid cell,"CD8-positive, alpha-beta T cell","CD8-positive, alpha-beta T cell",2,"CD8-positive, alpha-beta T cell",2,alpha-beta T cell
ACCACAGAAAGTAG-1,"CD4-positive, alpha-beta T cell","CD4-positive, alpha-beta T cell",innate lymphoid cell,T cell,innate lymphoid cell,innate lymphoid cell,innate lymphoid cell,3,innate lymphoid cell,3,lymphocyte
ACCACAGAGTTGGT-1,"CD4-positive, alpha-beta T cell","naive thymus-derived CD4-positive, alpha-beta T cell","naive thymus-derived CD4-positive, alpha-beta T cell","naive thymus-derived CD4-positive, alpha-beta T cell","naive thymus-derived CD4-positive, alpha-beta T cell",innate lymphoid cell,"naive thymus-derived CD4-positive, alpha-beta T cell",4,"naive thymus-derived CD4-positive, alpha-beta T cell",4,"naive thymus-derived CD4-positive, alpha-beta T cell"
ACCACCTGTGTGCA-1,"CD4-positive, alpha-beta T cell","CD4-positive, alpha-beta T cell",innate lymphoid cell,innate lymphoid cell,innate lymphoid cell,innate lymphoid cell,innate lymphoid cell,4,innate lymphoid cell,4,innate lymphoid cell
ACCACGCTACAGCT-1,"CD4-positive, alpha-beta T cell","CD4-positive, alpha-beta T cell","CD8-positive, alpha-beta thymocyte",innate lymphoid cell,"naive thymus-derived CD4-positive, alpha-beta T cell","CD4-positive, alpha-beta T cell","CD4-positive, alpha-beta T cell",4,"CD4-positive, alpha-beta T cell",3,"CD4-positive, alpha-beta T cell"
ACCACGCTACCCAA-1,"CD8-positive, alpha-beta T cell","CD8-positive, alpha-beta T cell","CD8-positive, alpha-beta T cell","CD8-positive, alpha-beta T cell","CD8-positive, alpha-beta T cell","CD8-positive, alpha-beta T cell","CD8-positive, alpha-beta T cell",6,"CD8-positive, alpha-beta T cell",6,"CD8-positive, alpha-beta T cell"
ACCACGCTGCGAGA-1,"CD4-positive, alpha-beta T cell","CD4-positive, alpha-beta T cell","CD8-positive, alpha-beta thymocyte","CD8-positive, alpha-beta T cell","CD8-positive, alpha-beta T cell","CD8-positive, alpha-beta thymocyte","CD4-positive, alpha-beta T cell",2,"CD4-positive, alpha-beta T cell",2,mature alpha-beta T cell
ACCACGCTGCTGTA-1,"CD4-positive, alpha-beta T cell","CD4-positive, alpha-beta T cell",innate lymphoid cell,innate lymphoid cell,innate lymphoid cell,innate lymphoid cell,innate lymphoid cell,4,innate lymphoid cell,4,innate lymphoid cell
ACCAGCCTGACAGG-1,"CD4-positive, alpha-beta T cell","CD4-positive, alpha-beta T cell","CD4-positive, alpha-beta T cell","CD4-positive, alpha-beta T cell","naive thymus-derived CD4-positive, alpha-beta T cell","CD4-positive, alpha-beta T cell","CD4-positive, alpha-beta T cell",6,"CD4-positive, alpha-beta T cell",5,"CD4-positive, alpha-beta T cell"
ACCAGTGAACGGTT-1,B cell,B cell,B cell,B cell,B cell,B cell,B cell,6,B cell,6,B cell
ACCAGTGAATACCG-1,macrophage,non-classical monocyte,non-classical monocyte,non-classical monocyte,non-classical monocyte,non-classical monocyte,non-classical monocyte,5,non-classical monocyte,5,non-classical monocyte
ACCAGTGAGGGATG-1,"CD4-positive, alpha-beta T cell","CD8-positive, alpha-beta thymocyte","naive thymus-derived CD8-positive, alpha-beta T cell","CD4-positive, alpha-beta T cell","naive thymus-derived CD8-positive, alpha-beta T cell","naive thymus-derived CD8-positive, alpha-beta T cell","naive thymus-derived CD8-positive, alpha-beta T cell",3,"naive thymus-derived CD8-positive, alpha-beta T cell",3,mature alpha-beta T cell
ACCAGTGATGACTG-1,monocyte,monocyte,"CD4-positive, alpha-beta T cell",myeloid dendritic cell,myeloid dendritic cell,monocyte,monocyte,3,monocyte,3,myeloid leukocyte
ACCATTACCTTCTA-1,"CD4-positive, alpha-beta T cell","naive thymus-derived CD4-positive, alpha-beta T cell","naive thymus-derived CD4-positive, alpha-beta T cell","CD4-positive, alpha-beta T cell","naive thymus-derived CD4-positive, alpha-beta T cell","naive thymus-derived CD4-positive, alpha-beta T cell","naive thymus-derived CD4-positive, alpha-beta T cell",4,"naive thymus-derived CD4-positive, alpha-beta T cell",4,"naive thymus-derived CD4-positive, alpha-beta T cell"
ACCATTACGAGATA-1,"CD4-positive, alpha-beta T cell",regulatory T cell,regulatory T cell,regulatory T cell,regulatory T cell,regulatory T cell,regulatory T cell,5,regulatory T cell,5,regulatory T cell
ACCATTTGTCATTC-1,"CD4-positive, alpha-beta T cell","CD4-positive, alpha-beta T cell",non-classical monocyte,"CD4-positive, alpha-beta T cell","naive thymus-derived CD4-positive, alpha-beta T cell",non-classical monocyte,"CD4-positive, alpha-beta T cell",4,"CD4-positive, alpha-beta T cell",3,"CD4-positive, alpha-beta T cell"
ACCCAAGAACTGTG-1,"CD8-positive, alpha-beta T cell","CD8-positive, alpha-beta T cell","CD8-positive, alpha-beta T cell","CD8-positive, alpha-beta T cell","CD8-positive, alpha-beta T cell","CD8-positive, alpha-beta T cell","CD8-positive, alpha-beta T cell",6,"CD8-positive, alpha-beta T cell",6,"CD8-positive, alpha-beta T cell"
ACCCAAGAATTCCT-1,macrophage,non-classical monocyte,non-classical monocyte,non-classical monocyte,non-classical monocyte,non-classical monocyte,non-classical monocyte,5,non-classical monocyte,5,non-classical monocyte
ACCCAAGAGGACAG-1,"CD4-positive, alpha-beta T cell","CD4-positive, alpha-beta T cell","CD4-positive, alpha-beta T cell","CD4-positive, alpha-beta T cell",innate lymphoid cell,"CD4-positive, alpha-beta T cell","CD4-positive, alpha-beta T cell",5,"CD4-positive, alpha-beta T cell",5,"CD4-positive, alpha-beta T cell"
ACCCAAGATTCACT-1,B cell,B cell,B cell,B cell,B cell,B cell,B cell,6,B cell,6,B cell
ACCCACTGCGCCTT-1,classical monocyte,myeloid dendritic cell,hematopoietic stem cell,granulocyte,classical monocyte,classical monocyte,classical monocyte,3,classical monocyte,3,myeloid leukocyte
ACCCACTGGACAGG-1,"CD4-positive, alpha-beta T cell","CD4-positive, alpha-beta thymocyte",innate lymphoid cell,innate lymphoid cell,innate lymphoid cell,innate lymphoid cell,innate lymphoid cell,4,innate lymphoid cell,4,innate lymphoid cell
ACCCACTGGTTCAG-1,platelet,platelet,platelet,platelet,platelet,platelet,platelet,6,platelet,6,serotonin secreting cell
ACCCACTGTCGTAG-1,macrophage,monocyte,basophil,monocyte,monocyte,classical monocyte,monocyte,3,monocyte,3,monocyte
ACCCAGCTCAGAAA-1,"CD4-positive, alpha-beta T cell","CD4-positive, alpha-beta T cell","naive thymus-derived CD4-positive, alpha-beta T cell","naive thymus-derived CD4-positive, alpha-beta T cell","naive thymus-derived CD4-positive, alpha-beta T cell","naive thymus-derived CD4-positive, alpha-beta T cell","naive thymus-derived CD4-positive, alpha-beta T cell",4,"naive thymus-derived CD4-positive, alpha-beta T cell",4,"naive thymus-derived CD4-positive, alpha-beta T cell"
ACCCAGCTTGCTTT-1,"CD4-positive, alpha-beta T cell","naive thymus-derived CD4-positive, alpha-beta T cell","CD8-positive, alpha-beta thymocyte","CD4-positive, alpha-beta T cell","naive thymus-derived CD4-positive, alpha-beta T cell","naive thymus-derived CD4-positive, alpha-beta T cell","CD4-positive, alpha-beta T cell",3,"naive thymus-derived CD4-positive, alpha-beta T cell",3,"CD4-positive, alpha-beta T cell"
ACCCGTTGATGACC-1,B cell,B cell,B cell,B cell,B cell,B cell,B cell,6,B cell,6,B cell
ACCCGTTGCTGCAA-1,"CD4-positive, alpha-beta T cell","naive thymus-derived CD4-positive, alpha-beta T cell",innate lymphoid cell,"naive thymus-derived CD8-positive, alpha-beta T cell",innate lymphoid cell,innate lymphoid cell,innate lymphoid cell,3,innate lymphoid cell,3,lymphocyte
ACCCTCGACCTATT-1,"CD4-positive, alpha-beta T cell","CD8-positive, alpha-beta T cell","CD8-positive, alpha-beta T cell","CD8-positive, alpha-beta T cell","CD8-positive, alpha-beta T cell","CD8-positive, alpha-beta T cell","CD8-positive, alpha-beta T cell",5,"CD8-positive, alpha-beta T cell",5,"CD8-positive, alpha-beta T cell"
ACCCTCGACGGTAT-1,B cell,B cell,B cell,B cell,B cell,B cell,B cell,6,B cell,6,B cell
ACCCTCGATAAGGA-1,macrophage,myeloid dendritic cell,plasmacytoid dendritic cell,myeloid dendritic cell,myeloid dendritic cell,monocyte,myeloid dendritic cell,3,myeloid dendritic cell,3,dendritic cell
ACCCTCGATCAAGC-1,macrophage,myeloid dendritic cell,classical monocyte,leukocyte,non-classical monocyte,monocyte,monocyte,2,classical monocyte,1,myeloid leukocyte
ACCGTGCTACCAGT-1,"CD4-positive, alpha-beta T cell",regulatory T cell,mature NK T cell,"CD4-positive, alpha-beta T cell","CD4-positive, alpha-beta T cell","CD4-positive, alpha-beta T cell","CD4-positive, alpha-beta T cell",4,"CD4-positive, alpha-beta T cell",4,"CD4-positive, alpha-beta T cell"
ACCGTGCTGGAACG-1,B cell,B cell,B cell,B cell,B cell,B cell,B cell,6,B cell,6,B cell
ACCTATTGCTGAGT-1,B cell,B cell,B cell,B cell,B cell,B cell,B cell,6,B cell,6,B cell
ACCTATTGTGCCCT-1,macrophage,myeloid dendritic cell,erythrocyte,non-classical monocyte,non-classical monocyte,non-classical monocyte,non-classical monocyte,3,non-classical monocyte,3,myeloid leukocyte
ACCTCCGAGTCCTC-1,"CD4-positive, alpha-beta T cell","CD4-positive, alpha-beta T cell",melanocyte,"CD4-positive, alpha-beta T cell","CD8-positive, alpha-beta T cell",T cell,"CD4-positive, alpha-beta T cell",3,"CD4-positive, alpha-beta T cell",3,mature alpha-beta T cell
ACCTCCGATATGCG-1,"CD4-positive, alpha-beta T cell","naive thymus-derived CD4-positive, alpha-beta T cell","CD4-positive, alpha-beta T cell","CD4-positive, alpha-beta T cell","naive thymus-derived CD4-positive, alpha-beta T cell","CD4-positive, alpha-beta T cell","CD4-positive, alpha-beta T cell",5,"CD4-positive, alpha-beta T cell",4,"CD4-positive, alpha-beta T cell"
ACCTCCGATGCTGA-1,"CD4-positive, alpha-beta T cell","CD4-positive, alpha-beta T cell",melanocyte,"CD4-positive, alpha-beta T cell",innate lymphoid cell,leukocyte,"CD4-positive, alpha-beta T cell",3,"CD4-positive, alpha-beta T cell",3,lymphocyte
ACCTCGTGAACCAC-1,"CD4-positive, alpha-beta T cell","CD8-positive, alpha-beta T cell","CD4-positive, alpha-beta T cell","CD8-positive, alpha-beta T cell","CD8-positive, alpha-beta T cell","CD8-positive, alpha-beta T cell","CD8-positive, alpha-beta T cell",4,"CD8-positive, alpha-beta T cell",4,"CD8-positive, alpha-beta T cell"
ACCTGAGATATCGG-1,monocyte,non-classical monocyte,macrophage,myeloid dendritic cell,myeloid dendritic cell,classical monocyte,myeloid dendritic cell,2,myeloid dendritic cell,2,myeloid leukocyte
ACCTGGCTAAGTAG-1,natural killer cell,natural killer cell,natural killer cell,natural killer cell,natural killer cell,natural killer cell,natural killer cell,6,natural killer cell,6,natural killer cell
ACCTTTGACTCCCA-1,classical monocyte,monocyte,monocyte,monocyte,monocyte,monocyte,monocyte,5,monocyte,5,monocyte
ACCTTTGAGGAACG-1,monocyte,myeloid dendritic cell,classical monocyte,monocyte,monocyte,classical monocyte,monocyte,3,monocyte,3,monocyte
ACCTTTGAGGAAGC-1,macrophage,myeloid dendritic cell,non-classical monocyte,non-classical monocyte,non-classical monocyte,non-classical monocyte,non-classical monocyte,4,non-classical monocyte,4,non-classical monocyte
ACGAACACCTTGTT-1,"CD8-positive, alpha-beta T cell",natural killer cell,natural killer cell,mature NK T cell,natural killer cell,natural killer cell,natural killer cell,4,natural killer cell,4,natural killer cell
ACGAACTGGCTATG-1,platelet,platelet,non-classical monocyte,non-classical monocyte,non-classical monocyte,platelet,non-classical monocyte,3,non-classical monocyte,3,myeloid cell
ACGAAGCTCTCCAC-1,"CD4-positive, alpha-beta T cell","naive thymus-derived CD4-positive, alpha-beta T cell",enterocyte of epithelium proper of small intestine,innate lymphoid cell,innate lymphoid cell,innate lymphoid cell,innate lymphoid cell,3,innate lymphoid cell,3,lymphocyte
ACGAAGCTCTGAGT-1,B cell,B cell,B cell,B cell,B cell,B cell,B cell,6,B cell,6,B cell
ACGACCCTATCTCT-1,macrophage,myeloid dendritic cell,non-classical monocyte,non-classical monocyte,myeloid dendritic cell,non-classical monocyte,non-classical monocyte,3,non-classical monocyte,3,myeloid leukocyte
ACGACCCTGATGAA-1,"CD4-positive, alpha-beta T cell","CD4-positive, alpha-beta T cell","CD8-positive, alpha-beta thymocyte","CD8-positive, alpha-beta thymocyte","CD8-positive, alpha-beta T cell","CD8-positive, alpha-beta T cell","CD4-positive, alpha-beta T cell",2,"CD4-positive, alpha-beta T cell",2,mature alpha-beta T cell
ACGACCCTTGACAC-1,B cell,B cell,B cell,B cell,B cell,B cell,B cell,6,B cell,6,B cell
ACGACCCTTGACCA-1,"CD4-positive, alpha-beta T cell","CD4-positive, alpha-beta T cell","CD8-positive, alpha-beta thymocyte","naive thymus-derived CD4-positive, alpha-beta T cell",innate lymphoid cell,innate lymphoid cell,"CD4-positive, alpha-beta T cell",2,"CD4-positive, alpha-beta T cell",2,alpha-beta T cell
ACGAGGGACAGGAG-1,monocyte,myeloid dendritic cell,myeloid dendritic cell,myeloid dendritic cell,myeloid dendritic cell,myeloid dendritic cell,myeloid dendritic cell,5,myeloid dendritic cell,5,conventional dendritic cell
ACGAGGGACGAACT-1,"CD4-positive, alpha-beta T cell","naive thymus-derived CD4-positive, alpha-beta T cell",innate lymphoid cell,innate lymphoid cell,"naive thymus-derived CD4-positive, alpha-beta T cell","naive thymus-derived CD4-positive, alpha-beta T cell","naive thymus-derived CD4-positive, alpha-beta T cell",3,"naive thymus-derived CD4-positive, alpha-beta T cell",3,"CD4-positive, alpha-beta T cell"
ACGAGGGATGTAGC-1,"CD4-positive, alpha-beta T cell","CD4-positive, alpha-beta T cell","naive thymus-derived CD4-positive, alpha-beta T cell","CD4-positive, alpha-beta T cell","naive thymus-derived CD4-positive, alpha-beta T cell","CD4-positive, alpha-beta T cell","CD4-positive, alpha-beta T cell",5,"CD4-positive, alpha-beta T cell",4,"CD4-positive, alpha-beta T cell"
ACGAGTACCCTAAG-1,B cell,B cell,B cell,plasmacytoid dendritic cell,B cell,B cell,B cell,5,B cell,5,B cell
ACGATCGAGGACTT-1,natural killer cell,natural killer cell,mature NK T cell,natural killer cell,mature NK T cell,innate lymphoid cell,natural killer cell,3,natural killer cell,3,innate lymphoid cell
ACGATCGAGTCACA-1,classical monocyte,monocyte,monocyte,monocyte,monocyte,monocyte,monocyte,5,monocyte,5,monocyte
ACGATGACAATGCC-1,"CD4-positive, alpha-beta T cell","CD4-positive, alpha-beta T cell","CD8-positive, alpha-beta thymocyte","CD4-positive, alpha-beta T cell",innate lymphoid cell,innate lymphoid cell,"CD4-positive, alpha-beta T cell",3,"CD4-positive, alpha-beta T cell",3,alpha-beta T cell
ACGATGACTGGTCA-1,"CD4-positive, alpha-beta T cell",T follicular helper cell,endothelial cell,"CD4-positive, alpha-beta thymocyte","naive thymus-derived CD4-positive, alpha-beta T cell","naive thymus-derived CD4-positive, alpha-beta T cell","CD4-positive, alpha-beta T cell",2,"naive thymus-derived CD4-positive, alpha-beta T cell",2,"CD4-positive, alpha-beta T cell"
ACGATTCTACGGGA-1,"CD8-positive, alpha-beta T cell","CD8-positive, alpha-beta T cell","CD8-positive, alpha-beta thymocyte","CD8-positive, alpha-beta T cell","CD8-positive, alpha-beta T cell","CD8-positive, alpha-beta T cell","CD8-positive, alpha-beta T cell",5,"CD8-positive, alpha-beta T cell",5,"CD8-positive, alpha-beta T cell"
ACGCAATGGTTCAG-1,natural killer cell,natural killer cell,natural killer cell,natural killer cell,natural killer cell,natural killer cell,natural killer cell,6,natural killer cell,6,natural killer cell
ACGCACCTGTTAGC-1,B cell,B cell,B cell,B cell,B cell,B cell,B cell,6,B cell,6,B cell
ACGCCACTGAACTC-1,macrophage,myeloid dendritic cell,intestinal crypt stem cell of small intestine,monocyte,non-classical monocyte,monocyte,monocyte,3,monocyte,2,myeloid leukocyte
ACGCCGGAAACCAC-1,classical monocyte,monocyte,classical monocyte,monocyte,classical monocyte,classical monocyte,classical monocyte,4,classical monocyte,4,classical monocyte
ACGCCGGAAAGCCT-1,"CD4-positive, alpha-beta T cell","CD4-positive, alpha-beta T cell",T follicular helper cell,"CD4-positive, alpha-beta thymocyte","naive thymus-derived CD4-positive, alpha-beta T cell",innate lymphoid cell,"CD4-positive, alpha-beta T cell",3,"CD4-positive, alpha-beta T cell",2,"CD4-positive, alpha-beta T cell"
ACGCCGGAAATGCC-1,"CD4-positive, alpha-beta T cell","CD4-positive, alpha-beta T cell","naive thymus-derived CD4-positive, alpha-beta T cell","naive thymus-derived CD4-positive, alpha-beta T cell","CD4-positive, alpha-beta T cell","CD4-positive, alpha-beta T cell","CD4-positive, alpha-beta T cell",4,"CD4-positive, alpha-beta T cell",4,"CD4-positive, alpha-beta T cell"
ACGCCTTGCTCCCA-1,intermediate monocyte,non-classical monocyte,non-classical monocyte,non-classical monocyte,non-classical monocyte,non-classical monocyte,non-classical monocyte,5,non-classical monocyte,5,non-classical monocyte
ACGCGGTGGCGAGA-1,"CD4-positive, alpha-beta T cell","naive thymus-derived CD4-positive, alpha-beta T cell","naive thymus-derived CD4-positive, alpha-beta T cell","naive thymus-derived CD4-positive, alpha-beta T cell","naive thymus-derived CD4-positive, alpha-beta T cell","naive thymus-derived CD4-positive, alpha-beta T cell","naive thymus-derived CD4-positive, alpha-beta T cell",5,"naive thymus-derived CD4-positive, alpha-beta T cell",5,"naive thymus-derived CD4-positive, alpha-beta T cell"
ACGCGGTGTGTGGT-1,B cell,B cell,B cell,B cell,B cell,B cell,B cell,6,B cell,6,B cell
ACGCGGTGTTTGCT-1,"CD8-positive, alpha-beta T cell","CD8-positive, alpha-beta T cell","CD8-positive, alpha-beta thymocyte","CD8-positive, alpha-beta T cell","CD8-positive, alpha-beta T cell","CD8-positive, alpha-beta thymocyte","CD8-positive, alpha-beta T cell",4,"CD8-positive, alpha-beta T cell",4,"CD8-positive, alpha-beta T cell"
ACGCTCACAGTACC-1,"CD4-positive, alpha-beta T cell","CD4-positive, alpha-beta thymocyte","CD8-positive, alpha-beta thymocyte","CD4-positive, alpha-beta T cell",innate lymphoid cell,"naive thymus-derived CD4-positive, alpha-beta T cell","CD4-positive, alpha-beta T cell",2,"CD4-positive, alpha-beta T cell",2,alpha-beta T cell
ACGCTCACCCTTGC-1,"CD4-positive, alpha-beta T cell","naive thymus-derived CD4-positive, alpha-beta T cell","CD4-positive, alpha-beta T cell","CD4-positive, alpha-beta T cell","naive thymus-derived CD4-positive, alpha-beta T cell","CD4-positive, alpha-beta T cell","CD4-positive, alpha-beta T cell",5,"CD4-positive, alpha-beta T cell",4,"CD4-positive, alpha-beta T cell"
ACGCTGCTGTTCTT-1,natural killer cell,natural killer cell,natural killer cell,natural killer cell,natural killer cell,natural killer cell,natural killer cell,6,natural killer cell,6,natural killer cell
ACGGAACTCAGATC-1,"CD8-positive, alpha-beta T cell",natural killer cell,natural killer cell,natural killer cell,natural killer cell,natural killer cell,natural killer cell,5,natural killer cell,5,natural killer cell
ACGGAACTGTCGTA-1,macrophage,non-classical monocyte,non-classical monocyte,non-classical monocyte,non-classical monocyte,non-classical monocyte,non-classical monocyte,5,non-classical monocyte,5,non-classical monocyte
ACGGAGGACTCTTA-1,classical monocyte,monocyte,monocyte,classical monocyte,classical monocyte,monocyte,monocyte,4,classical monocyte,3,monocyte
ACGGATTGGGAGGT-1,B cell,B cell,B cell,B cell,B cell,innate lymphoid cell,B cell,5,B cell,5,B cell
ACGGATTGGTTAGC-1,"CD4-positive, alpha-beta T cell","CD4-positive, alpha-beta T cell",stromal cell,innate lymphoid cell,"naive thymus-derived CD4-positive, alpha-beta T cell","naive thymus-derived CD4-positive, alpha-beta T cell","CD4-positive, alpha-beta T cell",3,"CD4-positive, alpha-beta T cell",2,"CD4-positive, alpha-beta T cell"
ACGGCTCTGAGCAG-1,"CD4-positive, alpha-beta T cell","CD4-positive, alpha-beta T cell","CD8-positive, alpha-beta thymocyte","CD4-positive, alpha-beta T cell",innate lymphoid cell,thymocyte,"CD4-positive, alpha-beta T cell",3,"CD4-positive, alpha-beta T cell",3,alpha-beta T cell
ACGGCTCTTGCACA-1,"CD4-positive, alpha-beta T cell","naive thymus-derived CD4-positive, alpha-beta T cell","CD8-positive, alpha-beta T cell","CD4-positive, alpha-beta T cell","CD4-positive, alpha-beta T cell","CD4-positive, alpha-beta T cell","CD4-positive, alpha-beta T cell",4,"CD4-positive, alpha-beta T cell",4,"CD4-positive, alpha-beta T cell"
ACGGTAACCGCTAA-1,"CD4-positive, alpha-beta T cell","CD4-positive, alpha-beta T cell",thymocyte,thymocyte,innate lymphoid cell,thymocyte,thymocyte,3,thymocyte,3,T cell
ACGGTAACCTTCGC-1,"CD8-positive, alpha-beta T cell","CD8-positive, alpha-beta T cell","naive thymus-derived CD8-positive, alpha-beta T cell","CD8-positive, alpha-beta T cell","CD8-positive, alpha-beta T cell","naive thymus-derived CD8-positive, alpha-beta T cell","CD8-positive, alpha-beta T cell",4,"CD8-positive, alpha-beta T cell",4,"CD8-positive, alpha-beta T cell"
ACGGTAACGGTGGA-1,"CD4-positive, alpha-beta T cell","naive thymus-derived CD4-positive, alpha-beta T cell",innate lymphoid cell,"CD4-positive, alpha-beta T cell",innate lymphoid cell,innate lymphoid cell,innate lymphoid cell,3,innate lymphoid cell,3,lymphocyte
ACGGTAACTCGCAA-1,"CD8-positive, alpha-beta T cell","CD8-positive, alpha-beta T cell",myeloid dendritic cell,"CD8-positive, alpha-beta T cell",myeloid dendritic cell,myeloid dendritic cell,"CD8-positive, alpha-beta T cell",3,"CD8-positive, alpha-beta T cell",3,mononuclear cell
ACGGTATGAGTCGT-1,classical monocyte,myeloid dendritic cell,monocyte,classical monocyte,monocyte,monocyte,monocyte,3,monocyte,3,monocyte
ACGGTATGGGTATC-1,B cell,B cell,B cell,B cell,B cell,B cell,B cell,6,B cell,6,B cell
ACGGTATGGTTGTG-1,B cell,B cell,B cell,B cell,B cell,B cell,B cell,6,B cell,6,B cell
ACGGTCCTAACGGG-1,regulatory T cell,"CD4-positive, alpha-beta thymocyte",monocyte,"naive thymus-derived CD8-positive, alpha-beta T cell",leukocyte,"CD8-positive, alpha-beta thymocyte","CD4-positive, alpha-beta thymocyte",1,"CD4-positive, alpha-beta thymocyte",1,T cell
ACGGTCCTCGGGAA-1,"CD4-positive, alpha-beta T cell","naive thymus-derived CD4-positive, alpha-beta T cell",monocyte,"CD4-positive, alpha-beta T cell",innate lymphoid cell,monocyte,"CD4-positive, alpha-beta T cell",2,"CD4-positive, alpha-beta T cell",2,lymphocyte
ACGTAGACAACCAC-1,"CD4-positive, alpha-beta T cell","CD4-positive, alpha-beta T cell","CD4-positive, alpha-beta T cell","CD4-positive, alpha-beta T cell",innate lymphoid cell,innate lymphoid cell,"CD4-positive, alpha-beta T cell",4,"CD4-positive, alpha-beta T cell",4,"CD4-positive, alpha-beta T cell"
ACGTAGACTACAGC-1,B cell,B cell,B cell,B cell,B cell,B cell,B cell,6,B cell,6,B cell
ACGTCAGAAACGAA-1,"CD4-positive, alpha-beta T cell","naive thymus-derived CD4-positive, alpha-beta T cell","CD4-positive, alpha-beta T cell","CD4-positive, alpha-beta T cell","CD4-positive, alpha-beta T cell","CD4-positive, alpha-beta T cell","CD4-positive, alpha-beta T cell",5,"CD4-positive, alpha-beta T cell",5,"CD4-positive, alpha-beta T cell"
ACGTCAGAGAGCTT-1,macrophage,myeloid dendritic cell,monocyte,monocyte,myeloid dendritic cell,monocyte,monocyte,3,monocyte,3,myeloid leukocyte
ACGTCAGAGGGATG-1,"CD4-positive, alpha-beta T cell","CD4-positive, alpha-beta T cell",serous cell of epithelium of trachea,"CD4-positive, alpha-beta T cell",innate lymphoid cell,innate lymphoid cell,"CD4-positive, alpha-beta T cell",3,"CD4-positive, alpha-beta T cell",3,lymphocyte
ACGTCCTGATAAGG-1,classical monocyte,monocyte,classical monocyte,myeloid dendritic cell,myeloid dendritic cell,classical monocyte,classical monocyte,3,classical monocyte,3,monocyte
ACGTCCTGTGAACC-1,classical monocyte,monocyte,classical monocyte,intermediate monocyte,myeloid dendritic cell,classical monocyte,classical monocyte,3,classical monocyte,3,monocyte
ACGTCGCTCCTGAA-1,"CD8-positive, alpha-beta T cell",mature NK T cell,natural killer cell,natural killer cell,natural killer cell,natural killer cell,natural killer cell,4,natural killer cell,4,natural killer cell
ACGTCGCTTCTCAT-1,B cell,B cell,B cell,B cell,B cell,B cell,B cell,6,B cell,6,B cell
ACGTGATGCCATGA-1,macrophage,myeloid dendritic cell,monocyte,myeloid dendritic cell,myeloid dendritic cell,myeloid dendritic cell,myeloid dendritic cell,4,myeloid dendritic cell,4,conventional dendritic cell
ACGTGATGGGTCTA-1,"CD4-positive, alpha-beta T cell","CD4-positive, alpha-beta T cell",plasma cell,"naive thymus-derived CD8-positive, alpha-beta T cell","naive thymus-derived CD4-positive, alpha-beta T cell","naive thymus-derived CD4-positive, alpha-beta T cell","CD4-positive, alpha-beta T cell",3,"CD4-positive, alpha-beta T cell",2,"CD4-positive, alpha-beta T cell"
ACGTGATGTAACCG-1,classical monocyte,non-classical monocyte,non-classical monocyte,non-classical monocyte,non-classical monocyte,non-classical monocyte,non-classical monocyte,5,non-classical monocyte,5,non-classical monocyte
ACGTGATGTGACAC-1,natural killer cell,natural killer cell,natural killer cell,natural killer cell,natural killer cell,natural killer cell,natural killer cell,6,natural killer cell,6,natural killer cell
ACGTGCCTCCGTAA-1,regulatory T cell,"CD4-positive, alpha-beta T cell",innate lymphoid cell,innate lymphoid cell,innate lymphoid cell,innate lymphoid cell,innate lymphoid cell,4,innate lymphoid cell,4,innate lymphoid cell
ACGTGCCTTCTATC-1,"CD8-positive, alpha-beta T cell","CD8-positive, alpha-beta T cell",myeloid dendritic cell,thymocyte,natural killer cell,"CD8-positive, alpha-beta T cell","CD8-positive, alpha-beta T cell",3,"CD8-positive, alpha-beta T cell",3,T cell
ACGTTACTTTCCAT-1,"CD4-positive, alpha-beta T cell","CD4-positive, alpha-beta T cell",stromal cell,innate lymphoid cell,innate lymphoid cell,"CD4-positive, alpha-beta T cell","CD4-positive, alpha-beta T cell",3,"CD4-positive, alpha-beta T cell",3,lymphocyte
ACGTTGGAAAAGCA-1,"CD4-positive, alpha-beta T cell","naive thymus-derived CD4-positive, alpha-beta T cell","CD8-positive, alpha-beta thymocyte","CD4-positive, alpha-beta T cell","CD8-positive, alpha-beta thymocyte","CD4-positive, alpha-beta T cell","CD4-positive, alpha-beta T cell",3,"CD4-positive, alpha-beta T cell",3,"CD4-positive, alpha-beta T cell"
ACGTTGGAAACCTG-1,"CD8-positive, alpha-beta T cell","CD8-positive, alpha-beta T cell","CD8-positive, alpha-beta thymocyte","CD8-positive, alpha-beta T cell","CD8-positive, alpha-beta T cell","CD8-positive, alpha-beta thymocyte","CD8-positive, alpha-beta T cell",4,"CD8-positive, alpha-beta T cell",4,"CD8-positive, alpha-beta T cell"
ACGTTGGACCGTAA-1,monocyte,myeloid dendritic cell,monocyte,monocyte,myeloid dendritic cell,monocyte,monocyte,4,monocyte,4,monocyte
ACGTTGGAGCCAAT-1,natural killer cell,natural killer cell,natural killer cell,natural killer cell,natural killer cell,natural killer cell,natural killer cell,6,natural killer cell,6,natural killer cell
ACGTTGGATATGGC-1,B cell,B cell,B cell,B cell,B cell,B cell,B cell,6,B cell,6,B cell
ACGTTGGATCAGGT-1,macrophage,myeloid dendritic cell,myeloid leukocyte,non-classical monocyte,non-classical monocyte,myeloid leukocyte,myeloid leukocyte,3,myeloid leukocyte,2,myeloid leukocyte
ACGTTTACATCAGC-1,"CD4-positive, alpha-beta T cell","CD4-positive, alpha-beta T cell",thymocyte,"CD4-positive, alpha-beta T cell",innate lymphoid cell,thymocyte,"CD4-positive, alpha-beta T cell",3,"CD4-positive, alpha-beta T cell",3,T cell
ACTAAAACCCACAA-1,"CD8-positive, alpha-beta T cell","CD8-positive, alpha-beta T cell",erythrocyte,natural killer cell,"CD8-positive, alpha-beta T cell","CD8-positive, alpha-beta T cell","CD8-positive, alpha-beta T cell",4,"CD8-positive, alpha-beta T cell",4,"CD8-positive, alpha-beta T cell"
ACTAAAACTCGACA-1,classical monocyte,monocyte,monocyte,myeloid dendritic cell,monocyte,monocyte,monocyte,4,monocyte,4,monocyte
ACTACGGAATTTCC-1,"CD4-positive, alpha-beta T cell",regulatory T cell,"CD4-positive, alpha-beta T cell","naive thymus-derived CD4-positive, alpha-beta T cell","naive thymus-derived CD4-positive, alpha-beta T cell","CD4-positive, alpha-beta T cell","CD4-positive, alpha-beta T cell",4,"CD4-positive, alpha-beta T cell",3,"CD4-positive, alpha-beta T cell"
ACTACGGACCTATT-1,"CD4-positive, alpha-beta T cell","CD4-positive, alpha-beta T cell","naive thymus-derived CD4-positive, alpha-beta T cell","naive thymus-derived CD4-positive, alpha-beta T cell","naive thymus-derived CD4-positive, alpha-beta T cell","naive thymus-derived CD4-positive, alpha-beta T cell","naive thymus-derived CD4-positive, alpha-beta T cell",4,"naive thymus-derived CD4-positive, alpha-beta T cell",4,"naive thymus-derived CD4-positive, alpha-beta T cell"
ACTACGGATCGCTC-1,"CD4-positive, alpha-beta T cell","naive thymus-derived CD4-positive, alpha-beta T cell","CD4-positive, alpha-beta thymocyte","CD4-positive, alpha-beta thymocyte","naive thymus-derived CD4-positive, alpha-beta T cell","CD4-positive, alpha-beta thymocyte","CD4-positive, alpha-beta thymocyte",3,"CD4-positive, alpha-beta thymocyte",3,alpha-beta T cell
ACTACTACTAAGGA-1,"CD4-positive, alpha-beta T cell","CD4-positive, alpha-beta T cell",thymocyte,"naive thymus-derived CD8-positive, alpha-beta T cell","CD8-positive, alpha-beta thymocyte","CD8-positive, alpha-beta thymocyte","CD4-positive, alpha-beta T cell",2,"CD4-positive, alpha-beta T cell",2,alpha-beta T cell
ACTAGGTGGAACCT-1,"CD4-positive, alpha-beta T cell","CD4-positive, alpha-beta T cell","CD8-positive, alpha-beta thymocyte","CD8-positive, alpha-beta T cell","CD8-positive, alpha-beta T cell","CD8-positive, alpha-beta thymocyte","CD4-positive, alpha-beta T cell",2,"CD4-positive, alpha-beta T cell",2,mature alpha-beta T cell
ACTAGGTGGAACTC-1,"CD4-positive, alpha-beta T cell","CD4-positive, alpha-beta T cell",plasma cell,"naive thymus-derived CD4-positive, alpha-beta T cell","naive thymus-derived CD4-positive, alpha-beta T cell",innate lymphoid cell,"CD4-positive, alpha-beta T cell",3,"CD4-positive, alpha-beta T cell",2,"CD4-positive, alpha-beta T cell"
ACTATCACCTTGGA-1,"CD8-positive, alpha-beta T cell","CD8-positive, alpha-beta T cell","CD8-positive, alpha-beta T cell","CD8-positive, alpha-beta T cell","CD8-positive, alpha-beta T cell","CD8-positive, alpha-beta T cell","CD8-positive, alpha-beta T cell",6,"CD8-positive, alpha-beta T cell",6,"CD8-positive, alpha-beta T cell"
ACTATCACTGCCAA-1,"CD4-positive, alpha-beta T cell","CD4-positive, alpha-beta T cell","naive thymus-derived CD4-positive, alpha-beta T cell","naive thymus-derived CD4-positive, alpha-beta T cell","naive thymus-derived CD4-positive, alpha-beta T cell","naive thymus-derived CD4-positive, alpha-beta T cell","naive thymus-derived CD4-positive, alpha-beta T cell",4,"naive thymus-derived CD4-positive, alpha-beta T cell",4,"naive thymus-derived CD4-positive, alpha-beta T cell"
ACTCAGGACTGAAC-1,"CD4-positive, alpha-beta T cell","CD4-positive, alpha-beta thymocyte",innate lymphoid cell,"CD4-positive, alpha-beta T cell","naive thymus-derived CD4-positive, alpha-beta T cell",innate lymphoid cell,"CD4-positive, alpha-beta T cell",3,"CD4-positive, alpha-beta T cell",2,alpha-beta T cell
ACTCAGGATCTATC-1,B cell,B cell,B cell,B cell,B cell,B cell,B cell,6,B cell,6,B cell
ACTCAGGATTCGTT-1,classical monocyte,monocyte,erythrocyte,myeloid dendritic cell,myeloid dendritic cell,monocyte,myeloid dendritic cell,2,monocyte,2,myeloid leukocyte
ACTCCTCTCAACTG-1,"CD4-positive, alpha-beta T cell","CD4-positive, alpha-beta T cell","CD4-positive, alpha-beta T cell","naive thymus-derived CD4-positive, alpha-beta T cell","naive thymus-derived CD4-positive, alpha-beta T cell","CD4-positive, alpha-beta T cell","CD4-positive, alpha-beta T cell",5,"CD4-positive, alpha-beta T cell",4,"CD4-positive, alpha-beta T cell"
ACTCGCACGAAAGT-1,classical monocyte,monocyte,basophil,classical monocyte,monocyte,classical monocyte,classical monocyte,3,classical monocyte,3,monocyte
ACTCGCACTACGAC-1,monocyte,myeloid dendritic cell,monocyte,monocyte,myeloid dendritic cell,monocyte,monocyte,4,monocyte,4,monocyte
ACTCTCCTGACACT-1,"CD4-positive, alpha-beta T cell","naive thymus-derived CD4-positive, alpha-beta T cell",erythrocyte,"CD4-positive, alpha-beta thymocyte",innate lymphoid cell,"naive thymus-derived CD4-positive, alpha-beta T cell","naive thymus-derived CD4-positive, alpha-beta T cell",2,"naive thymus-derived CD4-positive, alpha-beta T cell",2,alpha-beta T cell
ACTCTCCTGCATAC-1,hematopoietic stem cell,hematopoietic stem cell,hematopoietic stem cell,hematopoietic stem cell,hematopoietic stem cell,hematopoietic stem cell,hematopoietic stem cell,6,hematopoietic stem cell,6,hematopoietic stem cell
ACTCTCCTGTTTGG-1,"CD4-positive, alpha-beta T cell","naive thymus-derived CD4-positive, alpha-beta T cell","CD4-positive, alpha-beta thymocyte","naive thymus-derived CD4-positive, alpha-beta T cell","naive thymus-derived CD4-positive, alpha-beta T cell","naive thymus-derived CD4-positive, alpha-beta T cell","naive thymus-derived CD4-positive, alpha-beta T cell",4,"naive thymus-derived CD4-positive, alpha-beta T cell",4,"naive thymus-derived CD4-positive, alpha-beta T cell"
ACTGAGACAACCAC-1,"CD8-positive, alpha-beta T cell","CD8-positive, alpha-beta T cell",thymocyte,"CD8-positive, alpha-beta T cell","CD8-positive, alpha-beta T cell","CD8-positive, alpha-beta T cell","CD8-positive, alpha-beta T cell",5,"CD8-positive, alpha-beta T cell",5,"CD8-positive, alpha-beta T cell"
ACTGAGACCCATAG-1,macrophage,myeloid dendritic cell,non-classical monocyte,non-classical monocyte,non-classical monocyte,non-classical monocyte,non-classical monocyte,4,non-classical monocyte,4,non-classical monocyte
ACTGCCACACACGT-1,"CD8-positive, alpha-beta T cell","CD8-positive, alpha-beta T cell",plasma cell,"CD8-positive, alpha-beta T cell","CD8-positive, alpha-beta T cell","CD8-positive, alpha-beta T cell","CD8-positive, alpha-beta T cell",5,"CD8-positive, alpha-beta T cell",5,"CD8-positive, alpha-beta T cell"
ACTGCCACTCCGTC-1,natural killer cell,natural killer cell,natural killer cell,natural killer cell,natural killer cell,natural killer cell,natural killer cell,6,natural killer cell,6,natural killer cell
ACTGGCCTTCAGTG-1,"CD8-positive, alpha-beta T cell",natural killer cell,natural killer cell,"CD8-positive, alpha-beta T cell",natural killer cell,natural killer cell,natural killer cell,4,natural killer cell,4,natural killer cell
ACTGTTACCCACAA-1,classical monocyte,classical monocyte,mature NK T cell,monocyte,monocyte,classical monocyte,classical monocyte,3,classical monocyte,3,monocyte
ACTGTTACTGCAGT-1,"naive thymus-derived CD4-positive, alpha-beta T cell","CD4-positive, alpha-beta T cell",stromal cell,"CD8-positive, alpha-beta T cell",myeloid dendritic cell,leukocyte,leukocyte,2,"CD4-positive, alpha-beta T cell",1,mononuclear cell
ACTTAAGAACCACA-1,"CD4-positive, alpha-beta T cell","naive thymus-derived CD4-positive, alpha-beta T cell",erythrocyte,"CD4-positive, alpha-beta T cell","naive thymus-derived CD4-positive, alpha-beta T cell","CD4-positive, alpha-beta T cell","CD4-positive, alpha-beta T cell",4,"CD4-positive, alpha-beta T cell",3,"CD4-positive, alpha-beta T cell"
ACTTAAGATTACTC-1,monocyte,myeloid dendritic cell,mature NK T cell,myeloid dendritic cell,myeloid dendritic cell,myeloid dendritic cell,myeloid dendritic cell,4,myeloid dendritic cell,4,conventional dendritic cell
ACTTAGCTGCGTAT-1,macrophage,myeloid dendritic cell,mature NK T cell,non-classical monocyte,non-classical monocyte,non-classical monocyte,non-classical monocyte,3,non-classical monocyte,3,myeloid leukocyte
ACTTAGCTGGGAGT-1,"CD4-positive, alpha-beta T cell","CD4-positive, alpha-beta thymocyte","CD4-positive, alpha-beta T cell","CD4-positive, alpha-beta T cell","naive thymus-derived CD4-positive, alpha-beta T cell","CD4-positive, alpha-beta T cell","CD4-positive, alpha-beta T cell",5,"CD4-positive, alpha-beta T cell",4,"CD4-positive, alpha-beta T cell"
ACTTCAACAAGCAA-1,"CD8-positive, alpha-beta T cell","CD8-positive, alpha-beta T cell","CD8-positive, alpha-beta T cell","CD8-positive, alpha-beta T cell","CD8-positive, alpha-beta T cell","CD8-positive, alpha-beta T cell","CD8-positive, alpha-beta T cell",6,"CD8-positive, alpha-beta T cell",6,"CD8-positive, alpha-beta T cell"
ACTTCAACGTAGGG-1,natural killer cell,natural killer cell,natural killer cell,natural killer cell,natural killer cell,natural killer cell,natural killer cell,6,natural killer cell,6,natural killer cell
ACTTCCCTTTCCGC-1,"CD4-positive, alpha-beta T cell","CD4-positive, alpha-beta thymocyte",innate lymphoid cell,innate lymphoid cell,innate lymphoid cell,innate lymphoid cell,innate lymphoid cell,4,innate lymphoid cell,4,innate lymphoid cell
ACTTCTGACATGCA-1,B cell,B cell,B cell,microglial cell,B cell,B cell,B cell,5,B cell,5,B cell
ACTTGACTCCACAA-1,B cell,B cell,B cell,B cell,B cell,B cell,B cell,6,B cell,6,B cell
ACTTGGGAGAAAGT-1,classical monocyte,monocyte,monocyte,microglial cell,myeloid dendritic cell,monocyte,monocyte,3,monocyte,3,monocyte
ACTTGGGAGGTTTG-1,"CD8-positive, alpha-beta T cell","CD8-positive, alpha-beta T cell","CD4-positive, alpha-beta T cell","CD8-positive, alpha-beta T cell","CD8-positive, alpha-beta T cell","CD4-positive, alpha-beta T cell","CD8-positive, alpha-beta T cell",4,"CD8-positive, alpha-beta T cell",4,"CD8-positive, alpha-beta T cell"
ACTTGGGATGTGAC-1,macrophage,non-classical monocyte,non-classical monocyte,non-classical monocyte,non-classical monocyte,non-classical monocyte,non-classical monocyte,5,non-classical monocyte,5,non-classical monocyte
ACTTGGGATTGACG-1,classical monocyte,monocyte,classical monocyte,mononuclear phagocyte,classical monocyte,classical monocyte,classical monocyte,4,classical monocyte,4,classical monocyte
ACTTGTACCTGTCC-1,"CD4-positive, alpha-beta T cell","naive thymus-derived CD4-positive, alpha-beta T cell",innate lymphoid cell,innate lymphoid cell,innate lymphoid cell,innate lymphoid cell,innate lymphoid cell,4,innate lymphoid cell,4,innate lymphoid cell
ACTTTGTGGAAAGT-1,"CD4-positive, alpha-beta T cell","CD4-positive, alpha-beta thymocyte",innate lymphoid cell,"CD4-positive, alpha-beta thymocyte","naive thymus-derived CD4-positive, alpha-beta T cell",innate lymphoid cell,"CD4-positive, alpha-beta T cell",2,"CD4-positive, alpha-beta thymocyte",2,alpha-beta T cell
ACTTTGTGGATAGA-1,classical monocyte,monocyte,monocyte,classical monocyte,monocyte,monocyte,monocyte,4,monocyte,4,monocyte
AGAAACGAAAGTAG-1,B cell,B cell,serous cell of epithelium of trachea,myeloid dendritic cell,B cell,B cell,B cell,4,B cell,4,B cell
AGAAAGTGCGCAAT-1,"CD4-positive, alpha-beta T cell","CD4-positive, alpha-beta T cell","naive thymus-derived CD4-positive, alpha-beta T cell","CD4-positive, alpha-beta T cell","naive thymus-derived CD4-positive, alpha-beta T cell","CD4-positive, alpha-beta T cell","CD4-positive, alpha-beta T cell",5,"CD4-positive, alpha-beta T cell",4,"CD4-positive, alpha-beta T cell"
AGAAAGTGGGGATG-1,classical monocyte,monocyte,classical monocyte,monocyte,classical monocyte,classical monocyte,classical monocyte,4,classical monocyte,4,classical monocyte
AGAACAGAAATGCC-1,natural killer cell,natural killer cell,mature NK T cell,natural killer cell,natural killer cell,mature NK T cell,natural killer cell,4,natural killer cell,4,natural killer cell
AGAACAGACGACTA-1,B cell,B cell,B cell,B cell,B cell,B cell,B cell,6,B cell,6,B cell
AGAACAGAGACAAA-1,"CD4-positive, alpha-beta T cell","CD4-positive, alpha-beta T cell","naive thymus-derived CD4-positive, alpha-beta T cell","CD4-positive, alpha-beta T cell","naive thymus-derived CD4-positive, alpha-beta T cell","naive thymus-derived CD4-positive, alpha-beta T cell","CD4-positive, alpha-beta T cell",4,"CD4-positive, alpha-beta T cell",3,"CD4-positive, alpha-beta T cell"
AGAACGCTTTGCTT-1,"CD4-positive, alpha-beta T cell","naive thymus-derived CD4-positive, alpha-beta T cell","CD4-positive, alpha-beta T cell","CD4-positive, alpha-beta T cell","CD4-positive, alpha-beta T cell","CD4-positive, alpha-beta T cell","CD4-positive, alpha-beta T cell",5,"CD4-positive, alpha-beta T cell",5,"CD4-positive, alpha-beta T cell"
AGAAGATGTGACTG-1,"CD4-positive, alpha-beta T cell","CD4-positive, alpha-beta T cell",T follicular helper cell,"CD4-positive, alpha-beta T cell","naive thymus-derived CD4-positive, alpha-beta T cell","CD4-positive, alpha-beta T cell","CD4-positive, alpha-beta T cell",5,"CD4-positive, alpha-beta T cell",4,"CD4-positive, alpha-beta T cell"
AGAATGGAAGAAGT-1,"CD8-positive, alpha-beta T cell","CD8-positive, alpha-beta T cell","naive thymus-derived CD8-positive, alpha-beta T cell","CD8-positive, alpha-beta T cell","CD8-positive, alpha-beta T cell","CD8-positive, alpha-beta T cell","CD8-positive, alpha-beta T cell",5,"CD8-positive, alpha-beta T cell",5,"CD8-positive, alpha-beta T cell"
AGAATTTGTAACCG-1,"CD4-positive, alpha-beta T cell","naive thymus-derived CD4-positive, alpha-beta T cell","naive thymus-derived CD4-positive, alpha-beta T cell","CD4-positive, alpha-beta thymocyte","naive thymus-derived CD4-positive, alpha-beta T cell","naive thymus-derived CD4-positive, alpha-beta T cell","naive thymus-derived CD4-positive, alpha-beta T cell",4,"naive thymus-derived CD4-positive, alpha-beta T cell",4,"naive thymus-derived CD4-positive, alpha-beta T cell"
AGAATTTGTAGAGA-1,"CD4-positive, alpha-beta T cell","CD4-positive, alpha-beta thymocyte","CD4-positive, alpha-beta T cell","CD4-positive, alpha-beta T cell","CD4-positive, alpha-beta T cell","CD4-positive, alpha-beta T cell","CD4-positive, alpha-beta T cell",5,"CD4-positive, alpha-beta T cell",5,"CD4-positive, alpha-beta T cell"
AGACACACTGTAGC-1,regulatory T cell,"naive thymus-derived CD4-positive, alpha-beta T cell",serous cell of epithelium of trachea,"naive thymus-derived CD8-positive, alpha-beta T cell","naive thymus-derived CD4-positive, alpha-beta T cell","naive thymus-derived CD4-positive, alpha-beta T cell","naive thymus-derived CD4-positive, alpha-beta T cell",3,"naive thymus-derived CD4-positive, alpha-beta T cell",3,naive T cell
AGACACTGTCAAGC-1,monocyte,monocyte,classical monocyte,monocyte,classical monocyte,classical monocyte,monocyte,4,classical monocyte,3,monocyte
AGACCTGAAGTAGA-1,classical monocyte,monocyte,mature NK T cell,monocyte,myeloid dendritic cell,classical monocyte,classical monocyte,2,classical monocyte,2,monocyte
AGACCTGACCAACA-1,"CD4-positive, alpha-beta T cell","naive thymus-derived CD4-positive, alpha-beta T cell","naive thymus-derived CD4-positive, alpha-beta T cell","CD4-positive, alpha-beta T cell","naive thymus-derived CD4-positive, alpha-beta T cell","naive thymus-derived CD4-positive, alpha-beta T cell","naive thymus-derived CD4-positive, alpha-beta T cell",4,"naive thymus-derived CD4-positive, alpha-beta T cell",4,"naive thymus-derived CD4-positive, alpha-beta T cell"
AGACCTGAGGAAGC-1,"CD8-positive, alpha-beta T cell","CD8-positive, alpha-beta T cell",serous cell of epithelium of bronchus,"CD8-positive, alpha-beta T cell","CD8-positive, alpha-beta T cell","CD8-positive, alpha-beta T cell","CD8-positive, alpha-beta T cell",5,"CD8-positive, alpha-beta T cell",5,"CD8-positive, alpha-beta T cell"
AGACGTACAGAGGC-1,"CD4-positive, alpha-beta T cell","CD4-positive, alpha-beta T cell","CD4-positive, alpha-beta T cell","naive thymus-derived CD4-positive, alpha-beta T cell","CD4-positive, alpha-beta T cell","CD4-positive, alpha-beta T cell","CD4-positive, alpha-beta T cell",5,"CD4-positive, alpha-beta T cell",5,"CD4-positive, alpha-beta T cell"
AGACGTACCCCTAC-1,B cell,B cell,erythrocyte,B cell,B cell,B cell,B cell,5,B cell,5,B cell
AGACGTACCTCTTA-1,macrophage,myeloid dendritic cell,myeloid dendritic cell,myeloid dendritic cell,myeloid dendritic cell,myeloid dendritic cell,myeloid dendritic cell,5,myeloid dendritic cell,5,conventional dendritic cell
AGACGTACTCGTGA-1,macrophage,non-classical monocyte,non-classical monocyte,non-classical monocyte,non-classical monocyte,non-classical monocyte,non-classical monocyte,5,non-classical monocyte,5,non-classical monocyte
AGACTGACCATCAG-1,"CD8-positive, alpha-beta T cell","CD8-positive, alpha-beta T cell","CD8-positive, alpha-beta T cell","CD8-positive, alpha-beta T cell","CD8-positive, alpha-beta T cell","CD8-positive, alpha-beta T cell","CD8-positive, alpha-beta T cell",6,"CD8-positive, alpha-beta T cell",6,"CD8-positive, alpha-beta T cell"
AGACTGACCCTTTA-1,"CD4-positive, alpha-beta T cell","CD4-positive, alpha-beta T cell","naive thymus-derived CD8-positive, alpha-beta T cell","CD8-positive, alpha-beta T cell","naive thymus-derived CD8-positive, alpha-beta T cell","naive thymus-derived CD8-positive, alpha-beta T cell","naive thymus-derived CD8-positive, alpha-beta T cell",3,"naive thymus-derived CD8-positive, alpha-beta T cell",3,"CD8-positive, alpha-beta T cell"
AGACTTCTCATGCA-1,B cell,B cell,B cell,B cell,B cell,B cell,B cell,6,B cell,6,B cell
AGAGATGACAGTCA-1,B cell,B cell,B cell,B cell,B cell,B cell,B cell,6,B cell,6,B cell
AGAGATGACTGAAC-1,"CD4-positive, alpha-beta T cell","CD4-positive, alpha-beta T cell","naive thymus-derived CD4-positive, alpha-beta T cell","CD4-positive, alpha-beta T cell","naive thymus-derived CD4-positive, alpha-beta T cell","naive thymus-derived CD4-positive, alpha-beta T cell","CD4-positive, alpha-beta T cell",4,"CD4-positive, alpha-beta T cell",3,"CD4-positive, alpha-beta T cell"
AGAGATGAGGTTTG-1,classical monocyte,monocyte,erythrocyte,monocyte,monocyte,classical monocyte,monocyte,3,monocyte,3,monocyte
AGAGATGATCTCGC-1,B cell,B cell,B cell,B cell,B cell,B cell,B cell,6,B cell,6,B cell
AGAGATGATTGTGG-1,"CD4-positive, alpha-beta T cell","CD4-positive, alpha-beta T cell","CD8-positive, alpha-beta thymocyte","CD4-positive, alpha-beta thymocyte","CD8-positive, alpha-beta thymocyte",innate lymphoid cell,"CD4-positive, alpha-beta T cell",2,"CD4-positive, alpha-beta T cell",2,alpha-beta T cell
AGAGCGGAGGCAAG-1,classical monocyte,myeloid dendritic cell,monocyte,myeloid dendritic cell,myeloid dendritic cell,monocyte,myeloid dendritic cell,3,myeloid dendritic cell,3,myeloid leukocyte
AGAGGTCTACAGCT-1,"CD4-positive, alpha-beta T cell","CD8-positive, alpha-beta thymocyte","CD8-positive, alpha-beta T cell","CD8-positive, alpha-beta T cell","CD8-positive, alpha-beta T cell","CD8-positive, alpha-beta T cell","CD8-positive, alpha-beta T cell",4,"CD8-positive, alpha-beta T cell",4,"CD8-positive, alpha-beta T cell"
AGAGTCTGGTCGTA-1,macrophage,myeloid dendritic cell,non-classical monocyte,non-classical monocyte,non-classical monocyte,non-classical monocyte,non-classical monocyte,4,non-classical monocyte,4,non-classical monocyte
AGAGTGCTCAGCTA-1,"CD4-positive, alpha-beta T cell",regulatory T cell,stromal cell,innate lymphoid cell,"CD4-positive, alpha-beta T cell","CD4-positive, alpha-beta T cell","CD4-positive, alpha-beta T cell",3,"CD4-positive, alpha-beta T cell",3,mature T cell
AGAGTGCTCGAATC-1,"CD4-positive, alpha-beta T cell","CD4-positive, alpha-beta T cell",plasma cell,myeloid dendritic cell,innate lymphoid cell,innate lymphoid cell,"CD4-positive, alpha-beta T cell",2,"CD4-positive, alpha-beta T cell",2,lymphocyte
AGAGTGCTGTCATG-1,"CD4-positive, alpha-beta T cell","CD4-positive, alpha-beta T cell","CD4-positive, alpha-beta T cell","CD4-positive, alpha-beta T cell","naive thymus-derived CD4-positive, alpha-beta T cell","CD4-positive, alpha-beta T cell","CD4-positive, alpha-beta T cell",6,"CD4-positive, alpha-beta T cell",5,"CD4-positive, alpha-beta T cell"
AGAGTGCTGTCCTC-1,"CD8-positive, alpha-beta T cell","CD8-positive, alpha-beta T cell","CD8-positive, alpha-beta T cell","CD8-positive, alpha-beta T cell","CD8-positive, alpha-beta T cell","CD8-positive, alpha-beta T cell","CD8-positive, alpha-beta T cell",6,"CD8-positive, alpha-beta T cell",6,"CD8-positive, alpha-beta T cell"
AGAGTGCTGTGTTG-1,B cell,B cell,B cell,B cell,B cell,B cell,B cell,6,B cell,6,B cell
AGATATACCCGTAA-1,"CD8-positive, alpha-beta T cell",natural killer cell,natural killer cell,natural killer cell,natural killer cell,natural killer cell,natural killer cell,5,natural killer cell,5,natural killer cell
AGATATACGATGAA-1,"CD4-positive, alpha-beta T cell","naive thymus-derived CD4-positive, alpha-beta T cell","CD4-positive, alpha-beta T cell","CD4-positive, alpha-beta T cell","CD4-positive, alpha-beta T cell","CD4-positive, alpha-beta T cell","CD4-positive, alpha-beta T cell",5,"CD4-positive, alpha-beta T cell",5,"CD4-positive, alpha-beta T cell"
AGATATACTGTTCT-1,B cell,B cell,B cell,B cell,B cell,B cell,B cell,6,B cell,6,B cell
AGATATTGCCTACC-1,"CD8-positive, alpha-beta T cell","CD8-positive, alpha-beta T cell","CD8-positive, alpha-beta T cell","CD8-positive, alpha-beta T cell","CD8-positive, alpha-beta T cell","CD8-positive, alpha-beta thymocyte","CD8-positive, alpha-beta T cell",5,"CD8-positive, alpha-beta T cell",5,"CD8-positive, alpha-beta T cell"
AGATATTGGCCAAT-1,classical monocyte,monocyte,classical monocyte,myeloid dendritic cell,classical monocyte,classical monocyte,classical monocyte,4,classical monocyte,4,classical monocyte
AGATCGTGTCTGGA-1,monocyte,myeloid dendritic cell,myeloid dendritic cell,classical monocyte,myeloid dendritic cell,myeloid dendritic cell,myeloid dendritic cell,4,myeloid dendritic cell,4,conventional dendritic cell
AGATCGTGTTTGTC-1,B cell,B cell,B cell,myeloid dendritic cell,B cell,B cell,B cell,5,B cell,5,B cell
AGATCTCTATCACG-1,B cell,B cell,B cell,B cell,B cell,B cell,B cell,6,B cell,6,B cell
AGATTAACGTTCTT-1,macrophage,myeloid dendritic cell,non-classical monocyte,non-classical monocyte,non-classical monocyte,non-classical monocyte,non-classical monocyte,4,non-classical monocyte,4,non-classical monocyte
AGATTCCTATCGTG-1,"CD4-positive, alpha-beta T cell","CD4-positive, alpha-beta thymocyte",regulatory T cell,"naive thymus-derived CD4-positive, alpha-beta T cell","naive thymus-derived CD4-positive, alpha-beta T cell","CD4-positive, alpha-beta T cell","CD4-positive, alpha-beta T cell",3,"CD4-positive, alpha-beta T cell",2,"CD4-positive, alpha-beta T cell"
AGATTCCTCACTTT-1,classical monocyte,monocyte,monocyte,classical monocyte,myeloid dendritic cell,monocyte,monocyte,3,monocyte,3,monocyte
AGATTCCTGACGAG-1,classical monocyte,myeloid dendritic cell,monocyte,mononuclear phagocyte,monocyte,monocyte,monocyte,3,monocyte,3,monocyte
AGATTCCTGTTCAG-1,natural killer cell,natural killer cell,natural killer cell,natural killer cell,natural killer cell,natural killer cell,natural killer cell,6,natural killer cell,6,natural killer cell
AGCAAAGATATGCG-1,"CD4-positive, alpha-beta T cell","naive thymus-derived CD4-positive, alpha-beta T cell","CD4-positive, alpha-beta thymocyte","CD4-positive, alpha-beta T cell","naive thymus-derived CD4-positive, alpha-beta T cell","CD4-positive, alpha-beta thymocyte","CD4-positive, alpha-beta T cell",3,"CD4-positive, alpha-beta T cell",2,"CD4-positive, alpha-beta T cell"
AGCACAACAGTCTG-1,"CD4-positive, alpha-beta T cell","CD4-positive, alpha-beta thymocyte",enterocyte of epithelium proper of small intestine,"naive thymus-derived CD4-positive, alpha-beta T cell",innate lymphoid cell,innate lymphoid cell,innate lymphoid cell,2,innate lymphoid cell,2,lymphocyte
AGCACTGAGGGAGT-1,"CD4-positive, alpha-beta T cell","CD4-positive, alpha-beta thymocyte",pancreatic acinar cell,"naive thymus-derived CD4-positive, alpha-beta T cell","naive thymus-derived CD4-positive, alpha-beta T cell","CD4-positive, alpha-beta T cell","CD4-positive, alpha-beta T cell",3,"CD4-positive, alpha-beta T cell",2,"CD4-positive, alpha-beta T cell"
AGCACTGATATGCG-1,"CD4-positive, alpha-beta T cell",regulatory T cell,"naive thymus-derived CD4-positive, alpha-beta T cell","naive thymus-derived CD4-positive, alpha-beta T cell","naive thymus-derived CD4-positive, alpha-beta T cell","naive thymus-derived CD4-positive, alpha-beta T cell","naive thymus-derived CD4-positive, alpha-beta T cell",4,"naive thymus-derived CD4-positive, alpha-beta T cell",4,"naive thymus-derived CD4-positive, alpha-beta T cell"
AGCACTGATGCTTT-1,macrophage,myeloid dendritic cell,myeloid dendritic cell,myeloid dendritic cell,myeloid dendritic cell,myeloid dendritic cell,myeloid dendritic cell,5,myeloid dendritic cell,5,conventional dendritic cell
AGCACTGATTGCGA-1,"CD4-positive, alpha-beta T cell",regulatory T cell,innate lymphoid cell,"CD4-positive, alpha-beta thymocyte",innate lymphoid cell,innate lymphoid cell,innate lymphoid cell,3,innate lymphoid cell,3,lymphocyte
AGCATCGAAGATCC-1,"CD4-positive, alpha-beta T cell","CD4-positive, alpha-beta T cell",basophil,"CD4-positive, alpha-beta T cell",innate lymphoid cell,regulatory T cell,"CD4-positive, alpha-beta T cell",3,"CD4-positive, alpha-beta T cell",3,mature T cell
AGCATCGAAGGGTG-1,B cell,B cell,B cell,B cell,B cell,B cell,B cell,6,B cell,6,B cell
AGCATCGAGCTTCC-1,monocyte,classical monocyte,monocyte,monocyte,monocyte,monocyte,monocyte,5,monocyte,5,monocyte
AGCATCGAGTGAGG-1,"CD4-positive, alpha-beta T cell","naive thymus-derived CD4-positive, alpha-beta T cell","CD4-positive, alpha-beta T cell","CD4-positive, alpha-beta T cell","naive thymus-derived CD4-positive, alpha-beta T cell","CD4-positive, alpha-beta T cell","CD4-positive, alpha-beta T cell",5,"CD4-positive, alpha-beta T cell",4,"CD4-positive, alpha-beta T cell"
AGCATCGATAACCG-1,classical monocyte,monocyte,monocyte,myeloid dendritic cell,monocyte,monocyte,monocyte,4,monocyte,4,monocyte
AGCATGACGATGAA-1,"CD8-positive, alpha-beta T cell","CD8-positive, alpha-beta T cell","CD8-positive, alpha-beta T cell","CD8-positive, alpha-beta T cell","CD8-positive, alpha-beta T cell","CD8-positive, alpha-beta T cell","CD8-positive, alpha-beta T cell",6,"CD8-positive, alpha-beta T cell",6,"CD8-positive, alpha-beta T cell"
AGCCAATGGGGAGT-1,B cell,non-classical monocyte,non-classical monocyte,non-classical monocyte,non-classical monocyte,non-classical monocyte,non-classical monocyte,5,non-classical monocyte,5,non-classical monocyte
AGCCAATGTATCTC-1,"CD4-positive, alpha-beta T cell","CD4-positive, alpha-beta T cell",stromal cell,"CD4-positive, alpha-beta thymocyte","naive thymus-derived CD4-positive, alpha-beta T cell","naive thymus-derived CD4-positive, alpha-beta T cell","CD4-positive, alpha-beta T cell",3,"CD4-positive, alpha-beta T cell",2,"CD4-positive, alpha-beta T cell"
AGCCACCTGGATCT-1,"CD8-positive, alpha-beta T cell","CD8-positive, alpha-beta T cell","CD8-positive, alpha-beta T cell","CD8-positive, alpha-beta T cell","CD8-positive, alpha-beta T cell","CD8-positive, alpha-beta T cell","CD8-positive, alpha-beta T cell",6,"CD8-positive, alpha-beta T cell",6,"CD8-positive, alpha-beta T cell"
AGCCGGTGCCAATG-1,"CD4-positive, alpha-beta T cell","CD4-positive, alpha-beta T cell","CD8-positive, alpha-beta T cell","CD4-positive, alpha-beta T cell","naive thymus-derived CD4-positive, alpha-beta T cell",innate lymphoid cell,"CD4-positive, alpha-beta T cell",4,"CD4-positive, alpha-beta T cell",3,"CD4-positive, alpha-beta T cell"
AGCCGGTGTGTTTC-1,"CD4-positive, alpha-beta T cell","naive thymus-derived CD4-positive, alpha-beta T cell","naive thymus-derived CD4-positive, alpha-beta T cell","CD4-positive, alpha-beta thymocyte",innate lymphoid cell,"naive thymus-derived CD4-positive, alpha-beta T cell","naive thymus-derived CD4-positive, alpha-beta T cell",3,"naive thymus-derived CD4-positive, alpha-beta T cell",3,"CD4-positive, alpha-beta T cell"
AGCCGTCTCAATCG-1,"CD4-positive, alpha-beta T cell","CD8-positive, alpha-beta T cell","CD8-positive, alpha-beta T cell","CD8-positive, alpha-beta T cell","CD8-positive, alpha-beta T cell",thymocyte,"CD8-positive, alpha-beta T cell",4,"CD8-positive, alpha-beta T cell",4,"CD8-positive, alpha-beta T cell"
AGCCGTCTGAGAGC-1,"CD4-positive, alpha-beta T cell","CD4-positive, alpha-beta T cell","CD4-positive, alpha-beta thymocyte","CD4-positive, alpha-beta T cell","naive thymus-derived CD4-positive, alpha-beta T cell","CD4-positive, alpha-beta T cell","CD4-positive, alpha-beta T cell",5,"CD4-positive, alpha-beta T cell",4,"CD4-positive, alpha-beta T cell"
AGCCTCACGTTCGA-1,"CD4-positive, alpha-beta T cell","CD4-positive, alpha-beta T cell",innate lymphoid cell,"CD4-positive, alpha-beta T cell",innate lymphoid cell,innate lymphoid cell,"CD4-positive, alpha-beta T cell",3,"CD4-positive, alpha-beta T cell",3,lymphocyte
AGCCTCACTGTCAG-1,monocyte,myeloid dendritic cell,non-classical monocyte,non-classical monocyte,non-classical monocyte,non-classical monocyte,non-classical monocyte,4,non-classical monocyte,4,non-classical monocyte
AGCCTCTGCAGTTG-1,B cell,B cell,B cell,B cell,B cell,B cell,B cell,6,B cell,6,B cell
AGCCTCTGCCAATG-1,natural killer cell,natural killer cell,natural killer cell,natural killer cell,natural killer cell,natural killer cell,natural killer cell,6,natural killer cell,6,natural killer cell
AGCGAACTGGATCT-1,"CD4-positive, alpha-beta T cell","CD4-positive, alpha-beta T cell","naive thymus-derived CD8-positive, alpha-beta T cell","CD8-positive, alpha-beta T cell","naive thymus-derived CD8-positive, alpha-beta T cell","naive thymus-derived CD8-positive, alpha-beta T cell","naive thymus-derived CD8-positive, alpha-beta T cell",3,"naive thymus-derived CD8-positive, alpha-beta T cell",3,"CD8-positive, alpha-beta T cell"
AGCGAACTTACTGG-1,"CD4-positive, alpha-beta T cell","CD4-positive, alpha-beta T cell","CD8-positive, alpha-beta thymocyte","CD4-positive, alpha-beta T cell","CD4-positive, alpha-beta T cell","CD4-positive, alpha-beta T cell","CD4-positive, alpha-beta T cell",5,"CD4-positive, alpha-beta T cell",5,"CD4-positive, alpha-beta T cell"
AGCGATACGGAGCA-1,"CD4-positive, alpha-beta T cell","CD4-positive, alpha-beta thymocyte","CD4-positive, alpha-beta T cell","CD4-positive, alpha-beta T cell","naive thymus-derived CD4-positive, alpha-beta T cell","CD4-positive, alpha-beta T cell","CD4-positive, alpha-beta T cell",5,"CD4-positive, alpha-beta T cell",4,"CD4-positive, alpha-beta T cell"
AGCGATTGAGATCC-1,natural killer cell,natural killer cell,natural killer cell,natural killer cell,natural killer cell,natural killer cell,natural killer cell,6,natural killer cell,6,natural killer cell
AGCGCCGAATCTCT-1,"CD4-positive, alpha-beta T cell","CD4-positive, alpha-beta T cell","CD8-positive, alpha-beta thymocyte","naive thymus-derived CD4-positive, alpha-beta T cell",innate lymphoid cell,"CD4-positive, alpha-beta T cell","CD4-positive, alpha-beta T cell",3,"CD4-positive, alpha-beta T cell",3,"CD4-positive, alpha-beta T cell"
AGCGCCGACAGAGG-1,"CD4-positive, alpha-beta T cell","CD4-positive, alpha-beta T cell","CD8-positive, alpha-beta thymocyte","CD4-positive, alpha-beta T cell","naive thymus-derived CD4-positive, alpha-beta T cell","CD4-positive, alpha-beta T cell","CD4-positive, alpha-beta T cell",5,"CD4-positive, alpha-beta T cell",4,"CD4-positive, alpha-beta T cell"
AGCGCTCTACCTTT-1,"CD4-positive, alpha-beta T cell","naive thymus-derived CD4-positive, alpha-beta T cell",stromal cell,"CD4-positive, alpha-beta T cell","naive thymus-derived CD4-positive, alpha-beta T cell","CD4-positive, alpha-beta T cell","CD4-positive, alpha-beta T cell",4,"CD4-positive, alpha-beta T cell",3,"CD4-positive, alpha-beta T cell"
AGCGGCACCGGGAA-1,"CD4-positive, alpha-beta T cell","naive thymus-derived CD4-positive, alpha-beta T cell","naive thymus-derived CD4-positive, alpha-beta T cell","CD8-positive, alpha-beta thymocyte","naive thymus-derived CD4-positive, alpha-beta T cell","naive thymus-derived CD4-positive, alpha-beta T cell","naive thymus-derived CD4-positive, alpha-beta T cell",4,"naive thymus-derived CD4-positive, alpha-beta T cell",4,"naive thymus-derived CD4-positive, alpha-beta T cell"
AGCGGCTGATGTGC-1,"CD4-positive, alpha-beta T cell","CD4-positive, alpha-beta thymocyte","CD8-positive, alpha-beta thymocyte","naive thymus-derived CD4-positive, alpha-beta T cell","naive thymus-derived CD4-positive, alpha-beta T cell","naive thymus-derived CD4-positive, alpha-beta T cell","naive thymus-derived CD4-positive, alpha-beta T cell",3,"naive thymus-derived CD4-positive, alpha-beta T cell",3,"CD4-positive, alpha-beta T cell"
AGCGGGCTTGCCAA-1,"CD4-positive, alpha-beta T cell","CD4-positive, alpha-beta thymocyte","CD4-positive, alpha-beta T cell","CD4-positive, alpha-beta T cell","naive thymus-derived CD4-positive, alpha-beta T cell","CD4-positive, alpha-beta T cell","CD4-positive, alpha-beta T cell",5,"CD4-positive, alpha-beta T cell",4,"CD4-positive, alpha-beta T cell"
AGCGTAACATGCTG-1,"CD4-positive, alpha-beta T cell","CD4-positive, alpha-beta T cell","CD4-positive, alpha-beta T cell","CD4-positive, alpha-beta T cell",innate lymphoid cell,leukocyte,"CD4-positive, alpha-beta T cell",4,"CD4-positive, alpha-beta T cell",4,"CD4-positive, alpha-beta T cell"
AGCGTAACTGAGAA-1,macrophage,myeloid dendritic cell,myeloid dendritic cell,myeloid dendritic cell,myeloid dendritic cell,non-classical monocyte,myeloid dendritic cell,4,myeloid dendritic cell,4,conventional dendritic cell
AGCTCGCTACTGGT-1,"CD4-positive, alpha-beta thymocyte","naive thymus-derived CD4-positive, alpha-beta T cell","naive thymus-derived CD4-positive, alpha-beta T cell","naive thymus-derived CD4-positive, alpha-beta T cell","naive thymus-derived CD4-positive, alpha-beta T cell","naive thymus-derived CD4-positive, alpha-beta T cell","naive thymus-derived CD4-positive, alpha-beta T cell",5,"naive thymus-derived CD4-positive, alpha-beta T cell",5,"naive thymus-derived CD4-positive, alpha-beta T cell"
AGCTCGCTCTGCTC-1,"CD4-positive, alpha-beta T cell","CD4-positive, alpha-beta T cell","naive thymus-derived CD8-positive, alpha-beta T cell","CD4-positive, alpha-beta T cell","naive thymus-derived CD4-positive, alpha-beta T cell","CD4-positive, alpha-beta thymocyte","CD4-positive, alpha-beta T cell",4,"CD4-positive, alpha-beta T cell",3,"CD4-positive, alpha-beta T cell"
AGCTGAACCATACG-1,macrophage,non-classical monocyte,non-classical monocyte,non-classical monocyte,non-classical monocyte,monocyte,non-classical monocyte,4,non-classical monocyte,4,non-classical monocyte
AGCTGAACCTCTCG-1,"CD4-positive, alpha-beta T cell","naive thymus-derived CD4-positive, alpha-beta T cell","naive thymus-derived CD4-positive, alpha-beta T cell","CD4-positive, alpha-beta thymocyte","naive thymus-derived CD4-positive, alpha-beta T cell","naive thymus-derived CD4-positive, alpha-beta T cell","naive thymus-derived CD4-positive, alpha-beta T cell",4,"naive thymus-derived CD4-positive, alpha-beta T cell",4,"naive thymus-derived CD4-positive, alpha-beta T cell"
AGCTGCCTTGGGAG-1,classical monocyte,myeloid dendritic cell,erythrocyte,non-classical monocyte,non-classical monocyte,"CD4-positive, alpha-beta T cell",non-classical monocyte,2,non-classical monocyte,2,myeloid leukocyte
AGCTGCCTTTCATC-1,"CD4-positive, alpha-beta T cell","CD4-positive, alpha-beta T cell",T cell,"CD4-positive, alpha-beta thymocyte","naive thymus-derived CD4-positive, alpha-beta T cell","CD8-positive, alpha-beta thymocyte","CD4-positive, alpha-beta T cell",3,"CD4-positive, alpha-beta T cell",2,alpha-beta T cell
AGCTGCCTTTCTGT-1,"CD4-positive, alpha-beta T cell","CD4-positive, alpha-beta T cell","CD8-positive, alpha-beta thymocyte","CD8-positive, alpha-beta T cell","CD8-positive, alpha-beta thymocyte","CD8-positive, alpha-beta thymocyte","CD8-positive, alpha-beta thymocyte",3,"CD8-positive, alpha-beta thymocyte",3,alpha-beta T cell
AGCTGTGATCCAAG-1,"CD4-positive, alpha-beta T cell",regulatory T cell,leukocyte,"CD8-positive, alpha-beta T cell","CD8-positive, alpha-beta thymocyte","CD8-positive, alpha-beta thymocyte","CD8-positive, alpha-beta thymocyte",2,"CD8-positive, alpha-beta thymocyte",2,alpha-beta T cell
AGCTTTACAAGTAG-1,"CD4-positive, alpha-beta T cell","naive thymus-derived CD4-positive, alpha-beta T cell",enterocyte of epithelium proper of small intestine,"CD4-positive, alpha-beta thymocyte","naive thymus-derived CD4-positive, alpha-beta T cell","naive thymus-derived CD4-positive, alpha-beta T cell","naive thymus-derived CD4-positive, alpha-beta T cell",3,"naive thymus-derived CD4-positive, alpha-beta T cell",3,"CD4-positive, alpha-beta T cell"
AGCTTTACACCAAC-1,"CD4-positive, alpha-beta T cell","CD8-positive, alpha-beta T cell","CD8-positive, alpha-beta thymocyte","CD8-positive, alpha-beta T cell","CD8-positive, alpha-beta T cell","CD8-positive, alpha-beta T cell","CD8-positive, alpha-beta T cell",4,"CD8-positive, alpha-beta T cell",4,"CD8-positive, alpha-beta T cell"
AGCTTTACTCTCAT-1,B cell,B cell,B cell,B cell,B cell,B cell,B cell,6,B cell,6,B cell
AGGAAATGAGGAGC-1,"CD4-positive, alpha-beta T cell","CD8-positive, alpha-beta T cell",stromal cell,"CD4-positive, alpha-beta T cell",innate lymphoid cell,leukocyte,"CD4-positive, alpha-beta T cell",2,"CD4-positive, alpha-beta T cell",2,lymphocyte
AGGAACCTCTTAGG-1,macrophage,myeloid dendritic cell,non-classical monocyte,non-classical monocyte,non-classical monocyte,non-classical monocyte,non-classical monocyte,4,non-classical monocyte,4,non-classical monocyte
AGGAACCTTGCCTC-1,"CD8-positive, alpha-beta T cell","CD8-positive, alpha-beta T cell","CD8-positive, alpha-beta T cell","CD8-positive, alpha-beta T cell","CD8-positive, alpha-beta T cell","CD8-positive, alpha-beta T cell","CD8-positive, alpha-beta T cell",6,"CD8-positive, alpha-beta T cell",6,"CD8-positive, alpha-beta T cell"
AGGAATGATAACGC-1,"CD4-positive, alpha-beta T cell","CD4-positive, alpha-beta T cell","CD8-positive, alpha-beta T cell","CD8-positive, alpha-beta T cell","CD4-positive, alpha-beta T cell","CD8-positive, alpha-beta T cell","CD4-positive, alpha-beta T cell",3,"CD4-positive, alpha-beta T cell",3,mature alpha-beta T cell
AGGAATGATTTGTC-1,"CD4-positive, alpha-beta T cell","CD4-positive, alpha-beta T cell","CD4-positive, alpha-beta T cell","naive thymus-derived CD4-positive, alpha-beta T cell","CD4-positive, alpha-beta T cell","CD4-positive, alpha-beta T cell","CD4-positive, alpha-beta T cell",5,"CD4-positive, alpha-beta T cell",5,"CD4-positive, alpha-beta T cell"
AGGAGTCTGGTTTG-1,"CD4-positive, alpha-beta T cell","CD4-positive, alpha-beta thymocyte",stromal cell,"CD4-positive, alpha-beta T cell","CD4-positive, alpha-beta T cell","CD4-positive, alpha-beta T cell","CD4-positive, alpha-beta T cell",4,"CD4-positive, alpha-beta T cell",4,"CD4-positive, alpha-beta T cell"
AGGAGTCTTGTCAG-1,"CD4-positive, alpha-beta T cell","CD4-positive, alpha-beta thymocyte",stromal cell,"CD4-positive, alpha-beta T cell","naive thymus-derived CD4-positive, alpha-beta T cell","CD4-positive, alpha-beta T cell","CD4-positive, alpha-beta T cell",4,"CD4-positive, alpha-beta T cell",3,"CD4-positive, alpha-beta T cell"
AGGATAGACATTTC-1,"CD4-positive, alpha-beta T cell","CD4-positive, alpha-beta T cell",mature NK T cell,"CD4-positive, alpha-beta T cell","naive thymus-derived CD4-positive, alpha-beta T cell","naive thymus-derived CD4-positive, alpha-beta T cell","CD4-positive, alpha-beta T cell",4,"CD4-positive, alpha-beta T cell",3,"CD4-positive, alpha-beta T cell"
AGGATAGAGGATTC-1,"CD8-positive, alpha-beta T cell","CD8-positive, alpha-beta T cell","CD8-positive, alpha-beta thymocyte","naive thymus-derived CD8-positive, alpha-beta T cell","naive thymus-derived CD8-positive, alpha-beta T cell","naive thymus-derived CD8-positive, alpha-beta T cell","CD8-positive, alpha-beta T cell",3,"naive thymus-derived CD8-positive, alpha-beta T cell",3,"CD8-positive, alpha-beta T cell"
AGGATGCTACTAGC-1,B cell,B cell,B cell,B cell,B cell,B cell,B cell,6,B cell,6,B cell
AGGATGCTTTAGGC-1,"CD8-positive, alpha-beta T cell","CD8-positive, alpha-beta T cell",natural killer cell,natural killer cell,natural killer cell,natural killer cell,natural killer cell,4,natural killer cell,4,natural killer cell
AGGCAACTGAAGGC-1,"CD4-positive, alpha-beta T cell","CD4-positive, alpha-beta T cell","CD4-positive, alpha-beta T cell","CD4-positive, alpha-beta T cell",innate lymphoid cell,"CD4-positive, alpha-beta T cell","CD4-positive, alpha-beta T cell",5,"CD4-positive, alpha-beta T cell",5,"CD4-positive, alpha-beta T cell"
AGGCAGGAGTACCA-1,"CD8-positive, alpha-beta T cell","CD8-positive, alpha-beta T cell","CD8-positive, alpha-beta thymocyte","CD8-positive, alpha-beta T cell","CD8-positive, alpha-beta T cell","CD8-positive, alpha-beta T cell","CD8-positive, alpha-beta T cell",5,"CD8-positive, alpha-beta T cell",5,"CD8-positive, alpha-beta T cell"
AGGCCTCTAGTCGT-1,"CD4-positive, alpha-beta T cell","CD4-positive, alpha-beta thymocyte",innate lymphoid cell,"CD4-positive, alpha-beta T cell",innate lymphoid cell,innate lymphoid cell,innate lymphoid cell,3,innate lymphoid cell,3,lymphocyte
AGGCCTCTCGGAGA-1,"CD4-positive, alpha-beta T cell","CD4-positive, alpha-beta thymocyte",stromal cell,B cell,innate lymphoid cell,innate lymphoid cell,innate lymphoid cell,2,innate lymphoid cell,2,lymphocyte
AGGCCTCTCGTAAC-1,"CD4-positive, alpha-beta T cell","CD4-positive, alpha-beta T cell",non-classical monocyte,non-classical monocyte,non-classical monocyte,non-classical monocyte,non-classical monocyte,4,non-classical monocyte,4,non-classical monocyte
AGGGACGACGTTGA-1,"CD4-positive, alpha-beta T cell","CD4-positive, alpha-beta thymocyte","CD8-positive, alpha-beta thymocyte","naive thymus-derived CD4-positive, alpha-beta T cell","naive thymus-derived CD4-positive, alpha-beta T cell","naive thymus-derived CD4-positive, alpha-beta T cell","naive thymus-derived CD4-positive, alpha-beta T cell",3,"naive thymus-derived CD4-positive, alpha-beta T cell",3,"CD4-positive, alpha-beta T cell"
AGGGACGAGTCAAC-1,natural killer cell,natural killer cell,natural killer cell,natural killer cell,natural killer cell,natural killer cell,natural killer cell,6,natural killer cell,6,natural killer cell
AGGGACGAGTTGTG-1,"CD4-positive, alpha-beta T cell","CD4-positive, alpha-beta T cell","naive thymus-derived CD4-positive, alpha-beta T cell","CD4-positive, alpha-beta T cell","naive thymus-derived CD4-positive, alpha-beta T cell","naive thymus-derived CD4-positive, alpha-beta T cell","CD4-positive, alpha-beta T cell",4,"CD4-positive, alpha-beta T cell",3,"CD4-positive, alpha-beta T cell"
AGGGACGATAGAGA-1,"CD8-positive, alpha-beta T cell","CD8-positive, alpha-beta T cell","CD8-positive, alpha-beta thymocyte","CD8-positive, alpha-beta T cell","CD8-positive, alpha-beta T cell","CD8-positive, alpha-beta T cell","CD8-positive, alpha-beta T cell",5,"CD8-positive, alpha-beta T cell",5,"CD8-positive, alpha-beta T cell"
AGGGACGATGCATG-1,"CD8-positive, alpha-beta T cell","CD8-positive, alpha-beta T cell","CD8-positive, alpha-beta T cell","CD8-positive, alpha-beta T cell","CD8-positive, alpha-beta T cell","CD8-positive, alpha-beta T cell","CD8-positive, alpha-beta T cell",6,"CD8-positive, alpha-beta T cell",6,"CD8-positive, alpha-beta T cell"
AGGGAGTGAGCCTA-1,"CD4-positive, alpha-beta T cell",regulatory T cell,innate lymphoid cell,B cell,innate lymphoid cell,innate lymphoid cell,innate lymphoid cell,3,innate lymphoid cell,3,lymphocyte
AGGGCCACCATACG-1,"CD4-positive, alpha-beta T cell","naive thymus-derived CD4-positive, alpha-beta T cell",innate lymphoid cell,T cell,innate lymphoid cell,innate lymphoid cell,innate lymphoid cell,3,innate lymphoid cell,3,lymphocyte
AGGGCGCTATGGTC-1,"CD4-positive, alpha-beta T cell","CD4-positive, alpha-beta T cell","CD4-positive, alpha-beta T cell","CD4-positive, alpha-beta thymocyte","CD4-positive, alpha-beta T cell","CD4-positive, alpha-beta T cell","CD4-positive, alpha-beta T cell",5,"CD4-positive, alpha-beta T cell",5,"CD4-positive, alpha-beta T cell"
AGGGTGGACAGTCA-1,B cell,B cell,"CD8-positive, alpha-beta thymocyte",B cell,B cell,B cell,B cell,5,B cell,5,B cell
AGGGTGGACTCAAG-1,macrophage,myeloid dendritic cell,myeloid dendritic cell,classical monocyte,myeloid dendritic cell,myeloid dendritic cell,myeloid dendritic cell,4,myeloid dendritic cell,4,conventional dendritic cell
AGGGTGGAGTTGCA-1,"CD8-positive, alpha-beta T cell","CD8-positive, alpha-beta T cell","CD8-positive, alpha-beta T cell","CD8-positive, alpha-beta T cell","CD8-positive, alpha-beta T cell","CD8-positive, alpha-beta T cell","CD8-positive, alpha-beta T cell",6,"CD8-positive, alpha-beta T cell",6,"CD8-positive, alpha-beta T cell"
AGGGTTTGTTCATC-1,macrophage,myeloid dendritic cell,macrophage,myeloid dendritic cell,myeloid dendritic cell,classical monocyte,myeloid dendritic cell,3,myeloid dendritic cell,3,professional antigen presenting cell
AGGTCATGAGTGTC-1,B cell,B cell,B cell,B cell,B cell,B cell,B cell,6,B cell,6,B cell
AGGTCATGCTTATC-1,"CD8-positive, alpha-beta T cell","CD8-positive, alpha-beta T cell","CD8-positive, alpha-beta T cell","CD8-positive, alpha-beta T cell","CD8-positive, alpha-beta T cell","CD8-positive, alpha-beta T cell","CD8-positive, alpha-beta T cell",6,"CD8-positive, alpha-beta T cell",6,"CD8-positive, alpha-beta T cell"
AGGTCTGATTCTCA-1,macrophage,non-classical monocyte,myeloid cell,non-classical monocyte,non-classical monocyte,classical monocyte,non-classical monocyte,3,non-classical monocyte,3,myeloid leukocyte
AGGTGGGAAGAATG-1,"CD4-positive, alpha-beta T cell","CD4-positive, alpha-beta T cell",serous cell of epithelium of trachea,"CD4-positive, alpha-beta T cell","CD4-positive, alpha-beta T cell","CD4-positive, alpha-beta T cell","CD4-positive, alpha-beta T cell",5,"CD4-positive, alpha-beta T cell",5,"CD4-positive, alpha-beta T cell"
AGGTGGGAAGTTCG-1,"CD4-positive, alpha-beta T cell","CD4-positive, alpha-beta thymocyte","CD8-positive, alpha-beta thymocyte","CD4-positive, alpha-beta T cell","naive thymus-derived CD4-positive, alpha-beta T cell","naive thymus-derived CD4-positive, alpha-beta T cell","CD4-positive, alpha-beta T cell",3,"CD4-positive, alpha-beta T cell",2,"CD4-positive, alpha-beta T cell"
AGGTGTTGGTTACG-1,B cell,B cell,B cell,B cell,B cell,B cell,B cell,6,B cell,6,B cell
AGGTTCGAACCTCC-1,classical monocyte,monocyte,colon macrophage,monocyte,classical monocyte,classical monocyte,classical monocyte,3,classical monocyte,3,monocyte
AGGTTCGAACGTAC-1,classical monocyte,monocyte,erythrocyte,non-classical monocyte,classical monocyte,intermediate monocyte,classical monocyte,2,classical monocyte,2,monocyte
AGGTTCGAGGGTGA-1,"CD4-positive, alpha-beta T cell",regulatory T cell,"CD8-positive, alpha-beta T cell","CD8-positive, alpha-beta T cell","CD8-positive, alpha-beta T cell","CD8-positive, alpha-beta T cell","CD8-positive, alpha-beta T cell",4,"CD8-positive, alpha-beta T cell",4,"CD8-positive, alpha-beta T cell"
AGTAAGGAGTTTGG-1,"CD4-positive, alpha-beta T cell","CD4-positive, alpha-beta T cell","CD8-positive, alpha-beta thymocyte","CD8-positive, alpha-beta T cell",innate lymphoid cell,innate lymphoid cell,"CD4-positive, alpha-beta T cell",2,"CD4-positive, alpha-beta T cell",2,alpha-beta T cell
AGTAAGGATTCTTG-1,"CD4-positive, alpha-beta T cell","CD4-positive, alpha-beta T cell",monocyte,"CD4-positive, alpha-beta thymocyte","CD4-positive, alpha-beta T cell","naive thymus-derived CD4-positive, alpha-beta T cell","CD4-positive, alpha-beta T cell",3,"CD4-positive, alpha-beta T cell",3,"CD4-positive, alpha-beta T cell"
AGTAATACATCACG-1,"CD8-positive, alpha-beta T cell",natural killer cell,natural killer cell,natural killer cell,natural killer cell,mature NK T cell,natural killer cell,4,natural killer cell,4,natural killer cell
AGTAATACCGAACT-1,B cell,B cell,B cell,myeloid dendritic cell,B cell,B cell,B cell,5,B cell,5,B cell
AGTAATTGTCCCAC-1,"CD4-positive, alpha-beta T cell","CD4-positive, alpha-beta T cell","naive thymus-derived CD4-positive, alpha-beta T cell","CD4-positive, alpha-beta T cell","naive thymus-derived CD4-positive, alpha-beta T cell","naive thymus-derived CD4-positive, alpha-beta T cell","CD4-positive, alpha-beta T cell",4,"CD4-positive, alpha-beta T cell",3,"CD4-positive, alpha-beta T cell"
AGTACGTGAGGGTG-1,"CD4-positive, alpha-beta T cell","naive thymus-derived CD4-positive, alpha-beta T cell",innate lymphoid cell,"CD4-positive, alpha-beta T cell",innate lymphoid cell,innate lymphoid cell,innate lymphoid cell,3,innate lymphoid cell,3,lymphocyte
AGTACGTGCTGCAA-1,"CD4-positive, alpha-beta T cell","CD4-positive, alpha-beta T cell","CD8-positive, alpha-beta thymocyte","CD8-positive, alpha-beta T cell",innate lymphoid cell,"CD4-positive, alpha-beta T cell","CD4-positive, alpha-beta T cell",3,"CD4-positive, alpha-beta T cell",3,mature alpha-beta T cell
AGTACGTGCTTGGA-1,"CD4-positive, alpha-beta T cell","CD4-positive, alpha-beta T cell",serous cell of epithelium of trachea,"naive thymus-derived CD4-positive, alpha-beta T cell","naive thymus-derived CD4-positive, alpha-beta T cell","naive thymus-derived CD4-positive, alpha-beta T cell","CD4-positive, alpha-beta T cell",3,"naive thymus-derived CD4-positive, alpha-beta T cell",3,"CD4-positive, alpha-beta T cell"
AGTACTCTACGTGT-1,B cell,B cell,B cell,B cell,B cell,B cell,B cell,6,B cell,6,B cell
AGTACTCTCAACCA-1,"CD8-positive, alpha-beta T cell","CD8-positive, alpha-beta T cell","CD8-positive, alpha-beta thymocyte","CD8-positive, alpha-beta T cell","CD8-positive, alpha-beta T cell","CD8-positive, alpha-beta thymocyte","CD8-positive, alpha-beta T cell",4,"CD8-positive, alpha-beta T cell",4,"CD8-positive, alpha-beta T cell"
AGTACTCTCGGTAT-1,"CD4-positive, alpha-beta T cell","CD4-positive, alpha-beta T cell","CD8-positive, alpha-beta thymocyte","CD4-positive, alpha-beta T cell","CD8-positive, alpha-beta T cell","CD8-positive, alpha-beta thymocyte","CD4-positive, alpha-beta T cell",3,"CD4-positive, alpha-beta T cell",3,mature alpha-beta T cell
AGTAGGCTTGCCTC-1,macrophage,non-classical monocyte,non-classical monocyte,non-classical monocyte,non-classical monocyte,non-classical monocyte,non-classical monocyte,5,non-classical monocyte,5,non-classical monocyte
AGTATAACTTGTCT-1,macrophage,non-classical monocyte,non-classical monocyte,non-classical monocyte,non-classical monocyte,non-classical monocyte,non-classical monocyte,5,non-classical monocyte,5,non-classical monocyte
AGTATCCTAGAACA-1,"CD4-positive, alpha-beta T cell","CD4-positive, alpha-beta thymocyte","CD4-positive, alpha-beta T cell","CD4-positive, alpha-beta T cell","naive thymus-derived CD4-positive, alpha-beta T cell","CD4-positive, alpha-beta T cell","CD4-positive, alpha-beta T cell",5,"CD4-positive, alpha-beta T cell",4,"CD4-positive, alpha-beta T cell"
AGTCACGATGAGCT-1,"CD8-positive, alpha-beta T cell",myeloid dendritic cell,mature NK T cell,B cell,natural killer cell,myeloid dendritic cell,myeloid dendritic cell,2,myeloid dendritic cell,2,lymphocyte
AGTCAGACGAATAG-1,"CD4-positive, alpha-beta T cell","CD4-positive, alpha-beta T cell","CD8-positive, alpha-beta thymocyte","CD4-positive, alpha-beta T cell","naive thymus-derived CD4-positive, alpha-beta T cell","naive thymus-derived CD4-positive, alpha-beta T cell","CD4-positive, alpha-beta T cell",4,"CD4-positive, alpha-beta T cell",3,"CD4-positive, alpha-beta T cell"
AGTCAGACGCTTAG-1,"CD8-positive, alpha-beta T cell","CD8-positive, alpha-beta T cell",stromal cell,"CD8-positive, alpha-beta thymocyte","CD8-positive, alpha-beta T cell",thymocyte,"CD8-positive, alpha-beta T cell",3,"CD8-positive, alpha-beta T cell",3,alpha-beta T cell
AGTCAGACTAGAGA-1,"CD8-positive, alpha-beta T cell","CD8-positive, alpha-beta T cell",mature NK T cell,"CD4-positive, alpha-beta T cell",mature NK T cell,"CD8-positive, alpha-beta T cell","CD8-positive, alpha-beta T cell",3,"CD8-positive, alpha-beta T cell",3,mature alpha-beta T cell
AGTCAGACTGCACA-1,"CD4-positive, alpha-beta T cell","CD4-positive, alpha-beta T cell",stromal cell,"CD4-positive, alpha-beta T cell","naive thymus-derived CD4-positive, alpha-beta T cell",thymocyte,"CD4-positive, alpha-beta T cell",4,"CD4-positive, alpha-beta T cell",3,"CD4-positive, alpha-beta T cell"
AGTCCAGATATCTC-1,"CD4-positive, alpha-beta T cell","CD4-positive, alpha-beta thymocyte",stromal cell,leukocyte,myeloid dendritic cell,regulatory T cell,leukocyte,2,"CD4-positive, alpha-beta T cell",1,mononuclear cell
AGTCCAGATTTCAC-1,"CD4-positive, alpha-beta T cell","CD4-positive, alpha-beta thymocyte","naive thymus-derived CD4-positive, alpha-beta T cell","naive thymus-derived CD4-positive, alpha-beta T cell","naive thymus-derived CD4-positive, alpha-beta T cell","naive thymus-derived CD4-positive, alpha-beta T cell","naive thymus-derived CD4-positive, alpha-beta T cell",4,"naive thymus-derived CD4-positive, alpha-beta T cell",4,"naive thymus-derived CD4-positive, alpha-beta T cell"
AGTCGAACCAACCA-1,"CD4-positive, alpha-beta T cell","naive thymus-derived CD4-positive, alpha-beta T cell",innate lymphoid cell,"CD4-positive, alpha-beta T cell",innate lymphoid cell,innate lymphoid cell,innate lymphoid cell,3,innate lymphoid cell,3,lymphocyte
AGTCGCCTCCGTAA-1,"CD4-positive, alpha-beta T cell","CD4-positive, alpha-beta T cell","CD8-positive, alpha-beta thymocyte","CD4-positive, alpha-beta T cell","CD4-positive, alpha-beta T cell","CD4-positive, alpha-beta T cell","CD4-positive, alpha-beta T cell",5,"CD4-positive, alpha-beta T cell",5,"CD4-positive, alpha-beta T cell"
AGTCTACTAGGGTG-1,macrophage,myeloid dendritic cell,erythrocyte,myeloid dendritic cell,myeloid dendritic cell,classical monocyte,myeloid dendritic cell,3,myeloid dendritic cell,3,professional antigen presenting cell
AGTCTACTTGCATG-1,macrophage,non-classical monocyte,non-classical monocyte,non-classical monocyte,non-classical monocyte,non-classical monocyte,non-classical monocyte,5,non-classical monocyte,5,non-classical monocyte
AGTCTTACACCACA-1,"CD4-positive, alpha-beta T cell","CD4-positive, alpha-beta T cell","CD8-positive, alpha-beta thymocyte","naive thymus-derived CD8-positive, alpha-beta T cell","CD8-positive, alpha-beta thymocyte","CD8-positive, alpha-beta thymocyte","CD8-positive, alpha-beta thymocyte",3,"CD8-positive, alpha-beta thymocyte",3,alpha-beta T cell
AGTCTTACTTCGCC-1,"CD8-positive, alpha-beta T cell","CD8-positive, alpha-beta T cell","CD8-positive, alpha-beta T cell","CD8-positive, alpha-beta T cell","CD8-positive, alpha-beta T cell","CD8-positive, alpha-beta T cell","CD8-positive, alpha-beta T cell",6,"CD8-positive, alpha-beta T cell",6,"CD8-positive, alpha-beta T cell"
AGTCTTACTTCGGA-1,platelet,platelet,platelet,platelet,platelet,platelet,platelet,6,platelet,6,serotonin secreting cell
AGTGACTGCAACTG-1,macrophage,non-classical monocyte,non-classical monocyte,non-classical monocyte,non-classical monocyte,non-classical monocyte,non-classical monocyte,5,non-classical monocyte,5,non-classical monocyte
AGTGTTCTAACCTG-1,"CD4-positive, alpha-beta T cell","CD4-positive, alpha-beta T cell","naive thymus-derived CD4-positive, alpha-beta T cell","CD4-positive, alpha-beta T cell","naive thymus-derived CD4-positive, alpha-beta T cell",innate lymphoid cell,"CD4-positive, alpha-beta T cell",4,"CD4-positive, alpha-beta T cell",3,"CD4-positive, alpha-beta T cell"
AGTGTTCTATAAGG-1,"CD4-positive, alpha-beta T cell","CD8-positive, alpha-beta T cell","CD8-positive, alpha-beta thymocyte","CD8-positive, alpha-beta T cell","CD8-positive, alpha-beta T cell",thymocyte,"CD8-positive, alpha-beta T cell",3,"CD8-positive, alpha-beta T cell",3,mature alpha-beta T cell
AGTGTTCTCACTTT-1,monocyte,monocyte,monocyte,monocyte,myeloid dendritic cell,monocyte,monocyte,5,monocyte,5,monocyte
AGTTAAACCACTTT-1,"CD4-positive, alpha-beta T cell","CD4-positive, alpha-beta T cell","CD4-positive, alpha-beta T cell","CD4-positive, alpha-beta T cell","naive thymus-derived CD4-positive, alpha-beta T cell","CD4-positive, alpha-beta T cell","CD4-positive, alpha-beta T cell",6,"CD4-positive, alpha-beta T cell",5,"CD4-positive, alpha-beta T cell"
AGTTATGAACAGTC-1,classical monocyte,monocyte,monocyte,monocyte,monocyte,monocyte,monocyte,5,monocyte,5,monocyte
AGTTATGACTGAGT-1,"CD4-positive, alpha-beta T cell","CD4-positive, alpha-beta T cell","CD8-positive, alpha-beta T cell","CD8-positive, alpha-beta thymocyte","CD8-positive, alpha-beta T cell",innate lymphoid cell,"CD4-positive, alpha-beta T cell",2,"CD4-positive, alpha-beta T cell",2,mature alpha-beta T cell
AGTTATGAGTTCAG-1,"CD4-positive, alpha-beta T cell","naive thymus-derived CD4-positive, alpha-beta T cell","naive thymus-derived CD4-positive, alpha-beta T cell","naive thymus-derived CD4-positive, alpha-beta T cell","naive thymus-derived CD4-positive, alpha-beta T cell","naive thymus-derived CD4-positive, alpha-beta T cell","naive thymus-derived CD4-positive, alpha-beta T cell",5,"naive thymus-derived CD4-positive, alpha-beta T cell",5,"naive thymus-derived CD4-positive, alpha-beta T cell"
AGTTCTACCAGCTA-1,monocyte,monocyte,basophil,neutrophil,myeloid dendritic cell,classical monocyte,monocyte,2,monocyte,2,myeloid leukocyte
AGTTCTTGAAGCCT-1,"CD8-positive, alpha-beta T cell","CD8-positive, alpha-beta T cell",mature NK T cell,"CD8-positive, alpha-beta T cell","CD8-positive, alpha-beta T cell","CD8-positive, alpha-beta T cell","CD8-positive, alpha-beta T cell",5,"CD8-positive, alpha-beta T cell",5,"CD8-positive, alpha-beta T cell"
AGTTGTCTACTACG-1,"CD4-positive, alpha-beta T cell","CD4-positive, alpha-beta thymocyte","CD8-positive, alpha-beta thymocyte","CD4-positive, alpha-beta T cell",innate lymphoid cell,"CD4-positive, alpha-beta thymocyte","CD4-positive, alpha-beta T cell",2,"CD4-positive, alpha-beta T cell",2,alpha-beta T cell
AGTTTAGATGGTCA-1,"CD4-positive, alpha-beta T cell","CD8-positive, alpha-beta thymocyte","CD8-positive, alpha-beta thymocyte","naive thymus-derived CD8-positive, alpha-beta T cell","naive thymus-derived CD4-positive, alpha-beta T cell",innate lymphoid cell,"CD4-positive, alpha-beta T cell",2,"CD8-positive, alpha-beta thymocyte",2,alpha-beta T cell
AGTTTCACGGTCTA-1,"CD8-positive, alpha-beta T cell","CD8-positive, alpha-beta T cell","CD8-positive, alpha-beta thymocyte","CD8-positive, alpha-beta T cell","CD8-positive, alpha-beta T cell","CD8-positive, alpha-beta T cell","CD8-positive, alpha-beta T cell",5,"CD8-positive, alpha-beta T cell",5,"CD8-positive, alpha-beta T cell"
AGTTTGCTACAGTC-1,"CD4-positive, alpha-beta T cell","CD4-positive, alpha-beta thymocyte","CD8-positive, alpha-beta thymocyte","CD8-positive, alpha-beta thymocyte","naive thymus-derived CD4-positive, alpha-beta T cell","CD4-positive, alpha-beta T cell","CD4-positive, alpha-beta T cell",3,"CD4-positive, alpha-beta T cell",2,alpha-beta T cell
AGTTTGCTACTGGT-1,natural killer cell,natural killer cell,"CD8-positive, alpha-beta T cell",myeloid dendritic cell,natural killer cell,natural killer cell,natural killer cell,4,natural killer cell,4,natural killer cell
AGTTTGCTCCAAGT-1,"CD4-positive, alpha-beta T cell","CD4-positive, alpha-beta T cell","CD8-positive, alpha-beta T cell","CD4-positive, alpha-beta T cell","CD4-positive, alpha-beta T cell","CD4-positive, alpha-beta T cell","CD4-positive, alpha-beta T cell",5,"CD4-positive, alpha-beta T cell",5,"CD4-positive, alpha-beta T cell"
ATAAACACAGTGCT-1,B cell,B cell,B cell,B cell,B cell,B cell,B cell,6,B cell,6,B cell
ATAAACACCACCAA-1,"CD4-positive, alpha-beta T cell","CD4-positive, alpha-beta T cell","naive thymus-derived CD8-positive, alpha-beta T cell","naive thymus-derived CD8-positive, alpha-beta T cell","naive thymus-derived CD4-positive, alpha-beta T cell","CD4-positive, alpha-beta T cell","CD4-positive, alpha-beta T cell",4,"CD4-positive, alpha-beta T cell",3,"CD4-positive, alpha-beta T cell"
ATAACAACATGCTG-1,classical monocyte,monocyte,monocyte,monocyte,monocyte,classical monocyte,monocyte,4,monocyte,4,monocyte
ATAACAACGTCTAG-1,"CD4-positive, alpha-beta T cell","CD4-positive, alpha-beta thymocyte",monocyte,"CD8-positive, alpha-beta T cell","CD4-positive, alpha-beta T cell","CD4-positive, alpha-beta T cell","CD4-positive, alpha-beta T cell",3,"CD4-positive, alpha-beta T cell",3,mature alpha-beta T cell
ATAACAACTTTGTC-1,T cell,"CD4-positive, alpha-beta T cell",innate lymphoid cell,"naive thymus-derived CD4-positive, alpha-beta T cell","naive thymus-derived CD4-positive, alpha-beta T cell",innate lymphoid cell,"CD4-positive, alpha-beta T cell",2,innate lymphoid cell,2,T cell
ATAACATGTACTCT-1,"CD4-positive, alpha-beta T cell","CD4-positive, alpha-beta T cell","CD4-positive, alpha-beta T cell","CD4-positive, alpha-beta T cell","naive thymus-derived CD4-positive, alpha-beta T cell","CD4-positive, alpha-beta T cell","CD4-positive, alpha-beta T cell",6,"CD4-positive, alpha-beta T cell",5,"CD4-positive, alpha-beta T cell"
ATAACCCTGTTGGT-1,"CD4-positive, alpha-beta T cell","CD4-positive, alpha-beta T cell","CD8-positive, alpha-beta thymocyte","CD8-positive, alpha-beta thymocyte","CD8-positive, alpha-beta T cell","CD8-positive, alpha-beta T cell","CD4-positive, alpha-beta T cell",2,"CD4-positive, alpha-beta T cell",2,mature alpha-beta T cell
ATAACCCTTGGTAC-1,"CD4-positive, alpha-beta T cell","CD4-positive, alpha-beta T cell","CD4-positive, alpha-beta T cell","CD4-positive, alpha-beta T cell","naive thymus-derived CD4-positive, alpha-beta T cell","CD4-positive, alpha-beta T cell","CD4-positive, alpha-beta T cell",6,"CD4-positive, alpha-beta T cell",5,"CD4-positive, alpha-beta T cell"
ATAAGTACGAATGA-1,B cell,B cell,B cell,B cell,B cell,B cell,B cell,6,B cell,6,B cell
ATAAGTTGGTACGT-1,B cell,myeloid dendritic cell,non-classical monocyte,non-classical monocyte,non-classical monocyte,monocyte,non-classical monocyte,3,non-classical monocyte,3,monocyte
ATAAGTTGTCTAGG-1,"CD4-positive, alpha-beta T cell","CD4-positive, alpha-beta T cell","CD4-positive, alpha-beta T cell","CD4-positive, alpha-beta T cell","naive thymus-derived CD4-positive, alpha-beta T cell","CD4-positive, alpha-beta T cell","CD4-positive, alpha-beta T cell",6,"CD4-positive, alpha-beta T cell",5,"CD4-positive, alpha-beta T cell"
ATAATCGAGCTGAT-1,B cell,B cell,B cell,B cell,B cell,B cell,B cell,6,B cell,6,B cell
ATAATCGATGGTTG-1,"CD4-positive, alpha-beta T cell","CD4-positive, alpha-beta thymocyte",innate lymphoid cell,"CD4-positive, alpha-beta T cell",innate lymphoid cell,innate lymphoid cell,innate lymphoid cell,3,innate lymphoid cell,3,lymphocyte
ATAATGACCTACTT-1,"CD4-positive, alpha-beta T cell","CD4-positive, alpha-beta thymocyte","naive thymus-derived CD4-positive, alpha-beta T cell","naive thymus-derived CD4-positive, alpha-beta T cell","naive thymus-derived CD4-positive, alpha-beta T cell","naive thymus-derived CD4-positive, alpha-beta T cell","naive thymus-derived CD4-positive, alpha-beta T cell",4,"naive thymus-derived CD4-positive, alpha-beta T cell",4,"naive thymus-derived CD4-positive, alpha-beta T cell"
ATAATGACTCGTGA-1,intermediate monocyte,myeloid dendritic cell,intermediate monocyte,B cell,myeloid dendritic cell,monocyte,intermediate monocyte,2,intermediate monocyte,2,myeloid leukocyte
ATACAATGTTAGGC-1,"CD4-positive, alpha-beta T cell","naive thymus-derived CD4-positive, alpha-beta T cell","naive thymus-derived CD4-positive, alpha-beta T cell","CD4-positive, alpha-beta T cell","naive thymus-derived CD4-positive, alpha-beta T cell","naive thymus-derived CD4-positive, alpha-beta T cell","naive thymus-derived CD4-positive, alpha-beta T cell",4,"naive thymus-derived CD4-positive, alpha-beta T cell",4,"naive thymus-derived CD4-positive, alpha-beta T cell"
ATACCACTCGTACA-1,classical monocyte,monocyte,classical monocyte,monocyte,classical monocyte,classical monocyte,classical monocyte,4,classical monocyte,4,classical monocyte
ATACCACTCTAAGC-1,monocyte,myeloid dendritic cell,myeloid dendritic cell,myeloid dendritic cell,myeloid dendritic cell,myeloid dendritic cell,myeloid dendritic cell,5,myeloid dendritic cell,5,conventional dendritic cell
ATACCACTGCCAAT-1,"CD8-positive, alpha-beta T cell",natural killer cell,"CD8-positive, alpha-beta thymocyte",mature NK T cell,mature NK T cell,"CD8-positive, alpha-beta T cell","CD8-positive, alpha-beta T cell",2,"CD8-positive, alpha-beta T cell",2,mature alpha-beta T cell
ATACCGGAATGCTG-1,monocyte,myeloid dendritic cell,microglial cell,myeloid dendritic cell,myeloid dendritic cell,myeloid dendritic cell,myeloid dendritic cell,4,myeloid dendritic cell,4,conventional dendritic cell
ATACCGGACATTTC-1,classical monocyte,myeloid dendritic cell,monocyte,myeloid dendritic cell,myeloid dendritic cell,monocyte,myeloid dendritic cell,3,myeloid dendritic cell,3,myeloid leukocyte
ATACCGGACTTCGC-1,"CD4-positive, alpha-beta T cell","CD4-positive, alpha-beta T cell","naive thymus-derived CD4-positive, alpha-beta T cell","naive thymus-derived CD4-positive, alpha-beta T cell","naive thymus-derived CD4-positive, alpha-beta T cell","naive thymus-derived CD4-positive, alpha-beta T cell","naive thymus-derived CD4-positive, alpha-beta T cell",4,"naive thymus-derived CD4-positive, alpha-beta T cell",4,"naive thymus-derived CD4-positive, alpha-beta T cell"
ATACCGGAGGTGTT-1,monocyte,classical monocyte,monocyte,monocyte,monocyte,monocyte,monocyte,5,monocyte,5,monocyte
ATACCGGATCTCGC-1,"CD4-positive, alpha-beta T cell","CD4-positive, alpha-beta T cell","CD4-positive, alpha-beta T cell",innate lymphoid cell,innate lymphoid cell,"CD4-positive, alpha-beta T cell","CD4-positive, alpha-beta T cell",4,"CD4-positive, alpha-beta T cell",4,"CD4-positive, alpha-beta T cell"
ATACCTACGCATCA-1,"CD4-positive, alpha-beta T cell","CD4-positive, alpha-beta T cell","naive thymus-derived CD4-positive, alpha-beta T cell","CD4-positive, alpha-beta T cell","naive thymus-derived CD4-positive, alpha-beta T cell","naive thymus-derived CD4-positive, alpha-beta T cell","CD4-positive, alpha-beta T cell",4,"CD4-positive, alpha-beta T cell",3,"CD4-positive, alpha-beta T cell"
ATACCTTGGGGCAA-1,regulatory T cell,"CD4-positive, alpha-beta T cell","CD8-positive, alpha-beta thymocyte","CD8-positive, alpha-beta T cell","CD8-positive, alpha-beta T cell","CD8-positive, alpha-beta thymocyte","CD8-positive, alpha-beta thymocyte",2,"CD8-positive, alpha-beta T cell",2,mature T cell
ATACGGACAGACTC-1,monocyte,monocyte,monocyte,monocyte,monocyte,monocyte,monocyte,6,monocyte,6,monocyte
ATACGGACCTACTT-1,classical monocyte,classical monocyte,monocyte,monocyte,monocyte,monocyte,monocyte,4,monocyte,4,monocyte
ATACGGACGAGGTG-1,B cell,B cell,erythrocyte,B cell,B cell,B cell,B cell,5,B cell,5,B cell
ATACGGACTATGCG-1,B cell,B cell,B cell,B cell,B cell,B cell,B cell,6,B cell,6,B cell
ATACGGACTCTGGA-1,monocyte,monocyte,erythrocyte,monocyte,monocyte,monocyte,monocyte,5,monocyte,5,monocyte
ATACGTCTTAACGC-1,monocyte,monocyte,mononuclear phagocyte,myeloid dendritic cell,monocyte,monocyte,monocyte,4,monocyte,4,monocyte
ATACTCTGCTTCGC-1,macrophage,myeloid dendritic cell,plasmacytoid dendritic cell,myeloid dendritic cell,myeloid dendritic cell,myeloid dendritic cell,myeloid dendritic cell,4,myeloid dendritic cell,4,conventional dendritic cell
ATACTCTGGTATGC-1,natural killer cell,natural killer cell,natural killer cell,natural killer cell,natural killer cell,natural killer cell,natural killer cell,6,natural killer cell,6,natural killer cell
ATAGATACCATGGT-1,"CD4-positive, alpha-beta T cell","CD4-positive, alpha-beta T cell","CD4-positive, alpha-beta T cell","CD4-positive, alpha-beta T cell","CD4-positive, alpha-beta T cell","CD4-positive, alpha-beta T cell","CD4-positive, alpha-beta T cell",6,"CD4-positive, alpha-beta T cell",6,"CD4-positive, alpha-beta T cell"
ATAGATACGACGAG-1,"CD4-positive, alpha-beta T cell","CD4-positive, alpha-beta thymocyte",B cell,innate lymphoid cell,innate lymphoid cell,innate lymphoid cell,innate lymphoid cell,3,innate lymphoid cell,3,lymphocyte
ATAGATTGGTGTAC-1,B cell,B cell,B cell,B cell,B cell,B cell,B cell,6,B cell,6,B cell
ATAGCCGAACGGAG-1,"CD4-positive, alpha-beta T cell","naive thymus-derived CD4-positive, alpha-beta T cell",innate lymphoid cell,innate lymphoid cell,innate lymphoid cell,innate lymphoid cell,innate lymphoid cell,4,innate lymphoid cell,4,innate lymphoid cell
ATAGCGTGCAGATC-1,"CD4-positive, alpha-beta T cell","CD4-positive, alpha-beta T cell","CD4-positive, alpha-beta T cell",innate lymphoid cell,"CD4-positive, alpha-beta T cell","CD4-positive, alpha-beta T cell","CD4-positive, alpha-beta T cell",5,"CD4-positive, alpha-beta T cell",5,"CD4-positive, alpha-beta T cell"
ATAGCGTGCCCTTG-1,classical monocyte,monocyte,mononuclear phagocyte,myeloid dendritic cell,monocyte,monocyte,monocyte,3,monocyte,3,monocyte
ATAGCGTGGTATCG-1,classical monocyte,monocyte,neutrophil,neutrophil,neutrophil,monocyte,neutrophil,3,neutrophil,3,myeloid leukocyte
ATAGCGTGTCTCTA-1,"CD4-positive, alpha-beta T cell","CD4-positive, alpha-beta T cell",T cell,natural killer cell,"CD8-positive, alpha-beta T cell",T cell,T cell,3,"CD4-positive, alpha-beta T cell",2,T cell
ATAGCTCTCTGATG-1,"CD4-positive, alpha-beta T cell","naive thymus-derived CD4-positive, alpha-beta T cell",innate lymphoid cell,innate lymphoid cell,innate lymphoid cell,innate lymphoid cell,innate lymphoid cell,4,innate lymphoid cell,4,innate lymphoid cell
ATAGCTCTGAGGTG-1,"CD4-positive, alpha-beta T cell","CD4-positive, alpha-beta thymocyte",erythrocyte,innate lymphoid cell,"naive thymus-derived CD4-positive, alpha-beta T cell",intestinal crypt stem cell of colon,"CD4-positive, alpha-beta T cell",2,"CD4-positive, alpha-beta T cell",1,lymphocyte
ATAGGAGAAACAGA-1,monocyte,myeloid dendritic cell,mature NK T cell,monocyte,non-classical monocyte,classical monocyte,monocyte,3,monocyte,2,monocyte
ATAGGCTGTCAGAC-1,"CD4-positive, alpha-beta T cell","naive thymus-derived CD4-positive, alpha-beta T cell","naive thymus-derived CD4-positive, alpha-beta T cell","CD4-positive, alpha-beta thymocyte","naive thymus-derived CD4-positive, alpha-beta T cell",innate lymphoid cell,"naive thymus-derived CD4-positive, alpha-beta T cell",3,"naive thymus-derived CD4-positive, alpha-beta T cell",3,"CD4-positive, alpha-beta T cell"
ATAGTCCTAGTGTC-1,monocyte,monocyte,classical monocyte,classical monocyte,classical monocyte,classical monocyte,classical monocyte,4,classical monocyte,4,classical monocyte
ATAGTCCTTGCATG-1,T cell,"CD8-positive, alpha-beta T cell",mature NK T cell,"CD8-positive, alpha-beta T cell","CD8-positive, alpha-beta T cell",thymocyte,"CD8-positive, alpha-beta T cell",3,"CD8-positive, alpha-beta T cell",3,mature alpha-beta T cell
ATAGTCCTTGTCGA-1,"CD4-positive, alpha-beta T cell","CD4-positive, alpha-beta T cell","naive thymus-derived CD8-positive, alpha-beta T cell","CD4-positive, alpha-beta T cell","CD4-positive, alpha-beta thymocyte",thymocyte,"CD4-positive, alpha-beta T cell",3,"CD4-positive, alpha-beta T cell",3,mature alpha-beta T cell
ATAGTTGACAACTG-1,"CD4-positive, alpha-beta T cell","naive thymus-derived CD4-positive, alpha-beta T cell",stromal cell,"CD4-positive, alpha-beta T cell","naive thymus-derived CD4-positive, alpha-beta T cell","CD4-positive, alpha-beta T cell","CD4-positive, alpha-beta T cell",4,"CD4-positive, alpha-beta T cell",3,"CD4-positive, alpha-beta T cell"
ATAGTTGACCCTCA-1,macrophage,non-classical monocyte,non-classical monocyte,non-classical monocyte,non-classical monocyte,non-classical monocyte,non-classical monocyte,5,non-classical monocyte,5,non-classical monocyte
ATAGTTGAGACGTT-1,"CD4-positive, alpha-beta T cell","CD4-positive, alpha-beta thymocyte",stromal cell,"CD4-positive, alpha-beta T cell","naive thymus-derived CD4-positive, alpha-beta T cell","CD4-positive, alpha-beta T cell","CD4-positive, alpha-beta T cell",4,"CD4-positive, alpha-beta T cell",3,"CD4-positive, alpha-beta T cell"
ATAGTTGATAAGCC-1,"CD4-positive, alpha-beta T cell","naive thymus-derived CD4-positive, alpha-beta T cell",B cell,"CD4-positive, alpha-beta T cell","CD4-positive, alpha-beta T cell","CD4-positive, alpha-beta T cell","CD4-positive, alpha-beta T cell",4,"CD4-positive, alpha-beta T cell",4,"CD4-positive, alpha-beta T cell"
ATATACGAAGCCAT-1,"CD4-positive, alpha-beta T cell","CD4-positive, alpha-beta thymocyte",enterocyte of epithelium proper of small intestine,"CD4-positive, alpha-beta T cell","naive thymus-derived CD4-positive, alpha-beta T cell",innate lymphoid cell,"CD4-positive, alpha-beta T cell",3,"CD4-positive, alpha-beta T cell",2,alpha-beta T cell
ATATACGAATTGGC-1,"CD4-positive, alpha-beta T cell","CD4-positive, alpha-beta T cell","CD4-positive, alpha-beta T cell","CD4-positive, alpha-beta T cell","naive thymus-derived CD4-positive, alpha-beta T cell","CD4-positive, alpha-beta thymocyte","CD4-positive, alpha-beta T cell",5,"CD4-positive, alpha-beta T cell",4,"CD4-positive, alpha-beta T cell"
ATATAGTGGAATGA-1,monocyte,monocyte,monocyte,monocyte,myeloid dendritic cell,monocyte,monocyte,5,monocyte,5,monocyte
ATATGCCTAGATCC-1,macrophage,myeloid dendritic cell,"naive thymus-derived CD4-positive, alpha-beta T cell",B cell,myeloid dendritic cell,monocyte,myeloid dendritic cell,2,myeloid dendritic cell,2,myeloid leukocyte
ATATGCCTGGACAG-1,"CD4-positive, alpha-beta T cell","CD4-positive, alpha-beta T cell","CD8-positive, alpha-beta T cell","CD8-positive, alpha-beta T cell","CD8-positive, alpha-beta T cell","CD8-positive, alpha-beta T cell","CD8-positive, alpha-beta T cell",4,"CD8-positive, alpha-beta T cell",4,"CD8-positive, alpha-beta T cell"
ATATGCCTTCTCTA-1,"CD4-positive, alpha-beta T cell","CD4-positive, alpha-beta thymocyte",innate lymphoid cell,innate lymphoid cell,"naive thymus-derived CD4-positive, alpha-beta T cell","CD4-positive, alpha-beta T cell","CD4-positive, alpha-beta T cell",3,"CD4-positive, alpha-beta T cell",2,alpha-beta T cell
ATATGCCTTGGTAC-1,"CD4-positive, alpha-beta T cell","naive thymus-derived CD4-positive, alpha-beta T cell","CD4-positive, alpha-beta T cell","CD4-positive, alpha-beta T cell","CD4-positive, alpha-beta T cell","CD4-positive, alpha-beta T cell","CD4-positive, alpha-beta T cell",5,"CD4-positive, alpha-beta T cell",5,"CD4-positive, alpha-beta T cell"
ATCAAATGAGCCTA-1,intermediate monocyte,monocyte,basophil,monocyte,myeloid dendritic cell,classical monocyte,monocyte,2,monocyte,2,monocyte
ATCAAATGGGTAAA-1,intermediate monocyte,non-classical monocyte,non-classical monocyte,non-classical monocyte,non-classical monocyte,non-classical monocyte,non-classical monocyte,5,non-classical monocyte,5,non-classical monocyte
ATCAACCTAAACGA-1,"CD4-positive, alpha-beta T cell","CD4-positive, alpha-beta T cell","CD4-positive, alpha-beta T cell","CD4-positive, alpha-beta T cell","CD4-positive, alpha-beta T cell","CD4-positive, alpha-beta T cell","CD4-positive, alpha-beta T cell",6,"CD4-positive, alpha-beta T cell",6,"CD4-positive, alpha-beta T cell"
ATCAACCTGAGGAC-1,"CD4-positive, alpha-beta T cell","naive thymus-derived CD4-positive, alpha-beta T cell","naive thymus-derived CD4-positive, alpha-beta T cell","naive thymus-derived CD4-positive, alpha-beta T cell","naive thymus-derived CD4-positive, alpha-beta T cell","naive thymus-derived CD4-positive, alpha-beta T cell","naive thymus-derived CD4-positive, alpha-beta T cell",5,"naive thymus-derived CD4-positive, alpha-beta T cell",5,"naive thymus-derived CD4-positive, alpha-beta T cell"
ATCAACCTTCTCTA-1,"CD8-positive, alpha-beta T cell","CD8-positive, alpha-beta T cell",mature NK T cell,"CD8-positive, alpha-beta T cell","CD8-positive, alpha-beta T cell","CD8-positive, alpha-beta T cell","CD8-positive, alpha-beta T cell",5,"CD8-positive, alpha-beta T cell",5,"CD8-positive, alpha-beta T cell"
ATCAACCTTTGTCT-1,"CD8-positive, alpha-beta T cell","CD8-positive, alpha-beta T cell","CD8-positive, alpha-beta thymocyte","CD8-positive, alpha-beta T cell","CD8-positive, alpha-beta T cell","CD8-positive, alpha-beta thymocyte","CD8-positive, alpha-beta T cell",4,"CD8-positive, alpha-beta T cell",4,"CD8-positive, alpha-beta T cell"
ATCACACTTTGTCT-1,"CD4-positive, alpha-beta T cell","CD4-positive, alpha-beta T cell","naive thymus-derived CD4-positive, alpha-beta T cell","CD4-positive, alpha-beta T cell","naive thymus-derived CD4-positive, alpha-beta T cell","naive thymus-derived CD4-positive, alpha-beta T cell","CD4-positive, alpha-beta T cell",4,"CD4-positive, alpha-beta T cell",3,"CD4-positive, alpha-beta T cell"
ATCACGGATTTCGT-1,B cell,B cell,mature NK T cell,B cell,B cell,B cell,B cell,5,B cell,5,B cell
ATCATCTGACACCA-1,platelet,platelet,platelet,platelet,platelet,platelet,platelet,6,platelet,6,serotonin secreting cell
ATCATGCTAGAGTA-1,"CD8-positive, alpha-beta T cell","CD8-positive, alpha-beta T cell","CD8-positive, alpha-beta thymocyte",natural killer cell,"CD8-positive, alpha-beta T cell",mature NK T cell,"CD8-positive, alpha-beta T cell",3,"CD8-positive, alpha-beta T cell",3,mature alpha-beta T cell
ATCATGCTGAACCT-1,B cell,B cell,B cell,B cell,B cell,B cell,B cell,6,B cell,6,B cell
ATCCAGGACGCTAA-1,macrophage,non-classical monocyte,non-classical monocyte,non-classical monocyte,non-classical monocyte,non-classical monocyte,non-classical monocyte,5,non-classical monocyte,5,non-classical monocyte
ATCCAGGATGGAAA-1,"CD4-positive, alpha-beta T cell","CD4-positive, alpha-beta T cell",innate lymphoid cell,"CD4-positive, alpha-beta T cell",innate lymphoid cell,"CD4-positive, alpha-beta T cell","CD4-positive, alpha-beta T cell",4,"CD4-positive, alpha-beta T cell",4,"CD4-positive, alpha-beta T cell"
ATCCATACTCCTTA-1,monocyte,myeloid dendritic cell,monocyte,monocyte,myeloid dendritic cell,monocyte,monocyte,4,monocyte,4,monocyte
ATCCATACTTCATC-1,intermediate monocyte,non-classical monocyte,regulatory T cell,non-classical monocyte,non-classical monocyte,monocyte,non-classical monocyte,3,non-classical monocyte,3,monocyte
ATCCCGTGCAGTCA-1,"CD8-positive, alpha-beta T cell",natural killer cell,"CD8-positive, alpha-beta T cell","CD8-positive, alpha-beta T cell",natural killer cell,"CD8-positive, alpha-beta T cell","CD8-positive, alpha-beta T cell",4,"CD8-positive, alpha-beta T cell",4,"CD8-positive, alpha-beta T cell"
ATCCCGTGCATGCA-1,B cell,B cell,B cell,B cell,B cell,B cell,B cell,6,B cell,6,B cell
ATCCCGTGGCTGAT-1,B cell,B cell,B cell,B cell,B cell,B cell,B cell,6,B cell,6,B cell
ATCCGCACGCATCA-1,B cell,B cell,B cell,B cell,B cell,B cell,B cell,6,B cell,6,B cell
ATCCTAACGACGGA-1,B cell,B cell,B cell,B cell,B cell,B cell,B cell,6,B cell,6,B cell
ATCCTAACGCTACA-1,"CD8-positive, alpha-beta T cell","CD8-positive, alpha-beta T cell",monocyte,"CD8-positive, alpha-beta T cell","CD8-positive, alpha-beta T cell","CD8-positive, alpha-beta T cell","CD8-positive, alpha-beta T cell",5,"CD8-positive, alpha-beta T cell",5,"CD8-positive, alpha-beta T cell"
ATCGACGAAACTGC-1,classical monocyte,myeloid dendritic cell,monocyte,myeloid dendritic cell,monocyte,monocyte,monocyte,3,monocyte,3,monocyte
ATCGACGAATGACC-1,"CD4-positive, alpha-beta T cell","CD8-positive, alpha-beta T cell",monocyte,"CD8-positive, alpha-beta thymocyte","CD8-positive, alpha-beta T cell","CD8-positive, alpha-beta T cell","CD8-positive, alpha-beta T cell",3,"CD8-positive, alpha-beta T cell",3,mature alpha-beta T cell
ATCGAGTGGACGTT-1,"CD8-positive, alpha-beta T cell","CD8-positive, alpha-beta T cell","CD8-positive, alpha-beta thymocyte","naive thymus-derived CD8-positive, alpha-beta T cell","CD8-positive, alpha-beta T cell","naive thymus-derived CD8-positive, alpha-beta T cell","CD8-positive, alpha-beta T cell",3,"CD8-positive, alpha-beta T cell",3,"CD8-positive, alpha-beta T cell"
ATCGCAGAATCTCT-1,intermediate monocyte,non-classical monocyte,non-classical monocyte,non-classical monocyte,non-classical monocyte,non-classical monocyte,non-classical monocyte,5,non-classical monocyte,5,non-classical monocyte
ATCGCAGAGTGTCA-1,B cell,B cell,B cell,B cell,B cell,B cell,B cell,6,B cell,6,B cell
ATCGCCACTGAGGG-1,"CD8-positive, alpha-beta T cell","CD8-positive, alpha-beta T cell","CD8-positive, alpha-beta thymocyte","CD8-positive, alpha-beta T cell","CD8-positive, alpha-beta T cell","CD8-positive, alpha-beta thymocyte","CD8-positive, alpha-beta T cell",4,"CD8-positive, alpha-beta T cell",4,"CD8-positive, alpha-beta T cell"
ATCGCCTGGGTCAT-1,"CD4-positive, alpha-beta T cell","CD4-positive, alpha-beta T cell","CD8-positive, alpha-beta thymocyte","CD4-positive, alpha-beta T cell","naive thymus-derived CD4-positive, alpha-beta T cell","naive thymus-derived CD4-positive, alpha-beta T cell","CD4-positive, alpha-beta T cell",4,"CD4-positive, alpha-beta T cell",3,"CD4-positive, alpha-beta T cell"
ATCGCCTGTGGCAT-1,B cell,B cell,B cell,leukocyte,innate lymphoid cell,leukocyte,B cell,3,B cell,3,lymphocyte
ATCGCGCTCAGAGG-1,classical monocyte,monocyte,monocyte,classical monocyte,monocyte,monocyte,monocyte,4,monocyte,4,monocyte
ATCGCGCTGGGATG-1,"CD4-positive, alpha-beta T cell","CD4-positive, alpha-beta T cell","naive thymus-derived CD4-positive, alpha-beta T cell","naive thymus-derived CD4-positive, alpha-beta T cell",innate lymphoid cell,"naive thymus-derived CD4-positive, alpha-beta T cell","naive thymus-derived CD4-positive, alpha-beta T cell",3,"naive thymus-derived CD4-positive, alpha-beta T cell",3,"CD4-positive, alpha-beta T cell"
ATCGCGCTTTTCGT-1,B cell,B cell,B cell,B cell,B cell,B cell,B cell,6,B cell,6,B cell
ATCGGAACCAGTCA-1,"CD4-positive, alpha-beta T cell","CD4-positive, alpha-beta thymocyte","CD8-positive, alpha-beta thymocyte",thymocyte,"CD4-positive, alpha-beta T cell","CD8-positive, alpha-beta thymocyte","CD4-positive, alpha-beta T cell",2,"CD4-positive, alpha-beta T cell",2,thymocyte
ATCGGTGAGTCAAC-1,"CD4-positive, alpha-beta T cell","naive thymus-derived CD4-positive, alpha-beta T cell",serous cell of epithelium of trachea,innate lymphoid cell,innate lymphoid cell,innate lymphoid cell,innate lymphoid cell,3,innate lymphoid cell,3,lymphocyte
ATCGGTGATTGCAG-1,"CD4-positive, alpha-beta T cell","CD4-positive, alpha-beta T cell","naive thymus-derived CD4-positive, alpha-beta T cell","CD4-positive, alpha-beta T cell",innate lymphoid cell,"naive thymus-derived CD4-positive, alpha-beta T cell","CD4-positive, alpha-beta T cell",3,"CD4-positive, alpha-beta T cell",3,"CD4-positive, alpha-beta T cell"
ATCGTTTGCCTACC-1,classical monocyte,monocyte,monocyte,monocyte,monocyte,monocyte,monocyte,5,monocyte,5,monocyte
ATCGTTTGGGTACT-1,monocyte,monocyte,monocyte,monocyte,monocyte,monocyte,monocyte,6,monocyte,6,monocyte
ATCGTTTGTGCCAA-1,classical monocyte,myeloid dendritic cell,erythrocyte,non-classical monocyte,non-classical monocyte,non-classical monocyte,non-classical monocyte,3,non-classical monocyte,3,myeloid leukocyte
ATCTACACCCGCTT-1,classical monocyte,monocyte,myeloid dendritic cell,myeloid dendritic cell,monocyte,monocyte,monocyte,3,monocyte,3,monocyte
ATCTACACCGGGAA-1,"CD4-positive, alpha-beta T cell","CD4-positive, alpha-beta T cell",stromal cell,T cell,innate lymphoid cell,innate lymphoid cell,"CD4-positive, alpha-beta T cell",2,"CD4-positive, alpha-beta T cell",2,lymphocyte
ATCTCAACAGGAGC-1,B cell,B cell,B cell,B cell,B cell,B cell,B cell,6,B cell,6,B cell
ATCTCAACCTTGTT-1,monocyte,monocyte,basophil,classical monocyte,monocyte,monocyte,monocyte,4,monocyte,4,monocyte
ATCTGGGAAACCAC-1,macrophage,myeloid dendritic cell,monocyte,myeloid dendritic cell,monocyte,monocyte,monocyte,3,monocyte,3,myeloid leukocyte
ATCTGGGAAGTGTC-1,monocyte,myeloid dendritic cell,granulocyte,myeloid dendritic cell,myeloid dendritic cell,myeloid cell,myeloid dendritic cell,3,myeloid dendritic cell,3,myeloid leukocyte
ATCTGGGATTCCGC-1,"CD8-positive, alpha-beta T cell","CD8-positive, alpha-beta T cell","CD8-positive, alpha-beta T cell","CD8-positive, alpha-beta T cell","CD8-positive, alpha-beta T cell","CD8-positive, alpha-beta T cell","CD8-positive, alpha-beta T cell",6,"CD8-positive, alpha-beta T cell",6,"CD8-positive, alpha-beta T cell"
ATCTGTTGAACGGG-1,"CD4-positive, alpha-beta T cell","CD4-positive, alpha-beta T cell",regulatory T cell,"CD4-positive, alpha-beta T cell","naive thymus-derived CD4-positive, alpha-beta T cell","CD4-positive, alpha-beta T cell","CD4-positive, alpha-beta T cell",5,"CD4-positive, alpha-beta T cell",4,"CD4-positive, alpha-beta T cell"
ATCTGTTGACCTCC-1,"CD4-positive, alpha-beta T cell","CD4-positive, alpha-beta T cell",innate lymphoid cell,"CD4-positive, alpha-beta T cell",innate lymphoid cell,innate lymphoid cell,"CD4-positive, alpha-beta T cell",3,"CD4-positive, alpha-beta T cell",3,lymphocyte
ATCTGTTGCCTTCG-1,monocyte,myeloid dendritic cell,endothelial cell of lymphatic vessel,myeloid dendritic cell,non-classical monocyte,myeloid cell,myeloid dendritic cell,2,myeloid dendritic cell,2,myeloid leukocyte
ATCTGTTGGTTGCA-1,"CD4-positive, alpha-beta T cell","CD4-positive, alpha-beta T cell",stromal cell,"naive thymus-derived CD4-positive, alpha-beta T cell","naive thymus-derived CD4-positive, alpha-beta T cell","CD4-positive, alpha-beta T cell","CD4-positive, alpha-beta T cell",4,"CD4-positive, alpha-beta T cell",3,"CD4-positive, alpha-beta T cell"
ATCTTGACACCAAC-1,regulatory T cell,"CD4-positive, alpha-beta T cell","CD4-positive, alpha-beta T cell","CD4-positive, alpha-beta T cell","naive thymus-derived CD4-positive, alpha-beta T cell","CD4-positive, alpha-beta T cell","CD4-positive, alpha-beta T cell",5,"CD4-positive, alpha-beta T cell",4,"CD4-positive, alpha-beta T cell"
ATCTTGACCTCCCA-1,macrophage,myeloid dendritic cell,erythrocyte,mononuclear phagocyte,myeloid dendritic cell,non-classical monocyte,myeloid dendritic cell,2,myeloid dendritic cell,2,mononuclear phagocyte
ATCTTTCTGCATCA-1,"CD4-positive, alpha-beta T cell","CD8-positive, alpha-beta T cell","CD8-positive, alpha-beta T cell",regulatory T cell,"CD8-positive, alpha-beta T cell","CD8-positive, alpha-beta T cell","CD8-positive, alpha-beta T cell",4,"CD8-positive, alpha-beta T cell",4,"CD8-positive, alpha-beta T cell"
ATCTTTCTGTTTCT-1,"CD8-positive, alpha-beta T cell","CD8-positive, alpha-beta T cell","CD8-positive, alpha-beta thymocyte","CD8-positive, alpha-beta T cell","CD8-positive, alpha-beta T cell","CD8-positive, alpha-beta T cell","CD8-positive, alpha-beta T cell",5,"CD8-positive, alpha-beta T cell",5,"CD8-positive, alpha-beta T cell"
ATCTTTCTTGTCCC-1,natural killer cell,natural killer cell,"CD8-positive, alpha-beta thymocyte",natural killer cell,natural killer cell,natural killer cell,natural killer cell,5,natural killer cell,5,natural killer cell
ATGAAACTCTGTGA-1,"CD4-positive, alpha-beta T cell","CD4-positive, alpha-beta T cell","CD4-positive, alpha-beta T cell","CD4-positive, alpha-beta T cell","CD8-positive, alpha-beta T cell","CD4-positive, alpha-beta T cell","CD4-positive, alpha-beta T cell",5,"CD4-positive, alpha-beta T cell",5,"CD4-positive, alpha-beta T cell"
ATGAAACTGAGGCA-1,"CD4-positive, alpha-beta T cell","naive thymus-derived CD4-positive, alpha-beta T cell","CD4-positive, alpha-beta T cell","CD4-positive, alpha-beta T cell",innate lymphoid cell,innate lymphoid cell,"CD4-positive, alpha-beta T cell",3,"CD4-positive, alpha-beta T cell",3,"CD4-positive, alpha-beta T cell"
ATGAAGGAACAGCT-1,"CD4-positive, alpha-beta T cell","CD8-positive, alpha-beta T cell","CD8-positive, alpha-beta T cell","CD8-positive, alpha-beta T cell","CD8-positive, alpha-beta T cell","CD8-positive, alpha-beta T cell","CD8-positive, alpha-beta T cell",5,"CD8-positive, alpha-beta T cell",5,"CD8-positive, alpha-beta T cell"
ATGAAGGACCTGTC-1,B cell,B cell,B cell,B cell,B cell,B cell,B cell,6,B cell,6,B cell
ATGAAGGACCTTAT-1,B cell,B cell,B cell,B cell,B cell,B cell,B cell,6,B cell,6,B cell
ATGAAGGACTAGTG-1,B cell,B cell,myeloid dendritic cell,B cell,myeloid dendritic cell,B cell,B cell,4,B cell,4,B cell
ATGAAGGACTTGCC-1,natural killer cell,natural killer cell,natural killer cell,natural killer cell,natural killer cell,natural killer cell,natural killer cell,6,natural killer cell,6,natural killer cell
ATGACGTGACGACT-1,B cell,B cell,B cell,B cell,B cell,B cell,B cell,6,B cell,6,B cell
ATGACGTGATCGGT-1,macrophage,myeloid dendritic cell,non-classical monocyte,non-classical monocyte,non-classical monocyte,non-classical monocyte,non-classical monocyte,4,non-classical monocyte,4,non-classical monocyte
ATGAGAGAAAGTGA-1,"CD4-positive, alpha-beta T cell","CD4-positive, alpha-beta T cell",mature NK T cell,"CD4-positive, alpha-beta T cell",innate lymphoid cell,innate lymphoid cell,"CD4-positive, alpha-beta T cell",3,"CD4-positive, alpha-beta T cell",3,mature alpha-beta T cell
ATGAGAGAACGCAT-1,"CD4-positive, alpha-beta T cell","CD4-positive, alpha-beta T cell","CD4-positive, alpha-beta T cell",innate lymphoid cell,innate lymphoid cell,innate lymphoid cell,"CD4-positive, alpha-beta T cell",3,"CD4-positive, alpha-beta T cell",3,lymphocyte
ATGAGAGAAGTAGA-1,B cell,B cell,B cell,B cell,B cell,B cell,B cell,6,B cell,6,B cell
ATGAGCACACAGCT-1,"CD4-positive, alpha-beta T cell","naive thymus-derived CD4-positive, alpha-beta T cell","naive thymus-derived CD8-positive, alpha-beta T cell","CD8-positive, alpha-beta T cell","naive thymus-derived CD8-positive, alpha-beta T cell","naive thymus-derived CD8-positive, alpha-beta T cell","naive thymus-derived CD8-positive, alpha-beta T cell",3,"naive thymus-derived CD8-positive, alpha-beta T cell",3,"CD8-positive, alpha-beta T cell"
ATGAGCACATCTTC-1,"naive thymus-derived CD4-positive, alpha-beta T cell","CD4-positive, alpha-beta T cell","CD4-positive, alpha-beta T cell",innate lymphoid cell,innate lymphoid cell,innate lymphoid cell,innate lymphoid cell,3,innate lymphoid cell,3,lymphocyte
ATGATAACTTCACT-1,natural killer cell,natural killer cell,myeloid dendritic cell,mature NK T cell,natural killer cell,natural killer cell,natural killer cell,4,natural killer cell,4,natural killer cell
ATGATATGAAACAG-1,"CD4-positive, alpha-beta T cell","CD4-positive, alpha-beta T cell",stromal cell,"naive thymus-derived CD4-positive, alpha-beta T cell","naive thymus-derived CD4-positive, alpha-beta T cell",innate lymphoid cell,"CD4-positive, alpha-beta T cell",3,"CD4-positive, alpha-beta T cell",2,"CD4-positive, alpha-beta T cell"
ATGATATGACTGGT-1,"CD4-positive, alpha-beta T cell","CD4-positive, alpha-beta thymocyte",innate lymphoid cell,"naive thymus-derived CD4-positive, alpha-beta T cell","naive thymus-derived CD4-positive, alpha-beta T cell",innate lymphoid cell,"CD4-positive, alpha-beta T cell",2,innate lymphoid cell,2,alpha-beta T cell
ATGATATGAGCACT-1,"CD4-positive, alpha-beta T cell","CD4-positive, alpha-beta thymocyte",myeloid dendritic cell,"CD4-positive, alpha-beta T cell","naive thymus-derived CD4-positive, alpha-beta T cell",innate lymphoid cell,"CD4-positive, alpha-beta T cell",3,"CD4-positive, alpha-beta T cell",2,alpha-beta T cell
ATGATATGGTCATG-1,"CD4-positive, alpha-beta T cell","naive thymus-derived CD4-positive, alpha-beta T cell",innate lymphoid cell,"CD4-positive, alpha-beta thymocyte",innate lymphoid cell,innate lymphoid cell,innate lymphoid cell,3,innate lymphoid cell,3,lymphocyte
ATGATATGGTGCTA-1,natural killer cell,natural killer cell,natural killer cell,natural killer cell,natural killer cell,natural killer cell,natural killer cell,6,natural killer cell,6,natural killer cell
ATGATATGTTGTCT-1,macrophage,myeloid dendritic cell,monocyte,monocyte,myeloid dendritic cell,monocyte,monocyte,3,monocyte,3,myeloid leukocyte
ATGCACGAATGTCG-1,B cell,B cell,B cell,myeloid dendritic cell,B cell,B cell,B cell,5,B cell,5,B cell
ATGCACGACTGTAG-1,"CD4-positive, alpha-beta T cell","CD4-positive, alpha-beta T cell",monocyte,myeloid dendritic cell,B cell,"CD4-positive, alpha-beta T cell","CD4-positive, alpha-beta T cell",3,"CD4-positive, alpha-beta T cell",3,lymphocyte
ATGCACGAGTTCGA-1,"CD4-positive, alpha-beta T cell","CD4-positive, alpha-beta thymocyte","CD4-positive, alpha-beta T cell","CD4-positive, alpha-beta T cell","naive thymus-derived CD4-positive, alpha-beta T cell","naive thymus-derived CD4-positive, alpha-beta T cell","CD4-positive, alpha-beta T cell",4,"CD4-positive, alpha-beta T cell",3,"CD4-positive, alpha-beta T cell"
ATGCACGATTGGTG-1,macrophage,myeloid dendritic cell,monocyte,myeloid dendritic cell,myeloid dendritic cell,monocyte,myeloid dendritic cell,3,myeloid dendritic cell,3,professional antigen presenting cell
ATGCAGTGTTACCT-1,B cell,B cell,B cell,B cell,B cell,B cell,B cell,6,B cell,6,B cell
ATGCAGTGTTCTAC-1,"CD4-positive, alpha-beta T cell","naive thymus-derived CD4-positive, alpha-beta T cell",serous cell of epithelium of trachea,"CD4-positive, alpha-beta T cell","CD4-positive, alpha-beta T cell","CD4-positive, alpha-beta T cell","CD4-positive, alpha-beta T cell",4,"CD4-positive, alpha-beta T cell",4,"CD4-positive, alpha-beta T cell"
ATGCCAGAACGACT-1,"CD4-positive, alpha-beta T cell","naive thymus-derived CD4-positive, alpha-beta T cell",stromal cell,"CD4-positive, alpha-beta T cell",innate lymphoid cell,"CD4-positive, alpha-beta T cell","CD4-positive, alpha-beta T cell",3,"CD4-positive, alpha-beta T cell",3,"CD4-positive, alpha-beta T cell"
ATGCCAGACAGTCA-1,classical monocyte,monocyte,intermediate monocyte,non-classical monocyte,myeloid dendritic cell,classical monocyte,classical monocyte,2,classical monocyte,2,monocyte
ATGCCGCTTGAACC-1,macrophage,myeloid dendritic cell,myeloid dendritic cell,monocyte,myeloid dendritic cell,myeloid dendritic cell,myeloid dendritic cell,4,myeloid dendritic cell,4,conventional dendritic cell
ATGCGATGCTATGG-1,macrophage,myeloid dendritic cell,monocyte,monocyte,myeloid dendritic cell,monocyte,monocyte,3,monocyte,3,myeloid leukocyte
ATGCGATGCTGAGT-1,"CD4-positive, alpha-beta T cell","CD4-positive, alpha-beta T cell",innate lymphoid cell,thymocyte,innate lymphoid cell,innate lymphoid cell,innate lymphoid cell,3,innate lymphoid cell,3,lymphocyte
ATGCGATGGTTACG-1,B cell,B cell,B cell,B cell,B cell,B cell,B cell,6,B cell,6,B cell
ATGCGCCTTCATTC-1,"CD4-positive, alpha-beta T cell","naive thymus-derived CD4-positive, alpha-beta T cell","naive thymus-derived CD4-positive, alpha-beta T cell",innate lymphoid cell,innate lymphoid cell,"naive thymus-derived CD4-positive, alpha-beta T cell","naive thymus-derived CD4-positive, alpha-beta T cell",3,"naive thymus-derived CD4-positive, alpha-beta T cell",3,"CD4-positive, alpha-beta T cell"
ATGCTTTGCGAATC-1,T cell,"naive thymus-derived CD4-positive, alpha-beta T cell","CD4-positive, alpha-beta T cell","CD4-positive, alpha-beta T cell","CD4-positive, alpha-beta T cell","CD4-positive, alpha-beta T cell","CD4-positive, alpha-beta T cell",4,"CD4-positive, alpha-beta T cell",4,"CD4-positive, alpha-beta T cell"
ATGCTTTGGGCGAA-1,"CD8-positive, alpha-beta T cell","CD8-positive, alpha-beta T cell","CD8-positive, alpha-beta thymocyte","CD8-positive, alpha-beta T cell","CD8-positive, alpha-beta T cell","CD8-positive, alpha-beta thymocyte","CD8-positive, alpha-beta T cell",4,"CD8-positive, alpha-beta T cell",4,"CD8-positive, alpha-beta T cell"
ATGCTTTGTAGTCG-1,B cell,B cell,B cell,B cell,B cell,B cell,B cell,6,B cell,6,B cell
ATGGACACATCGGT-1,"CD4-positive, alpha-beta T cell","CD4-positive, alpha-beta T cell","CD4-positive, alpha-beta T cell","CD4-positive, alpha-beta T cell","naive thymus-derived CD4-positive, alpha-beta T cell","naive thymus-derived CD4-positive, alpha-beta T cell","CD4-positive, alpha-beta T cell",5,"CD4-positive, alpha-beta T cell",4,"CD4-positive, alpha-beta T cell"
ATGGACACGCATCA-1,natural killer cell,natural killer cell,natural killer cell,natural killer cell,natural killer cell,natural killer cell,natural killer cell,6,natural killer cell,6,natural killer cell
ATGGGTACAACCTG-1,B cell,B cell,B cell,B cell,B cell,B cell,B cell,6,B cell,6,B cell
ATGGGTACATCGGT-1,"CD8-positive, alpha-beta T cell",natural killer cell,natural killer cell,natural killer cell,natural killer cell,natural killer cell,natural killer cell,5,natural killer cell,5,natural killer cell
ATGGGTACTATTCC-1,"CD4-positive, alpha-beta T cell","CD4-positive, alpha-beta T cell",monocyte,innate lymphoid cell,"naive thymus-derived CD4-positive, alpha-beta T cell","CD4-positive, alpha-beta thymocyte","CD4-positive, alpha-beta T cell",3,"CD4-positive, alpha-beta T cell",2,alpha-beta T cell
ATGGGTACTGGGAG-1,"CD4-positive, alpha-beta T cell","CD4-positive, alpha-beta T cell","CD4-positive, alpha-beta T cell","naive thymus-derived CD8-positive, alpha-beta T cell","CD4-positive, alpha-beta T cell","CD4-positive, alpha-beta T cell","CD4-positive, alpha-beta T cell",5,"CD4-positive, alpha-beta T cell",5,"CD4-positive, alpha-beta T cell"
ATGTAAACACCTCC-1,"CD4-positive, alpha-beta T cell","naive thymus-derived CD4-positive, alpha-beta T cell","naive thymus-derived CD4-positive, alpha-beta T cell","CD4-positive, alpha-beta T cell","naive thymus-derived CD4-positive, alpha-beta T cell","CD4-positive, alpha-beta T cell","CD4-positive, alpha-beta T cell",4,"CD4-positive, alpha-beta T cell",3,"CD4-positive, alpha-beta T cell"
ATGTAAACCCGCTT-1,"CD4-positive, alpha-beta T cell","CD4-positive, alpha-beta T cell","CD4-positive, alpha-beta thymocyte","naive thymus-derived CD4-positive, alpha-beta T cell","naive thymus-derived CD4-positive, alpha-beta T cell","CD4-positive, alpha-beta thymocyte","CD4-positive, alpha-beta T cell",3,"CD4-positive, alpha-beta T cell",2,"CD4-positive, alpha-beta T cell"
ATGTAAACGGGATG-1,monocyte,myeloid dendritic cell,granulocyte,myeloid dendritic cell,myeloid dendritic cell,monocyte,myeloid dendritic cell,3,myeloid dendritic cell,3,myeloid leukocyte
ATGTAAACTCTCCG-1,"CD8-positive, alpha-beta T cell","CD4-positive, alpha-beta T cell",mature NK T cell,"CD8-positive, alpha-beta T cell","CD8-positive, alpha-beta T cell","CD8-positive, alpha-beta T cell","CD8-positive, alpha-beta T cell",4,"CD8-positive, alpha-beta T cell",4,"CD8-positive, alpha-beta T cell"
ATGTAAACTTCACT-1,macrophage,myeloid dendritic cell,monocyte,myeloid dendritic cell,myeloid dendritic cell,monocyte,myeloid dendritic cell,3,myeloid dendritic cell,3,professional antigen presenting cell
ATGTACCTCAGTCA-1,"CD4-positive, alpha-beta T cell","CD4-positive, alpha-beta T cell","CD8-positive, alpha-beta T cell","CD8-positive, alpha-beta T cell",innate lymphoid cell,"CD8-positive, alpha-beta thymocyte","CD4-positive, alpha-beta T cell",2,"CD4-positive, alpha-beta T cell",2,mature alpha-beta T cell
ATGTACCTTAGTCG-1,"CD4-positive, alpha-beta T cell","CD4-positive, alpha-beta T cell","CD4-positive, alpha-beta T cell",T cell,"CD4-positive, alpha-beta T cell","CD4-positive, alpha-beta T cell","CD4-positive, alpha-beta T cell",5,"CD4-positive, alpha-beta T cell",5,"CD4-positive, alpha-beta T cell"
ATGTACCTTTATCC-1,classical monocyte,monocyte,erythrocyte,B cell,monocyte,monocyte,monocyte,3,monocyte,3,monocyte
ATGTACCTTTCACT-1,"CD8-positive, alpha-beta T cell","CD8-positive, alpha-beta T cell","CD8-positive, alpha-beta thymocyte","CD8-positive, alpha-beta T cell",myeloid dendritic cell,"CD8-positive, alpha-beta thymocyte","CD8-positive, alpha-beta T cell",3,"CD8-positive, alpha-beta T cell",3,alpha-beta T cell
ATGTCACTAATGCC-1,monocyte,monocyte,erythrocyte,intermediate monocyte,monocyte,monocyte,monocyte,4,monocyte,4,monocyte
ATGTCACTCTGCTC-1,"CD4-positive, alpha-beta T cell","CD4-positive, alpha-beta T cell",innate lymphoid cell,innate lymphoid cell,innate lymphoid cell,innate lymphoid cell,innate lymphoid cell,4,innate lymphoid cell,4,innate lymphoid cell
ATGTCGGAGGTGAG-1,"CD4-positive, alpha-beta T cell","naive thymus-derived CD4-positive, alpha-beta T cell","CD4-positive, alpha-beta thymocyte","CD4-positive, alpha-beta T cell",innate lymphoid cell,innate lymphoid cell,"CD4-positive, alpha-beta T cell",2,"CD4-positive, alpha-beta T cell",2,alpha-beta T cell
ATGTTCACAGTCTG-1,classical monocyte,myeloid dendritic cell,monocyte,intermediate monocyte,monocyte,monocyte,monocyte,3,monocyte,3,monocyte
ATGTTCACCGTAGT-1,"CD4-positive, alpha-beta T cell","CD4-positive, alpha-beta T cell","CD4-positive, alpha-beta T cell","CD4-positive, alpha-beta T cell","naive thymus-derived CD4-positive, alpha-beta T cell","CD4-positive, alpha-beta T cell","CD4-positive, alpha-beta T cell",6,"CD4-positive, alpha-beta T cell",5,"CD4-positive, alpha-beta T cell"
ATGTTGCTTTCAGG-1,"CD4-positive, alpha-beta T cell","CD8-positive, alpha-beta T cell","CD4-positive, alpha-beta T cell","CD4-positive, alpha-beta T cell","CD8-positive, alpha-beta T cell","CD4-positive, alpha-beta T cell","CD4-positive, alpha-beta T cell",4,"CD4-positive, alpha-beta T cell",4,"CD4-positive, alpha-beta T cell"
ATTAACGATGAGAA-1,natural killer cell,natural killer cell,natural killer cell,mature NK T cell,natural killer cell,natural killer cell,natural killer cell,5,natural killer cell,5,natural killer cell
ATTAACGATGCAAC-1,"CD8-positive, alpha-beta T cell","CD8-positive, alpha-beta T cell","naive thymus-derived CD8-positive, alpha-beta T cell","naive thymus-derived CD8-positive, alpha-beta T cell","naive thymus-derived CD8-positive, alpha-beta T cell","naive thymus-derived CD8-positive, alpha-beta T cell","naive thymus-derived CD8-positive, alpha-beta T cell",4,"naive thymus-derived CD8-positive, alpha-beta T cell",4,"naive thymus-derived CD8-positive, alpha-beta T cell"
ATTAAGACTGCAGT-1,"CD4-positive, alpha-beta T cell","CD4-positive, alpha-beta T cell","CD8-positive, alpha-beta T cell","CD4-positive, alpha-beta T cell",innate lymphoid cell,"CD8-positive, alpha-beta T cell","CD4-positive, alpha-beta T cell",3,"CD4-positive, alpha-beta T cell",3,mature alpha-beta T cell
ATTACCTGCCTTAT-1,classical monocyte,monocyte,monocyte,monocyte,monocyte,monocyte,monocyte,5,monocyte,5,monocyte
ATTACCTGGAGGAC-1,macrophage,myeloid dendritic cell,non-classical monocyte,non-classical monocyte,non-classical monocyte,non-classical monocyte,non-classical monocyte,4,non-classical monocyte,4,non-classical monocyte
ATTAGATGTTTCAC-1,"CD4-positive, alpha-beta T cell","CD4-positive, alpha-beta thymocyte","CD8-positive, alpha-beta T cell","CD4-positive, alpha-beta T cell","naive thymus-derived CD4-positive, alpha-beta T cell","CD8-positive, alpha-beta T cell","CD4-positive, alpha-beta T cell",3,"CD4-positive, alpha-beta T cell",2,mature alpha-beta T cell
ATTATGGAATCTCT-1,"CD4-positive, alpha-beta T cell","CD4-positive, alpha-beta T cell",mature NK T cell,"CD4-positive, alpha-beta T cell","naive thymus-derived CD4-positive, alpha-beta T cell","CD4-positive, alpha-beta T cell","CD4-positive, alpha-beta T cell",5,"CD4-positive, alpha-beta T cell",4,"CD4-positive, alpha-beta T cell"
ATTCAAGAACGGGA-1,"CD4-positive, alpha-beta T cell","CD4-positive, alpha-beta T cell",thymocyte,"CD8-positive, alpha-beta T cell","CD8-positive, alpha-beta thymocyte","CD8-positive, alpha-beta thymocyte","CD4-positive, alpha-beta T cell",2,"CD4-positive, alpha-beta T cell",2,alpha-beta T cell
ATTCAAGACCTTTA-1,"CD4-positive, alpha-beta T cell",regulatory T cell,regulatory T cell,regulatory T cell,"CD8-positive, alpha-beta T cell",regulatory T cell,regulatory T cell,4,regulatory T cell,4,regulatory T cell
ATTCAGCTCATTGG-1,platelet,platelet,platelet,platelet,platelet,platelet,platelet,6,platelet,6,serotonin secreting cell
ATTCCAACCATTGG-1,monocyte,classical monocyte,monocyte,monocyte,monocyte,monocyte,monocyte,5,monocyte,5,monocyte
ATTCCAACTTAGGC-1,natural killer cell,natural killer cell,natural killer cell,natural killer cell,natural killer cell,natural killer cell,natural killer cell,6,natural killer cell,6,natural killer cell
ATTCGACTCACTAG-1,"CD4-positive, alpha-beta T cell","CD4-positive, alpha-beta T cell","CD8-positive, alpha-beta thymocyte",innate lymphoid cell,innate lymphoid cell,innate lymphoid cell,innate lymphoid cell,3,innate lymphoid cell,3,lymphocyte
ATTCGACTGAATAG-1,classical monocyte,monocyte,monocyte,myeloid dendritic cell,monocyte,monocyte,monocyte,4,monocyte,4,monocyte
ATTCGACTTTTGTC-1,intermediate monocyte,non-classical monocyte,non-classical monocyte,non-classical monocyte,non-classical monocyte,non-classical monocyte,non-classical monocyte,5,non-classical monocyte,5,non-classical monocyte
ATTCGGGAAAGGCG-1,classical monocyte,myeloid dendritic cell,myeloid dendritic cell,myeloid dendritic cell,myeloid dendritic cell,myeloid dendritic cell,myeloid dendritic cell,5,myeloid dendritic cell,5,conventional dendritic cell
ATTCGGGATTAGGC-1,"CD4-positive, alpha-beta T cell","CD4-positive, alpha-beta T cell","CD4-positive, alpha-beta thymocyte","CD4-positive, alpha-beta T cell","naive thymus-derived CD4-positive, alpha-beta T cell","naive thymus-derived CD4-positive, alpha-beta T cell","CD4-positive, alpha-beta T cell",4,"CD4-positive, alpha-beta T cell",3,"CD4-positive, alpha-beta T cell"
ATTCTTCTGATACC-1,"CD4-positive, alpha-beta T cell","CD8-positive, alpha-beta T cell","CD8-positive, alpha-beta thymocyte","CD4-positive, alpha-beta T cell","CD8-positive, alpha-beta T cell","CD8-positive, alpha-beta thymocyte","CD4-positive, alpha-beta T cell",2,"CD4-positive, alpha-beta T cell",2,mature alpha-beta T cell
ATTGAATGGACGGA-1,"CD4-positive, alpha-beta T cell","CD4-positive, alpha-beta T cell",stromal cell,innate lymphoid cell,innate lymphoid cell,leukocyte,"CD4-positive, alpha-beta T cell",2,"CD4-positive, alpha-beta T cell",2,lymphocyte
ATTGATGAAGGTTC-1,"CD4-positive, alpha-beta T cell","naive thymus-derived CD4-positive, alpha-beta T cell",innate lymphoid cell,"CD4-positive, alpha-beta T cell","naive thymus-derived CD4-positive, alpha-beta T cell",innate lymphoid cell,"CD4-positive, alpha-beta T cell",3,"CD4-positive, alpha-beta T cell",2,"CD4-positive, alpha-beta T cell"
ATTGATGACTGAGT-1,"CD4-positive, alpha-beta T cell","CD4-positive, alpha-beta T cell","CD8-positive, alpha-beta thymocyte","naive thymus-derived CD4-positive, alpha-beta T cell","naive thymus-derived CD4-positive, alpha-beta T cell",regulatory T cell,"CD4-positive, alpha-beta T cell",3,"CD4-positive, alpha-beta T cell",2,"CD4-positive, alpha-beta T cell"
ATTGATGAGCGAAG-1,"CD4-positive, alpha-beta T cell","CD4-positive, alpha-beta T cell",monocyte,"CD4-positive, alpha-beta T cell",innate lymphoid cell,"CD4-positive, alpha-beta T cell","CD4-positive, alpha-beta T cell",4,"CD4-positive, alpha-beta T cell",4,"CD4-positive, alpha-beta T cell"
ATTGATGATCTATC-1,"CD4-positive, alpha-beta T cell","CD4-positive, alpha-beta T cell",innate lymphoid cell,"naive thymus-derived CD4-positive, alpha-beta T cell",innate lymphoid cell,innate lymphoid cell,innate lymphoid cell,3,innate lymphoid cell,3,lymphocyte
ATTGCACTGACGGA-1,"CD4-positive, alpha-beta T cell","CD4-positive, alpha-beta T cell","CD4-positive, alpha-beta T cell","CD8-positive, alpha-beta T cell",innate lymphoid cell,leukocyte,"CD4-positive, alpha-beta T cell",3,"CD4-positive, alpha-beta T cell",3,mature alpha-beta T cell
ATTGCACTGAGAGC-1,macrophage,myeloid dendritic cell,monocyte,non-classical monocyte,non-classical monocyte,non-classical monocyte,non-classical monocyte,3,non-classical monocyte,3,monocyte
ATTGCACTGGAGCA-1,classical monocyte,monocyte,monocyte,classical monocyte,classical monocyte,monocyte,monocyte,4,classical monocyte,3,monocyte
ATTGCACTTAGCCA-1,"CD4-positive, alpha-beta T cell","CD4-positive, alpha-beta T cell","naive thymus-derived CD4-positive, alpha-beta T cell","CD4-positive, alpha-beta T cell","naive thymus-derived CD4-positive, alpha-beta T cell","naive thymus-derived CD4-positive, alpha-beta T cell","CD4-positive, alpha-beta T cell",4,"CD4-positive, alpha-beta T cell",3,"CD4-positive, alpha-beta T cell"
ATTGCACTTGCTTT-1,macrophage,non-classical monocyte,non-classical monocyte,non-classical monocyte,non-classical monocyte,non-classical monocyte,non-classical monocyte,5,non-classical monocyte,5,non-classical monocyte
ATTGCTTGTTACTC-1,B cell,B cell,non-classical monocyte,B cell,B cell,B cell,B cell,5,B cell,5,B cell
ATTGGTCTGACTAC-1,B cell,B cell,stromal cell,myeloid dendritic cell,myeloid dendritic cell,B cell,B cell,3,B cell,3,mononuclear cell
ATTGGTCTTGTCTT-1,B cell,B cell,B cell,innate lymphoid cell,B cell,B cell,B cell,5,B cell,5,B cell
ATTGTAGATTCCCG-1,macrophage,myeloid dendritic cell,myeloid dendritic cell,myeloid dendritic cell,myeloid dendritic cell,myeloid dendritic cell,myeloid dendritic cell,5,myeloid dendritic cell,5,conventional dendritic cell
ATTGTAGATTGCAG-1,"CD8-positive, alpha-beta T cell","CD4-positive, alpha-beta T cell","CD8-positive, alpha-beta thymocyte","CD8-positive, alpha-beta T cell","CD8-positive, alpha-beta T cell","CD8-positive, alpha-beta thymocyte","CD8-positive, alpha-beta T cell",3,"CD8-positive, alpha-beta T cell",3,mature alpha-beta T cell
ATTGTCTGCGTACA-1,"CD4-positive, alpha-beta T cell","CD4-positive, alpha-beta T cell",T cell,T cell,"naive thymus-derived CD4-positive, alpha-beta T cell","CD4-positive, alpha-beta T cell","CD4-positive, alpha-beta T cell",4,"CD4-positive, alpha-beta T cell",3,"CD4-positive, alpha-beta T cell"
ATTTAGGAACCATG-1,macrophage,myeloid dendritic cell,non-classical monocyte,non-classical monocyte,non-classical monocyte,non-classical monocyte,non-classical monocyte,4,non-classical monocyte,4,non-classical monocyte
ATTTAGGACAGAGG-1,"CD4-positive, alpha-beta T cell","CD4-positive, alpha-beta T cell","CD8-positive, alpha-beta T cell","naive thymus-derived CD4-positive, alpha-beta T cell","naive thymus-derived CD4-positive, alpha-beta T cell","CD4-positive, alpha-beta T cell","CD4-positive, alpha-beta T cell",4,"CD4-positive, alpha-beta T cell",3,"CD4-positive, alpha-beta T cell"
ATTTCCGAGATGAA-1,"CD4-positive, alpha-beta T cell","CD4-positive, alpha-beta thymocyte",innate lymphoid cell,innate lymphoid cell,innate lymphoid cell,innate lymphoid cell,innate lymphoid cell,4,innate lymphoid cell,4,innate lymphoid cell
ATTTCCGAGTGCTA-1,"CD4-positive, alpha-beta T cell","CD4-positive, alpha-beta T cell","CD4-positive, alpha-beta T cell",innate lymphoid cell,"naive thymus-derived CD4-positive, alpha-beta T cell",innate lymphoid cell,"CD4-positive, alpha-beta T cell",4,"CD4-positive, alpha-beta T cell",3,"CD4-positive, alpha-beta T cell"
ATTTCGTGTATGGC-1,"CD8-positive, alpha-beta T cell","CD8-positive, alpha-beta T cell",leukocyte,"CD8-positive, alpha-beta T cell","CD8-positive, alpha-beta T cell",leukocyte,"CD8-positive, alpha-beta T cell",4,"CD8-positive, alpha-beta T cell",4,"CD8-positive, alpha-beta T cell"
ATTTCTCTACTTTC-1,macrophage,non-classical monocyte,non-classical monocyte,non-classical monocyte,non-classical monocyte,non-classical monocyte,non-classical monocyte,5,non-classical monocyte,5,non-classical monocyte
ATTTCTCTAGCAAA-1,"CD4-positive, alpha-beta T cell","CD4-positive, alpha-beta T cell","CD4-positive, alpha-beta T cell","CD4-positive, alpha-beta T cell","naive thymus-derived CD4-positive, alpha-beta T cell","CD4-positive, alpha-beta T cell","CD4-positive, alpha-beta T cell",6,"CD4-positive, alpha-beta T cell",5,"CD4-positive, alpha-beta T cell"
ATTTCTCTCACTTT-1,macrophage,myeloid dendritic cell,non-classical monocyte,non-classical monocyte,non-classical monocyte,non-classical monocyte,non-classical monocyte,4,non-classical monocyte,4,non-classical monocyte
ATTTCTCTTCCCAC-1,"CD4-positive, alpha-beta T cell","naive thymus-derived CD4-positive, alpha-beta T cell","CD4-positive, alpha-beta thymocyte","CD4-positive, alpha-beta thymocyte","naive thymus-derived CD4-positive, alpha-beta T cell","naive thymus-derived CD4-positive, alpha-beta T cell","naive thymus-derived CD4-positive, alpha-beta T cell",3,"naive thymus-derived CD4-positive, alpha-beta T cell",3,"CD4-positive, alpha-beta T cell"
ATTTGCACAAGATG-1,monocyte,classical monocyte,monocyte,monocyte,monocyte,monocyte,monocyte,5,monocyte,5,monocyte
CAAAGCACAGCTCA-1,"CD4-positive, alpha-beta T cell","CD4-positive, alpha-beta T cell","CD8-positive, alpha-beta thymocyte","CD4-positive, alpha-beta T cell","naive thymus-derived CD4-positive, alpha-beta T cell","CD8-positive, alpha-beta T cell","CD4-positive, alpha-beta T cell",4,"CD4-positive, alpha-beta T cell",3,"CD4-positive, alpha-beta T cell"
CAAAGCACCGTAAC-1,B cell,B cell,B cell,B cell,B cell,B cell,B cell,6,B cell,6,B cell
CAAAGCACGGTAAA-1,"CD8-positive, alpha-beta T cell","CD8-positive, alpha-beta T cell",natural killer cell,natural killer cell,natural killer cell,natural killer cell,natural killer cell,4,natural killer cell,4,natural killer cell
CAAAGCTGAAAGTG-1,"CD4-positive, alpha-beta T cell","CD4-positive, alpha-beta T cell","CD8-positive, alpha-beta T cell","CD4-positive, alpha-beta T cell","CD8-positive, alpha-beta T cell","CD8-positive, alpha-beta T cell","CD4-positive, alpha-beta T cell",3,"CD4-positive, alpha-beta T cell",3,mature alpha-beta T cell
CAAAGCTGTTGCTT-1,classical monocyte,monocyte,monocyte,monocyte,myeloid dendritic cell,monocyte,monocyte,4,monocyte,4,monocyte
CAAATATGTGACAC-1,"CD4-positive, alpha-beta T cell","CD4-positive, alpha-beta thymocyte","CD4-positive, alpha-beta T cell","CD4-positive, alpha-beta T cell",innate lymphoid cell,innate lymphoid cell,"CD4-positive, alpha-beta T cell",3,"CD4-positive, alpha-beta T cell",3,alpha-beta T cell
CAAATTGAGGGCAA-1,"CD4-positive, alpha-beta T cell","CD4-positive, alpha-beta T cell",stromal cell,T cell,"CD4-positive, alpha-beta T cell","CD4-positive, alpha-beta T cell","CD4-positive, alpha-beta T cell",4,"CD4-positive, alpha-beta T cell",4,"CD4-positive, alpha-beta T cell"
CAAATTGATGGAGG-1,classical monocyte,monocyte,monocyte,monocyte,monocyte,monocyte,monocyte,5,monocyte,5,monocyte
CAACCAGAAAAGTG-1,"CD4-positive, alpha-beta T cell","CD4-positive, alpha-beta thymocyte","naive thymus-derived CD8-positive, alpha-beta T cell","CD8-positive, alpha-beta T cell","naive thymus-derived CD8-positive, alpha-beta T cell","naive thymus-derived CD8-positive, alpha-beta T cell","naive thymus-derived CD8-positive, alpha-beta T cell",3,"naive thymus-derived CD8-positive, alpha-beta T cell",3,"CD8-positive, alpha-beta T cell"
CAACCAGAAGTGCT-1,"CD4-positive, alpha-beta T cell","CD4-positive, alpha-beta T cell","CD4-positive, alpha-beta T cell","CD4-positive, alpha-beta T cell","naive thymus-derived CD4-positive, alpha-beta T cell","CD4-positive, alpha-beta T cell","CD4-positive, alpha-beta T cell",6,"CD4-positive, alpha-beta T cell",5,"CD4-positive, alpha-beta T cell"
CAACCAGAGTTCAG-1,macrophage,myeloid dendritic cell,monocyte,monocyte,myeloid dendritic cell,monocyte,monocyte,3,monocyte,3,myeloid leukocyte
CAACCAGATAGAAG-1,classical monocyte,myeloid dendritic cell,non-classical monocyte,myeloid dendritic cell,myeloid dendritic cell,non-classical monocyte,myeloid dendritic cell,3,myeloid dendritic cell,3,myeloid leukocyte
CAACCGCTGTTCAG-1,"CD4-positive, alpha-beta T cell","CD4-positive, alpha-beta T cell",innate lymphoid cell,"naive thymus-derived CD4-positive, alpha-beta T cell",innate lymphoid cell,innate lymphoid cell,innate lymphoid cell,3,innate lymphoid cell,3,lymphocyte
CAACCGCTTTGAGC-1,"CD4-positive, alpha-beta T cell",regulatory T cell,plasma cell,"CD4-positive, alpha-beta T cell","CD4-positive, alpha-beta T cell",monocyte,"CD4-positive, alpha-beta T cell",3,"CD4-positive, alpha-beta T cell",3,mature T cell
CAACGATGCGCAAT-1,macrophage,myeloid dendritic cell,monocyte,non-classical monocyte,non-classical monocyte,monocyte,monocyte,3,monocyte,2,monocyte
CAACGTGACTCCAC-1,intermediate monocyte,monocyte,monocyte,myeloid dendritic cell,monocyte,monocyte,monocyte,4,monocyte,4,monocyte
CAACGTGAGCCATA-1,"CD8-positive, alpha-beta T cell","CD8-positive, alpha-beta T cell","CD8-positive, alpha-beta thymocyte","CD8-positive, alpha-beta T cell","CD8-positive, alpha-beta T cell","CD8-positive, alpha-beta T cell","CD8-positive, alpha-beta T cell",5,"CD8-positive, alpha-beta T cell",5,"CD8-positive, alpha-beta T cell"
CAACGTGATCAAGC-1,monocyte,non-classical monocyte,stromal cell,non-classical monocyte,non-classical monocyte,classical monocyte,non-classical monocyte,3,non-classical monocyte,3,monocyte
CAAGAAGACCACAA-1,"CD8-positive, alpha-beta T cell","CD8-positive, alpha-beta T cell","CD8-positive, alpha-beta thymocyte","CD8-positive, alpha-beta T cell","CD8-positive, alpha-beta T cell","CD8-positive, alpha-beta T cell","CD8-positive, alpha-beta T cell",5,"CD8-positive, alpha-beta T cell",5,"CD8-positive, alpha-beta T cell"
CAAGAAGACGTCTC-1,macrophage,myeloid dendritic cell,myeloid dendritic cell,myeloid dendritic cell,myeloid dendritic cell,myeloid dendritic cell,myeloid dendritic cell,5,myeloid dendritic cell,5,conventional dendritic cell
CAAGAAGATTCTAC-1,"CD4-positive, alpha-beta T cell","CD4-positive, alpha-beta thymocyte",regulatory T cell,T cell,"naive thymus-derived CD4-positive, alpha-beta T cell","CD4-positive, alpha-beta thymocyte","CD4-positive, alpha-beta T cell",2,"CD4-positive, alpha-beta thymocyte",2,alpha-beta T cell
CAAGACTGACCTGA-1,B cell,B cell,B cell,B cell,B cell,B cell,B cell,6,B cell,6,B cell
CAAGACTGAGTAGA-1,B cell,B cell,B cell,B cell,B cell,B cell,B cell,6,B cell,6,B cell
CAAGCTGACCATAG-1,macrophage,myeloid dendritic cell,non-classical monocyte,non-classical monocyte,non-classical monocyte,non-classical monocyte,non-classical monocyte,4,non-classical monocyte,4,non-classical monocyte
CAAGCTGATCTATC-1,"CD8-positive, alpha-beta T cell","CD8-positive, alpha-beta T cell",myeloid dendritic cell,"CD8-positive, alpha-beta T cell","CD8-positive, alpha-beta T cell",mature NK T cell,"CD8-positive, alpha-beta T cell",4,"CD8-positive, alpha-beta T cell",4,"CD8-positive, alpha-beta T cell"
CAAGGACTGTTCAG-1,regulatory T cell,"CD4-positive, alpha-beta thymocyte","CD8-positive, alpha-beta T cell","CD4-positive, alpha-beta T cell","CD8-positive, alpha-beta T cell","CD4-positive, alpha-beta T cell","CD8-positive, alpha-beta T cell",2,"CD4-positive, alpha-beta T cell",2,mature alpha-beta T cell
CAAGGACTTCTTTG-1,"CD8-positive, alpha-beta T cell","CD8-positive, alpha-beta T cell","CD8-positive, alpha-beta thymocyte","CD8-positive, alpha-beta T cell","CD8-positive, alpha-beta T cell","CD8-positive, alpha-beta T cell","CD8-positive, alpha-beta T cell",5,"CD8-positive, alpha-beta T cell",5,"CD8-positive, alpha-beta T cell"
CAAGGTTGCTCCAC-1,"CD4-positive, alpha-beta T cell","CD4-positive, alpha-beta thymocyte","CD4-positive, alpha-beta T cell","CD4-positive, alpha-beta T cell","CD4-positive, alpha-beta T cell","CD4-positive, alpha-beta T cell","CD4-positive, alpha-beta T cell",5,"CD4-positive, alpha-beta T cell",5,"CD4-positive, alpha-beta T cell"
CAAGGTTGTCATTC-1,B cell,B cell,B cell,B cell,B cell,B cell,B cell,6,B cell,6,B cell
CAAGGTTGTCTGGA-1,natural killer cell,natural killer cell,natural killer cell,natural killer cell,natural killer cell,natural killer cell,natural killer cell,6,natural killer cell,6,natural killer cell
CAAGTCGAAACAGA-1,B cell,B cell,B cell,B cell,B cell,innate lymphoid cell,B cell,5,B cell,5,B cell
CAAGTCGATAGCGT-1,classical monocyte,monocyte,monocyte,classical monocyte,monocyte,monocyte,monocyte,4,monocyte,4,monocyte
CAATAAACGCCATA-1,macrophage,non-classical monocyte,monocyte,non-classical monocyte,myeloid dendritic cell,monocyte,non-classical monocyte,2,monocyte,2,monocyte
CAATAATGAACTGC-1,classical monocyte,monocyte,basophil,myeloid dendritic cell,myeloid dendritic cell,classical monocyte,classical monocyte,2,classical monocyte,2,myeloid leukocyte
CAATATGACATGGT-1,"CD4-positive, alpha-beta T cell","CD4-positive, alpha-beta thymocyte",innate lymphoid cell,"CD4-positive, alpha-beta thymocyte","naive thymus-derived CD4-positive, alpha-beta T cell","CD4-positive, alpha-beta thymocyte","CD4-positive, alpha-beta thymocyte",3,"CD4-positive, alpha-beta thymocyte",3,alpha-beta T cell
CAATATGACCTTCG-1,natural killer cell,natural killer cell,natural killer cell,mature NK T cell,natural killer cell,leukocyte,natural killer cell,4,natural killer cell,4,natural killer cell
CAATATGACGTTAG-1,"CD4-positive, alpha-beta T cell",regulatory T cell,regulatory T cell,regulatory T cell,innate lymphoid cell,regulatory T cell,regulatory T cell,4,regulatory T cell,4,regulatory T cell
CAATATGAGGAGCA-1,"CD4-positive, alpha-beta T cell","CD4-positive, alpha-beta T cell",thymocyte,"naive thymus-derived CD4-positive, alpha-beta T cell",innate lymphoid cell,thymocyte,"CD4-positive, alpha-beta T cell",2,"CD4-positive, alpha-beta T cell",2,T cell
CAATCGGAGAAACA-1,"CD4-positive, alpha-beta T cell","CD4-positive, alpha-beta T cell","CD4-positive, alpha-beta T cell",leukocyte,"naive thymus-derived CD4-positive, alpha-beta T cell","CD4-positive, alpha-beta T cell","CD4-positive, alpha-beta T cell",5,"CD4-positive, alpha-beta T cell",4,"CD4-positive, alpha-beta T cell"
CAATCTACTGACTG-1,natural killer cell,natural killer cell,natural killer cell,natural killer cell,natural killer cell,mature NK T cell,natural killer cell,5,natural killer cell,5,natural killer cell
CAATTCACCCAACA-1,"CD8-positive, alpha-beta T cell","CD8-positive, alpha-beta T cell","CD8-positive, alpha-beta thymocyte","CD8-positive, alpha-beta T cell","naive thymus-derived CD8-positive, alpha-beta T cell","CD8-positive, alpha-beta thymocyte","CD8-positive, alpha-beta T cell",4,"CD8-positive, alpha-beta T cell",3,"CD8-positive, alpha-beta T cell"
CAATTCACGATAGA-1,"CD4-positive, alpha-beta T cell","CD4-positive, alpha-beta T cell",innate lymphoid cell,innate lymphoid cell,innate lymphoid cell,innate lymphoid cell,innate lymphoid cell,4,innate lymphoid cell,4,innate lymphoid cell
CAATTCACTTGTGG-1,"CD4-positive, alpha-beta T cell",B cell,stromal cell,non-classical monocyte,innate lymphoid cell,innate lymphoid cell,innate lymphoid cell,2,innate lymphoid cell,2,lymphocyte
CAATTCTGCTTGTT-1,macrophage,myeloid dendritic cell,monocyte,myeloid dendritic cell,myeloid dendritic cell,monocyte,myeloid dendritic cell,3,myeloid dendritic cell,3,professional antigen presenting cell
CAATTCTGGCGTAT-1,macrophage,non-classical monocyte,non-classical monocyte,non-classical monocyte,non-classical monocyte,non-classical monocyte,non-classical monocyte,5,non-classical monocyte,5,non-classical monocyte
CACAACGATACGAC-1,"CD4-positive, alpha-beta T cell","CD8-positive, alpha-beta thymocyte","CD8-positive, alpha-beta T cell","CD8-positive, alpha-beta thymocyte","CD8-positive, alpha-beta thymocyte","CD8-positive, alpha-beta T cell","CD8-positive, alpha-beta thymocyte",3,"CD8-positive, alpha-beta thymocyte",3,alpha-beta T cell
CACAATCTTGTTCT-1,"CD4-positive, alpha-beta T cell","CD4-positive, alpha-beta T cell","CD8-positive, alpha-beta thymocyte",innate lymphoid cell,innate lymphoid cell,"CD8-positive, alpha-beta T cell","CD4-positive, alpha-beta T cell",2,"CD4-positive, alpha-beta T cell",2,alpha-beta T cell
CACAATCTTTCCAT-1,"CD4-positive, alpha-beta T cell","CD8-positive, alpha-beta T cell","CD8-positive, alpha-beta thymocyte",regulatory T cell,"CD8-positive, alpha-beta T cell","CD8-positive, alpha-beta thymocyte","CD8-positive, alpha-beta T cell",2,"CD8-positive, alpha-beta T cell",2,alpha-beta T cell
CACACCTGCTTGAG-1,"CD4-positive, alpha-beta T cell","CD4-positive, alpha-beta thymocyte",B cell,"CD8-positive, alpha-beta T cell","naive thymus-derived CD4-positive, alpha-beta T cell","CD4-positive, alpha-beta T cell","CD4-positive, alpha-beta T cell",3,"CD4-positive, alpha-beta T cell",2,mature alpha-beta T cell
CACACCTGTATGGC-1,"CD4-positive, alpha-beta T cell","CD4-positive, alpha-beta thymocyte","CD4-positive, alpha-beta T cell","CD4-positive, alpha-beta T cell","CD4-positive, alpha-beta T cell",innate lymphoid cell,"CD4-positive, alpha-beta T cell",4,"CD4-positive, alpha-beta T cell",4,"CD4-positive, alpha-beta T cell"
CACAGAACCTGATG-1,"CD4-positive, alpha-beta T cell","CD4-positive, alpha-beta T cell","naive thymus-derived CD4-positive, alpha-beta T cell","CD4-positive, alpha-beta T cell","naive thymus-derived CD4-positive, alpha-beta T cell","naive thymus-derived CD4-positive, alpha-beta T cell","CD4-positive, alpha-beta T cell",4,"CD4-positive, alpha-beta T cell",3,"CD4-positive, alpha-beta T cell"
CACAGATGGGATTC-1,"CD8-positive, alpha-beta T cell","CD8-positive, alpha-beta T cell","CD8-positive, alpha-beta thymocyte","CD8-positive, alpha-beta T cell","CD8-positive, alpha-beta T cell","CD8-positive, alpha-beta thymocyte","CD8-positive, alpha-beta T cell",4,"CD8-positive, alpha-beta T cell",4,"CD8-positive, alpha-beta T cell"
CACAGATGGTTTCT-1,monocyte,non-classical monocyte,"CD8-positive, alpha-beta T cell",intermediate monocyte,monocyte,myeloid dendritic cell,monocyte,2,monocyte,2,monocyte
CACAGCCTGATACC-1,"CD4-positive, alpha-beta T cell","CD4-positive, alpha-beta T cell",monocyte,"CD4-positive, alpha-beta T cell","CD8-positive, alpha-beta T cell",monocyte,"CD4-positive, alpha-beta T cell",3,"CD4-positive, alpha-beta T cell",3,mature alpha-beta T cell
CACAGCCTTGCCAA-1,macrophage,myeloid dendritic cell,non-classical monocyte,non-classical monocyte,non-classical monocyte,non-classical monocyte,non-classical monocyte,4,non-classical monocyte,4,non-classical monocyte
CACAGCCTTGTAGC-1,"CD4-positive, alpha-beta T cell","naive thymus-derived CD4-positive, alpha-beta T cell","CD8-positive, alpha-beta thymocyte","CD4-positive, alpha-beta thymocyte","naive thymus-derived CD4-positive, alpha-beta T cell","CD4-positive, alpha-beta T cell","CD4-positive, alpha-beta T cell",3,"CD4-positive, alpha-beta T cell",2,"CD4-positive, alpha-beta T cell"
CACAGTGATGAAGA-1,classical monocyte,monocyte,monocyte,macrophage,monocyte,monocyte,monocyte,4,monocyte,4,monocyte
CACATACTACAGCT-1,"CD8-positive, alpha-beta T cell","CD8-positive, alpha-beta T cell","CD8-positive, alpha-beta T cell",natural killer cell,myeloid dendritic cell,"CD8-positive, alpha-beta T cell","CD8-positive, alpha-beta T cell",4,"CD8-positive, alpha-beta T cell",4,"CD8-positive, alpha-beta T cell"
CACATGGAACACGT-1,"CD4-positive, alpha-beta T cell","naive thymus-derived CD4-positive, alpha-beta T cell",innate lymphoid cell,"naive thymus-derived CD4-positive, alpha-beta T cell",innate lymphoid cell,innate lymphoid cell,innate lymphoid cell,3,innate lymphoid cell,3,lymphocyte
CACATGGAAGTCGT-1,"CD4-positive, alpha-beta T cell","CD4-positive, alpha-beta T cell","naive thymus-derived CD4-positive, alpha-beta T cell",innate lymphoid cell,innate lymphoid cell,"naive thymus-derived CD4-positive, alpha-beta T cell","CD4-positive, alpha-beta T cell",2,"CD4-positive, alpha-beta T cell",2,"CD4-positive, alpha-beta T cell"
CACCACTGCCAACA-1,"CD4-positive, alpha-beta T cell","CD4-positive, alpha-beta thymocyte",serous cell of epithelium of trachea,innate lymphoid cell,"CD4-positive, alpha-beta T cell",innate lymphoid cell,"CD4-positive, alpha-beta T cell",2,"CD4-positive, alpha-beta T cell",2,lymphocyte
CACCACTGGCGAAG-1,"CD8-positive, alpha-beta T cell",mature NK T cell,mature NK T cell,mature NK T cell,mature NK T cell,mature NK T cell,mature NK T cell,5,mature NK T cell,5,mature NK T cell
CACCCATGTTCTGT-1,"CD4-positive, alpha-beta T cell","CD8-positive, alpha-beta T cell","CD8-positive, alpha-beta thymocyte",B cell,innate lymphoid cell,stromal cell,"CD4-positive, alpha-beta T cell",1,B cell,1,lymphocyte
CACCGGGAATCGAC-1,"CD4-positive, alpha-beta T cell","CD4-positive, alpha-beta T cell","naive thymus-derived CD4-positive, alpha-beta T cell","CD4-positive, alpha-beta T cell","naive thymus-derived CD4-positive, alpha-beta T cell","naive thymus-derived CD4-positive, alpha-beta T cell","CD4-positive, alpha-beta T cell",4,"CD4-positive, alpha-beta T cell",3,"CD4-positive, alpha-beta T cell"
CACCGGGACGAGAG-1,"CD8-positive, alpha-beta T cell","CD8-positive, alpha-beta T cell",mature NK T cell,natural killer cell,"CD8-positive, alpha-beta T cell",mature NK T cell,"CD8-positive, alpha-beta T cell",3,"CD8-positive, alpha-beta T cell",3,mature alpha-beta T cell
CACCGGGACGTGTA-1,"CD4-positive, alpha-beta T cell","naive thymus-derived CD4-positive, alpha-beta T cell","CD4-positive, alpha-beta thymocyte","CD4-positive, alpha-beta T cell","naive thymus-derived CD4-positive, alpha-beta T cell","CD4-positive, alpha-beta thymocyte","CD4-positive, alpha-beta T cell",3,"CD4-positive, alpha-beta T cell",2,"CD4-positive, alpha-beta T cell"
CACCGGGACTTCTA-1,"CD8-positive, alpha-beta T cell","CD8-positive, alpha-beta T cell","CD4-positive, alpha-beta T cell","CD8-positive, alpha-beta T cell","CD8-positive, alpha-beta T cell","CD8-positive, alpha-beta T cell","CD8-positive, alpha-beta T cell",5,"CD8-positive, alpha-beta T cell",5,"CD8-positive, alpha-beta T cell"
CACCGGGACTTGCC-1,"CD8-positive, alpha-beta T cell","CD8-positive, alpha-beta T cell","CD8-positive, alpha-beta thymocyte","CD8-positive, alpha-beta T cell","CD8-positive, alpha-beta thymocyte","CD8-positive, alpha-beta T cell","CD8-positive, alpha-beta T cell",4,"CD8-positive, alpha-beta T cell",4,"CD8-positive, alpha-beta T cell"
CACCGGGATTCGGA-1,"CD8-positive, alpha-beta T cell","CD8-positive, alpha-beta T cell","naive thymus-derived CD8-positive, alpha-beta T cell",natural killer cell,natural killer cell,"naive thymus-derived CD8-positive, alpha-beta T cell","CD8-positive, alpha-beta T cell",2,"CD8-positive, alpha-beta T cell",2,"CD8-positive, alpha-beta T cell"
CACCGTACTAAGGA-1,B cell,B cell,B cell,myeloid dendritic cell,B cell,innate lymphoid cell,B cell,4,B cell,4,B cell
CACCGTACTAGCGT-1,"CD4-positive, alpha-beta T cell","naive thymus-derived CD4-positive, alpha-beta T cell","CD4-positive, alpha-beta thymocyte","CD4-positive, alpha-beta T cell","naive thymus-derived CD4-positive, alpha-beta T cell","CD4-positive, alpha-beta T cell","CD4-positive, alpha-beta T cell",4,"CD4-positive, alpha-beta T cell",3,"CD4-positive, alpha-beta T cell"
CACCTGACACCCAA-1,"CD8-positive, alpha-beta T cell","CD8-positive, alpha-beta T cell","CD8-positive, alpha-beta T cell","CD8-positive, alpha-beta T cell","CD8-positive, alpha-beta T cell","CD8-positive, alpha-beta T cell","CD8-positive, alpha-beta T cell",6,"CD8-positive, alpha-beta T cell",6,"CD8-positive, alpha-beta T cell"
CACCTGACCAGAAA-1,"CD4-positive, alpha-beta T cell","CD4-positive, alpha-beta T cell","naive thymus-derived CD4-positive, alpha-beta T cell","CD4-positive, alpha-beta T cell","naive thymus-derived CD4-positive, alpha-beta T cell","naive thymus-derived CD4-positive, alpha-beta T cell","CD4-positive, alpha-beta T cell",4,"CD4-positive, alpha-beta T cell",3,"CD4-positive, alpha-beta T cell"
CACCTGACCTCAAG-1,"CD8-positive, alpha-beta T cell","CD8-positive, alpha-beta T cell","CD8-positive, alpha-beta thymocyte","CD8-positive, alpha-beta T cell","CD8-positive, alpha-beta T cell","CD8-positive, alpha-beta thymocyte","CD8-positive, alpha-beta T cell",4,"CD8-positive, alpha-beta T cell",4,"CD8-positive, alpha-beta T cell"
CACCTGACGAAAGT-1,B cell,B cell,B cell,B cell,B cell,B cell,B cell,6,B cell,6,B cell
CACCTGACTCGTAG-1,"CD4-positive, alpha-beta T cell","CD4-positive, alpha-beta T cell",serous cell of epithelium of trachea,"CD4-positive, alpha-beta T cell",innate lymphoid cell,innate lymphoid cell,"CD4-positive, alpha-beta T cell",3,"CD4-positive, alpha-beta T cell",3,lymphocyte
CACGAAACTTCCGC-1,B cell,B cell,B cell,B cell,B cell,B cell,B cell,6,B cell,6,B cell
CACGACCTCGATAC-1,B cell,B cell,B cell,B cell,B cell,B cell,B cell,6,B cell,6,B cell
CACGCTACAGAAGT-1,"CD4-positive, alpha-beta T cell","CD4-positive, alpha-beta T cell",serous cell of epithelium of trachea,innate lymphoid cell,"CD4-positive, alpha-beta T cell",innate lymphoid cell,"CD4-positive, alpha-beta T cell",3,"CD4-positive, alpha-beta T cell",3,lymphocyte
CACGCTACTGTTCT-1,B cell,B cell,B cell,B cell,B cell,B cell,B cell,6,B cell,6,B cell
CACGGGACAGAGTA-1,"CD4-positive, alpha-beta T cell","naive thymus-derived CD4-positive, alpha-beta T cell","naive thymus-derived CD4-positive, alpha-beta T cell","naive thymus-derived CD4-positive, alpha-beta T cell","naive thymus-derived CD4-positive, alpha-beta T cell","naive thymus-derived CD4-positive, alpha-beta T cell","naive thymus-derived CD4-positive, alpha-beta T cell",5,"naive thymus-derived CD4-positive, alpha-beta T cell",5,"naive thymus-derived CD4-positive, alpha-beta T cell"
CACGGGACATAAGG-1,"CD4-positive, alpha-beta T cell","CD4-positive, alpha-beta thymocyte",thymocyte,"CD4-positive, alpha-beta T cell","CD4-positive, alpha-beta T cell","CD4-positive, alpha-beta T cell","CD4-positive, alpha-beta T cell",4,"CD4-positive, alpha-beta T cell",4,"CD4-positive, alpha-beta T cell"
CACGGGACGTAGGG-1,"CD4-positive, alpha-beta T cell","CD4-positive, alpha-beta T cell","naive thymus-derived CD4-positive, alpha-beta T cell","naive thymus-derived CD4-positive, alpha-beta T cell","naive thymus-derived CD4-positive, alpha-beta T cell","naive thymus-derived CD4-positive, alpha-beta T cell","naive thymus-derived CD4-positive, alpha-beta T cell",4,"naive thymus-derived CD4-positive, alpha-beta T cell",4,"naive thymus-derived CD4-positive, alpha-beta T cell"
CACGGGTGCTTCGC-1,"CD8-positive, alpha-beta T cell","CD8-positive, alpha-beta T cell","naive thymus-derived CD8-positive, alpha-beta T cell",natural killer cell,"CD8-positive, alpha-beta T cell","naive thymus-derived CD8-positive, alpha-beta T cell","CD8-positive, alpha-beta T cell",3,"CD8-positive, alpha-beta T cell",3,"CD8-positive, alpha-beta T cell"
CACGGGTGGAGGAC-1,natural killer cell,"CD8-positive, alpha-beta T cell","CD8-positive, alpha-beta thymocyte",natural killer cell,natural killer cell,leukocyte,natural killer cell,3,natural killer cell,3,lymphocyte
CACGGGTGTGTTTC-1,"CD4-positive, alpha-beta T cell","CD4-positive, alpha-beta T cell","naive thymus-derived CD4-positive, alpha-beta T cell","CD4-positive, alpha-beta T cell",innate lymphoid cell,"naive thymus-derived CD4-positive, alpha-beta T cell","CD4-positive, alpha-beta T cell",3,"CD4-positive, alpha-beta T cell",3,"CD4-positive, alpha-beta T cell"
CACTAACTCCTAAG-1,B cell,B cell,B cell,B cell,B cell,B cell,B cell,6,B cell,6,B cell
CACTAACTGAAAGT-1,"CD4-positive, alpha-beta T cell","naive thymus-derived CD4-positive, alpha-beta T cell","CD4-positive, alpha-beta thymocyte","CD4-positive, alpha-beta T cell","naive thymus-derived CD4-positive, alpha-beta T cell","CD4-positive, alpha-beta T cell","CD4-positive, alpha-beta T cell",4,"CD4-positive, alpha-beta T cell",3,"CD4-positive, alpha-beta T cell"
CACTAGGATGATGC-1,B cell,B cell,B cell,B cell,B cell,B cell,B cell,6,B cell,6,B cell
CACTATACCCCGTT-1,B cell,B cell,B cell,B cell,B cell,B cell,B cell,6,B cell,6,B cell
CACTATACGTTTGG-1,"CD8-positive, alpha-beta T cell","CD8-positive, alpha-beta T cell","CD8-positive, alpha-beta T cell","CD8-positive, alpha-beta T cell","CD8-positive, alpha-beta T cell","CD8-positive, alpha-beta T cell","CD8-positive, alpha-beta T cell",6,"CD8-positive, alpha-beta T cell",6,"CD8-positive, alpha-beta T cell"
CACTGAGACAGTCA-1,classical monocyte,classical monocyte,monocyte,classical monocyte,monocyte,monocyte,classical monocyte,3,classical monocyte,3,monocyte
CACTGCACTTCATC-1,"CD4-positive, alpha-beta T cell","CD4-positive, alpha-beta T cell",serous cell of epithelium of trachea,non-classical monocyte,"CD4-positive, alpha-beta T cell","CD4-positive, alpha-beta T cell","CD4-positive, alpha-beta T cell",4,"CD4-positive, alpha-beta T cell",4,"CD4-positive, alpha-beta T cell"
CACTGCTGAGACTC-1,macrophage,non-classical monocyte,non-classical monocyte,non-classical monocyte,non-classical monocyte,non-classical monocyte,non-classical monocyte,5,non-classical monocyte,5,non-classical monocyte
CACTGCTGGAAAGT-1,"CD4-positive, alpha-beta T cell","naive thymus-derived CD4-positive, alpha-beta T cell","CD4-positive, alpha-beta T cell","CD4-positive, alpha-beta T cell","CD4-positive, alpha-beta T cell","CD4-positive, alpha-beta T cell","CD4-positive, alpha-beta T cell",5,"CD4-positive, alpha-beta T cell",5,"CD4-positive, alpha-beta T cell"
CACTTAACCGAATC-1,"CD4-positive, alpha-beta T cell","naive thymus-derived CD4-positive, alpha-beta T cell","CD4-positive, alpha-beta thymocyte","CD4-positive, alpha-beta T cell","naive thymus-derived CD4-positive, alpha-beta T cell","CD4-positive, alpha-beta T cell","CD4-positive, alpha-beta T cell",4,"CD4-positive, alpha-beta T cell",3,"CD4-positive, alpha-beta T cell"
CACTTAACCGTACA-1,B cell,B cell,B cell,B cell,B cell,B cell,B cell,6,B cell,6,B cell
CACTTTGACTCTAT-1,"CD8-positive, alpha-beta T cell","CD8-positive, alpha-beta T cell","CD8-positive, alpha-beta thymocyte","CD8-positive, alpha-beta T cell","CD8-positive, alpha-beta T cell","CD8-positive, alpha-beta thymocyte","CD8-positive, alpha-beta T cell",4,"CD8-positive, alpha-beta T cell",4,"CD8-positive, alpha-beta T cell"
CACTTTGAGCTGTA-1,"CD8-positive, alpha-beta T cell","CD8-positive, alpha-beta T cell","CD8-positive, alpha-beta thymocyte","CD8-positive, alpha-beta T cell","CD8-positive, alpha-beta T cell","CD8-positive, alpha-beta T cell","CD8-positive, alpha-beta T cell",5,"CD8-positive, alpha-beta T cell",5,"CD8-positive, alpha-beta T cell"
CAGAAGCTCTCAAG-1,"CD4-positive, alpha-beta T cell","CD4-positive, alpha-beta T cell","CD8-positive, alpha-beta thymocyte","CD4-positive, alpha-beta T cell","CD8-positive, alpha-beta thymocyte","naive thymus-derived CD4-positive, alpha-beta T cell","CD4-positive, alpha-beta T cell",3,"CD4-positive, alpha-beta T cell",3,"CD4-positive, alpha-beta T cell"
CAGACATGAACGGG-1,"CD4-positive, alpha-beta T cell","naive thymus-derived CD4-positive, alpha-beta T cell",innate lymphoid cell,"naive thymus-derived CD4-positive, alpha-beta T cell",innate lymphoid cell,innate lymphoid cell,innate lymphoid cell,3,innate lymphoid cell,3,lymphocyte
CAGACATGTCGACA-1,"CD4-positive, alpha-beta T cell","CD4-positive, alpha-beta T cell","naive thymus-derived CD4-positive, alpha-beta T cell","CD4-positive, alpha-beta T cell","naive thymus-derived CD4-positive, alpha-beta T cell","naive thymus-derived CD4-positive, alpha-beta T cell","CD4-positive, alpha-beta T cell",4,"CD4-positive, alpha-beta T cell",3,"CD4-positive, alpha-beta T cell"
CAGACCCTAAGGTA-1,macrophage,non-classical monocyte,non-classical monocyte,non-classical monocyte,non-classical monocyte,non-classical monocyte,non-classical monocyte,5,non-classical monocyte,5,non-classical monocyte
CAGACCCTAATGCC-1,"CD4-positive, alpha-beta T cell","CD4-positive, alpha-beta T cell",endothelial cell,"CD4-positive, alpha-beta T cell","naive thymus-derived CD4-positive, alpha-beta T cell","naive thymus-derived CD4-positive, alpha-beta T cell","CD4-positive, alpha-beta T cell",4,"CD4-positive, alpha-beta T cell",3,"CD4-positive, alpha-beta T cell"
CAGACCCTAGGAGC-1,"CD4-positive, alpha-beta T cell","CD4-positive, alpha-beta thymocyte",erythrocyte,"naive thymus-derived CD8-positive, alpha-beta T cell","naive thymus-derived CD4-positive, alpha-beta T cell","naive thymus-derived CD4-positive, alpha-beta T cell","CD4-positive, alpha-beta T cell",2,"naive thymus-derived CD4-positive, alpha-beta T cell",2,mature alpha-beta T cell
CAGACTGAGTATGC-1,"CD4-positive, alpha-beta T cell","naive thymus-derived CD4-positive, alpha-beta T cell","naive thymus-derived CD4-positive, alpha-beta T cell","naive thymus-derived CD4-positive, alpha-beta T cell","naive thymus-derived CD4-positive, alpha-beta T cell","CD4-positive, alpha-beta T cell","naive thymus-derived CD4-positive, alpha-beta T cell",4,"naive thymus-derived CD4-positive, alpha-beta T cell",4,"naive thymus-derived CD4-positive, alpha-beta T cell"
CAGATCGAATGTCG-1,B cell,B cell,B cell,B cell,B cell,B cell,B cell,6,B cell,6,B cell
CAGATCGACCTGAA-1,"CD8-positive, alpha-beta T cell","CD8-positive, alpha-beta T cell","CD8-positive, alpha-beta thymocyte","CD8-positive, alpha-beta T cell","CD8-positive, alpha-beta T cell","CD8-positive, alpha-beta T cell","CD8-positive, alpha-beta T cell",5,"CD8-positive, alpha-beta T cell",5,"CD8-positive, alpha-beta T cell"
CAGATCGATATGGC-1,"CD4-positive, alpha-beta T cell","CD4-positive, alpha-beta T cell","CD4-positive, alpha-beta T cell","CD4-positive, alpha-beta T cell","CD4-positive, alpha-beta T cell",innate lymphoid cell,"CD4-positive, alpha-beta T cell",5,"CD4-positive, alpha-beta T cell",5,"CD4-positive, alpha-beta T cell"
CAGATGACATTCTC-1,natural killer cell,natural killer cell,natural killer cell,natural killer cell,natural killer cell,natural killer cell,natural killer cell,6,natural killer cell,6,natural killer cell
CAGCAATGCCTTCG-1,"CD4-positive, alpha-beta T cell","CD4-positive, alpha-beta T cell","CD4-positive, alpha-beta T cell","CD4-positive, alpha-beta T cell","CD4-positive, alpha-beta T cell","CD4-positive, alpha-beta T cell","CD4-positive, alpha-beta T cell",6,"CD4-positive, alpha-beta T cell",6,"CD4-positive, alpha-beta T cell"
CAGCAATGGAGGGT-1,natural killer cell,natural killer cell,myeloid dendritic cell,natural killer cell,natural killer cell,mature NK T cell,natural killer cell,4,natural killer cell,4,natural killer cell
CAGCAATGGTGCTA-1,"CD4-positive, alpha-beta T cell","CD4-positive, alpha-beta T cell","CD8-positive, alpha-beta thymocyte","CD4-positive, alpha-beta T cell","naive thymus-derived CD4-positive, alpha-beta T cell",innate lymphoid cell,"CD4-positive, alpha-beta T cell",4,"CD4-positive, alpha-beta T cell",3,"CD4-positive, alpha-beta T cell"
CAGCAATGTCTACT-1,monocyte,myeloid dendritic cell,monocyte,myeloid dendritic cell,monocyte,monocyte,monocyte,4,monocyte,4,monocyte
CAGCAATGTGACCA-1,"CD4-positive, alpha-beta T cell",regulatory T cell,innate lymphoid cell,innate lymphoid cell,innate lymphoid cell,innate lymphoid cell,innate lymphoid cell,4,innate lymphoid cell,4,innate lymphoid cell
CAGCAATGTGAGGG-1,classical monocyte,monocyte,neutrophil,monocyte,non-classical monocyte,monocyte,monocyte,4,monocyte,3,monocyte
CAGCACCTAAGCCT-1,"CD4-positive, alpha-beta T cell","CD4-positive, alpha-beta thymocyte",thymocyte,regulatory T cell,regulatory T cell,thymocyte,thymocyte,2,regulatory T cell,2,T cell
CAGCACCTAGGCGA-1,"CD4-positive, alpha-beta T cell","CD4-positive, alpha-beta thymocyte","CD8-positive, alpha-beta thymocyte","CD8-positive, alpha-beta thymocyte","naive thymus-derived CD4-positive, alpha-beta T cell","CD4-positive, alpha-beta thymocyte","CD4-positive, alpha-beta T cell",2,"CD4-positive, alpha-beta thymocyte",2,immature alpha-beta T cell
CAGCACCTGTAGGG-1,monocyte,monocyte,monocyte,monocyte,monocyte,monocyte,monocyte,6,monocyte,6,monocyte
CAGCATGACAACCA-1,classical monocyte,monocyte,monocyte,myeloid dendritic cell,myeloid dendritic cell,monocyte,monocyte,3,monocyte,3,monocyte
CAGCATGAGACGTT-1,"CD4-positive, alpha-beta T cell","CD4-positive, alpha-beta T cell","CD8-positive, alpha-beta T cell","CD8-positive, alpha-beta T cell","CD8-positive, alpha-beta T cell","CD8-positive, alpha-beta T cell","CD8-positive, alpha-beta T cell",4,"CD8-positive, alpha-beta T cell",4,"CD8-positive, alpha-beta T cell"
CAGCCTACCCAACA-1,T cell,myeloid dendritic cell,innate lymphoid cell,"CD4-positive, alpha-beta T cell","CD4-positive, alpha-beta T cell",innate lymphoid cell,"CD4-positive, alpha-beta T cell",2,"CD4-positive, alpha-beta T cell",2,lymphocyte
CAGCCTTGCTACCC-1,monocyte,monocyte,monocyte,monocyte,monocyte,monocyte,monocyte,6,monocyte,6,monocyte
CAGCCTTGGGGACA-1,T cell,"CD4-positive, alpha-beta T cell","CD4-positive, alpha-beta T cell","CD4-positive, alpha-beta T cell",innate lymphoid cell,"CD4-positive, alpha-beta T cell","CD4-positive, alpha-beta T cell",4,"CD4-positive, alpha-beta T cell",4,"CD4-positive, alpha-beta T cell"
CAGCGGACACCCTC-1,"CD4-positive, alpha-beta T cell","naive thymus-derived CD4-positive, alpha-beta T cell",innate lymphoid cell,"naive thymus-derived CD8-positive, alpha-beta T cell",innate lymphoid cell,"naive thymus-derived CD4-positive, alpha-beta T cell","naive thymus-derived CD4-positive, alpha-beta T cell",2,innate lymphoid cell,2,mature alpha-beta T cell
CAGCGGACCTTTAC-1,mature NK T cell,natural killer cell,natural killer cell,natural killer cell,natural killer cell,natural killer cell,natural killer cell,5,natural killer cell,5,natural killer cell
CAGCGTCTAAAGCA-1,"CD4-positive, alpha-beta T cell","CD4-positive, alpha-beta T cell",stromal cell,"CD8-positive, alpha-beta T cell",innate lymphoid cell,innate lymphoid cell,"CD4-positive, alpha-beta T cell",2,"CD4-positive, alpha-beta T cell",2,lymphocyte
CAGCGTCTTATCGG-1,"CD4-positive, alpha-beta T cell","CD4-positive, alpha-beta T cell","naive thymus-derived CD4-positive, alpha-beta T cell","CD4-positive, alpha-beta T cell",innate lymphoid cell,"naive thymus-derived CD4-positive, alpha-beta T cell","CD4-positive, alpha-beta T cell",3,"CD4-positive, alpha-beta T cell",3,"CD4-positive, alpha-beta T cell"
CAGCTAGATGTGAC-1,monocyte,classical monocyte,basophil,classical monocyte,non-classical monocyte,non-classical monocyte,classical monocyte,2,classical monocyte,2,monocyte
CAGCTCTGAGGCGA-1,"CD4-positive, alpha-beta T cell","CD4-positive, alpha-beta T cell","CD4-positive, alpha-beta T cell","CD4-positive, alpha-beta T cell","CD4-positive, alpha-beta T cell","CD4-positive, alpha-beta T cell","CD4-positive, alpha-beta T cell",6,"CD4-positive, alpha-beta T cell",6,"CD4-positive, alpha-beta T cell"
CAGCTCTGCAAGCT-1,"CD8-positive, alpha-beta T cell","CD8-positive, alpha-beta T cell","naive thymus-derived CD8-positive, alpha-beta T cell","naive thymus-derived CD8-positive, alpha-beta T cell","CD8-positive, alpha-beta T cell","naive thymus-derived CD8-positive, alpha-beta T cell","CD8-positive, alpha-beta T cell",3,"CD8-positive, alpha-beta T cell",3,"CD8-positive, alpha-beta T cell"
CAGCTCTGTCGTAG-1,classical monocyte,myeloid dendritic cell,monocyte,classical monocyte,monocyte,classical monocyte,classical monocyte,3,classical monocyte,3,monocyte
CAGCTCTGTGTGGT-1,natural killer cell,natural killer cell,natural killer cell,natural killer cell,natural killer cell,natural killer cell,natural killer cell,6,natural killer cell,6,natural killer cell
CAGGAACTAACTGC-1,"CD4-positive, alpha-beta T cell","CD8-positive, alpha-beta T cell","CD8-positive, alpha-beta T cell","CD8-positive, alpha-beta T cell","CD8-positive, alpha-beta T cell","CD8-positive, alpha-beta T cell","CD8-positive, alpha-beta T cell",5,"CD8-positive, alpha-beta T cell",5,"CD8-positive, alpha-beta T cell"
CAGGAACTCTCAGA-1,classical monocyte,monocyte,monocyte,granulocyte,monocyte,monocyte,monocyte,4,monocyte,4,monocyte
CAGGCCGAACACCA-1,"CD4-positive, alpha-beta T cell","CD4-positive, alpha-beta thymocyte","CD4-positive, alpha-beta thymocyte","CD4-positive, alpha-beta T cell","naive thymus-derived CD4-positive, alpha-beta T cell","CD4-positive, alpha-beta thymocyte","CD4-positive, alpha-beta T cell",3,"CD4-positive, alpha-beta thymocyte",3,alpha-beta T cell
CAGGCCGAACACGT-1,"CD4-positive, alpha-beta T cell","CD4-positive, alpha-beta thymocyte","CD4-positive, alpha-beta T cell","CD4-positive, alpha-beta T cell","naive thymus-derived CD4-positive, alpha-beta T cell","CD4-positive, alpha-beta T cell","CD4-positive, alpha-beta T cell",5,"CD4-positive, alpha-beta T cell",4,"CD4-positive, alpha-beta T cell"
CAGGCCGAACGACT-1,"CD4-positive, alpha-beta T cell","CD4-positive, alpha-beta T cell",serous cell of epithelium of trachea,"CD4-positive, alpha-beta T cell",innate lymphoid cell,innate lymphoid cell,"CD4-positive, alpha-beta T cell",3,"CD4-positive, alpha-beta T cell",3,lymphocyte
CAGGCCGAATCTCT-1,intermediate monocyte,myeloid dendritic cell,non-classical monocyte,non-classical monocyte,non-classical monocyte,non-classical monocyte,non-classical monocyte,4,non-classical monocyte,4,non-classical monocyte
CAGGCCGACTAGCA-1,B cell,B cell,B cell,B cell,B cell,B cell,B cell,6,B cell,6,B cell
CAGGGCACCATACG-1,B cell,B cell,B cell,B cell,B cell,B cell,B cell,6,B cell,6,B cell
CAGGGCACCCAACA-1,"CD4-positive, alpha-beta T cell","naive thymus-derived CD4-positive, alpha-beta T cell","naive thymus-derived CD4-positive, alpha-beta T cell",innate lymphoid cell,"naive thymus-derived CD4-positive, alpha-beta T cell","naive thymus-derived CD4-positive, alpha-beta T cell","naive thymus-derived CD4-positive, alpha-beta T cell",4,"naive thymus-derived CD4-positive, alpha-beta T cell",4,"naive thymus-derived CD4-positive, alpha-beta T cell"
CAGGGCACTCCCGT-1,"CD4-positive, alpha-beta T cell","CD4-positive, alpha-beta T cell","CD8-positive, alpha-beta thymocyte",innate lymphoid cell,"naive thymus-derived CD4-positive, alpha-beta T cell","CD4-positive, alpha-beta T cell","CD4-positive, alpha-beta T cell",4,"CD4-positive, alpha-beta T cell",3,"CD4-positive, alpha-beta T cell"
CAGGTAACAGACTC-1,macrophage,myeloid dendritic cell,non-classical monocyte,granulocyte,non-classical monocyte,non-classical monocyte,non-classical monocyte,3,non-classical monocyte,3,myeloid leukocyte
CAGGTATGAGTCGT-1,"CD4-positive, alpha-beta T cell","CD4-positive, alpha-beta T cell",innate lymphoid cell,innate lymphoid cell,innate lymphoid cell,innate lymphoid cell,innate lymphoid cell,4,innate lymphoid cell,4,innate lymphoid cell
CAGGTATGTGCTTT-1,"CD4-positive, alpha-beta T cell","CD4-positive, alpha-beta T cell","CD4-positive, alpha-beta T cell","CD4-positive, alpha-beta T cell","naive thymus-derived CD4-positive, alpha-beta T cell","CD4-positive, alpha-beta T cell","CD4-positive, alpha-beta T cell",6,"CD4-positive, alpha-beta T cell",5,"CD4-positive, alpha-beta T cell"
CAGGTTGAGGATCT-1,B cell,B cell,B cell,B cell,B cell,B cell,B cell,6,B cell,6,B cell
CAGTGATGGACGGA-1,B cell,B cell,B cell,B cell,B cell,B cell,B cell,6,B cell,6,B cell
CAGTGATGGCTAAC-1,"CD8-positive, alpha-beta T cell","CD8-positive, alpha-beta T cell","CD8-positive, alpha-beta T cell",natural killer cell,myeloid dendritic cell,natural killer cell,"CD8-positive, alpha-beta T cell",3,"CD8-positive, alpha-beta T cell",3,lymphocyte
CAGTGATGGGACAG-1,"CD4-positive, alpha-beta T cell","CD4-positive, alpha-beta thymocyte","CD4-positive, alpha-beta T cell","CD4-positive, alpha-beta T cell","naive thymus-derived CD4-positive, alpha-beta T cell","CD4-positive, alpha-beta T cell","CD4-positive, alpha-beta T cell",5,"CD4-positive, alpha-beta T cell",4,"CD4-positive, alpha-beta T cell"
CAGTGATGTAAGGA-1,B cell,B cell,B cell,B cell,myeloid dendritic cell,B cell,B cell,5,B cell,5,B cell
CAGTGATGTACGCA-1,B cell,B cell,serous cell of epithelium of trachea,B cell,B cell,B cell,B cell,5,B cell,5,B cell
CAGTGTGATGTCAG-1,"CD4-positive, alpha-beta T cell","naive thymus-derived CD4-positive, alpha-beta T cell",serous cell of epithelium of trachea,"CD4-positive, alpha-beta T cell","naive thymus-derived CD4-positive, alpha-beta T cell","CD4-positive, alpha-beta T cell","CD4-positive, alpha-beta T cell",4,"CD4-positive, alpha-beta T cell",3,"CD4-positive, alpha-beta T cell"
CAGTTACTAAGGTA-1,B cell,B cell,B cell,B cell,B cell,B cell,B cell,6,B cell,6,B cell
CAGTTACTGATAGA-1,"CD4-positive, alpha-beta T cell","CD4-positive, alpha-beta T cell","CD4-positive, alpha-beta T cell","CD4-positive, alpha-beta T cell","CD4-positive, alpha-beta T cell","CD4-positive, alpha-beta T cell","CD4-positive, alpha-beta T cell",6,"CD4-positive, alpha-beta T cell",6,"CD4-positive, alpha-beta T cell"
CAGTTGGAAAGAGT-1,classical monocyte,myeloid dendritic cell,non-classical monocyte,classical monocyte,non-classical monocyte,classical monocyte,classical monocyte,3,classical monocyte,3,myeloid leukocyte
CAGTTGGACATACG-1,"CD4-positive, alpha-beta T cell","CD4-positive, alpha-beta T cell",innate lymphoid cell,"CD8-positive, alpha-beta T cell","naive thymus-derived CD4-positive, alpha-beta T cell",innate lymphoid cell,"CD4-positive, alpha-beta T cell",3,"CD4-positive, alpha-beta T cell",2,mature alpha-beta T cell
CAGTTTACACACGT-1,"CD8-positive, alpha-beta T cell",natural killer cell,natural killer cell,natural killer cell,natural killer cell,natural killer cell,natural killer cell,5,natural killer cell,5,natural killer cell
CAGTTTACCCCAAA-1,"CD4-positive, alpha-beta T cell","CD4-positive, alpha-beta thymocyte",innate lymphoid cell,innate lymphoid cell,"CD8-positive, alpha-beta thymocyte","CD8-positive, alpha-beta T cell",innate lymphoid cell,2,innate lymphoid cell,2,alpha-beta T cell
CATAAAACGGAGCA-1,monocyte,monocyte,myeloid dendritic cell,myeloid dendritic cell,myeloid dendritic cell,myeloid dendritic cell,myeloid dendritic cell,4,myeloid dendritic cell,4,conventional dendritic cell
CATAAATGAACTGC-1,"CD4-positive, alpha-beta T cell","CD4-positive, alpha-beta T cell","naive thymus-derived CD4-positive, alpha-beta T cell","naive thymus-derived CD4-positive, alpha-beta T cell","naive thymus-derived CD4-positive, alpha-beta T cell","naive thymus-derived CD4-positive, alpha-beta T cell","naive thymus-derived CD4-positive, alpha-beta T cell",4,"naive thymus-derived CD4-positive, alpha-beta T cell",4,"naive thymus-derived CD4-positive, alpha-beta T cell"
CATAACCTTCTCCG-1,"CD4-positive, alpha-beta T cell","naive thymus-derived CD4-positive, alpha-beta T cell","CD4-positive, alpha-beta thymocyte","CD4-positive, alpha-beta T cell","naive thymus-derived CD4-positive, alpha-beta T cell","CD4-positive, alpha-beta thymocyte","CD4-positive, alpha-beta T cell",3,"CD4-positive, alpha-beta T cell",2,"CD4-positive, alpha-beta T cell"
CATACTACCTCGAA-1,"CD4-positive, alpha-beta T cell","CD4-positive, alpha-beta thymocyte",innate lymphoid cell,innate lymphoid cell,innate lymphoid cell,innate lymphoid cell,innate lymphoid cell,4,innate lymphoid cell,4,innate lymphoid cell
CATACTACCTGAAC-1,"CD4-positive, alpha-beta T cell","CD4-positive, alpha-beta T cell","CD4-positive, alpha-beta T cell","CD4-positive, alpha-beta T cell","naive thymus-derived CD4-positive, alpha-beta T cell",innate lymphoid cell,"CD4-positive, alpha-beta T cell",5,"CD4-positive, alpha-beta T cell",4,"CD4-positive, alpha-beta T cell"
CATACTACGTACCA-1,classical monocyte,myeloid dendritic cell,basophil,monocyte,non-classical monocyte,classical monocyte,classical monocyte,2,classical monocyte,2,monocyte
CATAGTCTAATCGC-1,"CD4-positive, alpha-beta T cell",T follicular helper cell,innate lymphoid cell,innate lymphoid cell,innate lymphoid cell,innate lymphoid cell,innate lymphoid cell,4,innate lymphoid cell,4,innate lymphoid cell
CATAGTCTCACTTT-1,"CD4-positive, alpha-beta T cell","CD4-positive, alpha-beta T cell",serous cell of epithelium of trachea,"CD4-positive, alpha-beta T cell","CD4-positive, alpha-beta T cell","naive thymus-derived CD4-positive, alpha-beta T cell","CD4-positive, alpha-beta T cell",4,"CD4-positive, alpha-beta T cell",4,"CD4-positive, alpha-beta T cell"
CATATAGACTAAGC-1,macrophage,myeloid dendritic cell,myeloid dendritic cell,myeloid dendritic cell,myeloid dendritic cell,myeloid dendritic cell,myeloid dendritic cell,5,myeloid dendritic cell,5,conventional dendritic cell
CATATAGATCAGGT-1,B cell,B cell,B cell,B cell,B cell,B cell,B cell,6,B cell,6,B cell
CATCAACTAGAAGT-1,"CD4-positive, alpha-beta T cell","CD4-positive, alpha-beta T cell",regulatory T cell,"CD4-positive, alpha-beta T cell","naive thymus-derived CD4-positive, alpha-beta T cell",T cell,"CD4-positive, alpha-beta T cell",4,"CD4-positive, alpha-beta T cell",3,"CD4-positive, alpha-beta T cell"
CATCAACTCCCTCA-1,"CD4-positive, alpha-beta T cell","CD4-positive, alpha-beta thymocyte",T cell,thymocyte,"naive thymus-derived CD4-positive, alpha-beta T cell",innate lymphoid cell,"CD4-positive, alpha-beta T cell",2,"CD4-positive, alpha-beta T cell",1,T cell
CATCAGGACTTCCG-1,natural killer cell,natural killer cell,natural killer cell,natural killer cell,natural killer cell,natural killer cell,natural killer cell,6,natural killer cell,6,natural killer cell
CATCAGGATAGCCA-1,"CD8-positive, alpha-beta T cell",natural killer cell,natural killer cell,natural killer cell,natural killer cell,natural killer cell,natural killer cell,5,natural killer cell,5,natural killer cell
CATCAGGATCCTAT-1,macrophage,non-classical monocyte,non-classical monocyte,non-classical monocyte,non-classical monocyte,non-classical monocyte,non-classical monocyte,5,non-classical monocyte,5,non-classical monocyte
CATCAGGATGCACA-1,macrophage,myeloid dendritic cell,mature NK T cell,non-classical monocyte,non-classical monocyte,classical monocyte,non-classical monocyte,2,non-classical monocyte,2,myeloid leukocyte
CATCAGGATTTCGT-1,monocyte,classical monocyte,basophil,monocyte,monocyte,monocyte,monocyte,4,monocyte,4,monocyte
CATCATACCGCATA-1,macrophage,myeloid dendritic cell,mononuclear phagocyte,myeloid dendritic cell,myeloid dendritic cell,monocyte,myeloid dendritic cell,3,myeloid dendritic cell,3,mononuclear phagocyte
CATCATACGGAGCA-1,B cell,B cell,B cell,B cell,B cell,B cell,B cell,6,B cell,6,B cell
CATCATACTCAAGC-1,"CD4-positive, alpha-beta T cell","CD4-positive, alpha-beta T cell","CD4-positive, alpha-beta T cell","CD4-positive, alpha-beta T cell","CD8-positive, alpha-beta T cell","CD4-positive, alpha-beta T cell","CD4-positive, alpha-beta T cell",5,"CD4-positive, alpha-beta T cell",5,"CD4-positive, alpha-beta T cell"
CATCGCTGGGATCT-1,"CD4-positive, alpha-beta T cell","CD4-positive, alpha-beta T cell","naive thymus-derived CD4-positive, alpha-beta T cell","naive thymus-derived CD4-positive, alpha-beta T cell","naive thymus-derived CD4-positive, alpha-beta T cell","CD4-positive, alpha-beta thymocyte","CD4-positive, alpha-beta T cell",3,"naive thymus-derived CD4-positive, alpha-beta T cell",3,"CD4-positive, alpha-beta T cell"
CATCGCTGTGGCAT-1,B cell,B cell,B cell,B cell,B cell,innate lymphoid cell,B cell,5,B cell,5,B cell
CATCGGCTATGCTG-1,"CD4-positive, alpha-beta T cell","CD4-positive, alpha-beta T cell","CD8-positive, alpha-beta T cell","CD4-positive, alpha-beta T cell",innate lymphoid cell,"CD4-positive, alpha-beta T cell","CD4-positive, alpha-beta T cell",4,"CD4-positive, alpha-beta T cell",4,"CD4-positive, alpha-beta T cell"
CATCGGCTTTGGCA-1,"CD4-positive, alpha-beta T cell","CD4-positive, alpha-beta T cell","CD4-positive, alpha-beta T cell","CD4-positive, alpha-beta T cell",innate lymphoid cell,"CD4-positive, alpha-beta T cell","CD4-positive, alpha-beta T cell",5,"CD4-positive, alpha-beta T cell",5,"CD4-positive, alpha-beta T cell"
CATCTCCTATGTGC-1,B cell,B cell,B cell,B cell,B cell,B cell,B cell,6,B cell,6,B cell
CATCTCCTCGAACT-1,macrophage,myeloid dendritic cell,monocyte,non-classical monocyte,myeloid dendritic cell,macrophage,macrophage,2,macrophage,2,professional antigen presenting cell
CATGAGACACGGGA-1,B cell,B cell,B cell,B cell,B cell,B cell,B cell,6,B cell,6,B cell
CATGAGACGTTGAC-1,natural killer cell,natural killer cell,natural killer cell,natural killer cell,natural killer cell,natural killer cell,natural killer cell,6,natural killer cell,6,natural killer cell
CATGAGACTCGCCT-1,"CD4-positive, alpha-beta T cell","CD4-positive, alpha-beta T cell","CD4-positive, alpha-beta T cell","CD4-positive, alpha-beta T cell","CD4-positive, alpha-beta T cell",innate lymphoid cell,"CD4-positive, alpha-beta T cell",5,"CD4-positive, alpha-beta T cell",5,"CD4-positive, alpha-beta T cell"
CATGCCACGGGTGA-1,"CD4-positive, alpha-beta T cell","CD4-positive, alpha-beta T cell","CD8-positive, alpha-beta thymocyte","CD8-positive, alpha-beta thymocyte","naive thymus-derived CD4-positive, alpha-beta T cell",thymocyte,"CD4-positive, alpha-beta T cell",3,"CD4-positive, alpha-beta T cell",2,alpha-beta T cell
CATGCCACTGCCAA-1,"CD4-positive, alpha-beta T cell","CD4-positive, alpha-beta T cell",non-classical monocyte,thymocyte,"naive thymus-derived CD4-positive, alpha-beta T cell","naive thymus-derived CD4-positive, alpha-beta T cell","CD4-positive, alpha-beta T cell",3,"CD4-positive, alpha-beta T cell",2,"CD4-positive, alpha-beta T cell"
CATGCGCTAGTCAC-1,intermediate monocyte,non-classical monocyte,non-classical monocyte,non-classical monocyte,non-classical monocyte,non-classical monocyte,non-classical monocyte,5,non-classical monocyte,5,non-classical monocyte
CATGCGCTCAGATC-1,intermediate monocyte,monocyte,monocyte,monocyte,monocyte,monocyte,monocyte,5,monocyte,5,monocyte
CATGCGCTTTGCAG-1,intermediate monocyte,non-classical monocyte,non-classical monocyte,non-classical monocyte,non-classical monocyte,non-classical monocyte,non-classical monocyte,5,non-classical monocyte,5,non-classical monocyte
CATGGCCTAGGGTG-1,monocyte,monocyte,erythrocyte,myeloid dendritic cell,monocyte,monocyte,monocyte,4,monocyte,4,monocyte
CATGGCCTGTGCAT-1,"CD4-positive, alpha-beta T cell","CD8-positive, alpha-beta thymocyte","CD4-positive, alpha-beta thymocyte","CD8-positive, alpha-beta T cell","naive thymus-derived CD4-positive, alpha-beta T cell","CD4-positive, alpha-beta thymocyte","CD4-positive, alpha-beta T cell",2,"CD4-positive, alpha-beta thymocyte",2,alpha-beta T cell
CATGTACTATCGTG-1,"CD8-positive, alpha-beta T cell","CD8-positive, alpha-beta T cell","CD8-positive, alpha-beta thymocyte",non-classical monocyte,"CD8-positive, alpha-beta T cell","CD8-positive, alpha-beta thymocyte","CD8-positive, alpha-beta T cell",3,"CD8-positive, alpha-beta T cell",3,alpha-beta T cell
CATGTTACAGTCGT-1,"CD8-positive, alpha-beta T cell","CD8-positive, alpha-beta T cell","CD8-positive, alpha-beta T cell","CD8-positive, alpha-beta T cell",myeloid dendritic cell,"CD8-positive, alpha-beta T cell","CD8-positive, alpha-beta T cell",5,"CD8-positive, alpha-beta T cell",5,"CD8-positive, alpha-beta T cell"
CATGTTACCTGAGT-1,"CD4-positive, alpha-beta T cell","CD8-positive, alpha-beta thymocyte","CD8-positive, alpha-beta T cell","CD4-positive, alpha-beta T cell","CD8-positive, alpha-beta T cell","CD8-positive, alpha-beta T cell","CD8-positive, alpha-beta T cell",3,"CD8-positive, alpha-beta T cell",3,mature alpha-beta T cell
CATGTTTGGGGATG-1,classical monocyte,monocyte,classical monocyte,classical monocyte,myeloid dendritic cell,monocyte,classical monocyte,3,classical monocyte,3,monocyte
CATTACACACGGAG-1,B cell,B cell,B cell,B cell,B cell,B cell,B cell,6,B cell,6,B cell
CATTACACCAACTG-1,"CD8-positive, alpha-beta T cell",natural killer cell,natural killer cell,mature NK T cell,natural killer cell,natural killer cell,natural killer cell,4,natural killer cell,4,natural killer cell
CATTACACGGAGTG-1,"CD4-positive, alpha-beta T cell","CD4-positive, alpha-beta thymocyte",mature NK T cell,"CD4-positive, alpha-beta T cell","naive thymus-derived CD4-positive, alpha-beta T cell","CD4-positive, alpha-beta thymocyte","CD4-positive, alpha-beta T cell",3,"CD4-positive, alpha-beta T cell",2,mature alpha-beta T cell
CATTACACTACTCT-1,"CD4-positive, alpha-beta T cell","CD4-positive, alpha-beta T cell","naive thymus-derived CD4-positive, alpha-beta T cell","CD4-positive, alpha-beta thymocyte",innate lymphoid cell,"naive thymus-derived CD4-positive, alpha-beta T cell","CD4-positive, alpha-beta T cell",2,"CD4-positive, alpha-beta T cell",2,"CD4-positive, alpha-beta T cell"
CATTAGCTCCACAA-1,intermediate monocyte,myeloid dendritic cell,myeloid dendritic cell,"CD8-positive, alpha-beta T cell",myeloid dendritic cell,monocyte,myeloid dendritic cell,3,myeloid dendritic cell,3,myeloid leukocyte
CATTGACTAGCGGA-1,monocyte,monocyte,monocyte,myeloid dendritic cell,monocyte,monocyte,monocyte,5,monocyte,5,monocyte
CATTGGGACTCGAA-1,"CD4-positive, alpha-beta T cell","CD4-positive, alpha-beta T cell",stromal cell,non-classical monocyte,non-classical monocyte,non-classical monocyte,non-classical monocyte,3,non-classical monocyte,3,mononuclear cell
CATTGTACAGCGTT-1,"CD4-positive, alpha-beta T cell","naive thymus-derived CD8-positive, alpha-beta T cell","naive thymus-derived CD8-positive, alpha-beta T cell","CD8-positive, alpha-beta thymocyte","naive thymus-derived CD8-positive, alpha-beta T cell","naive thymus-derived CD8-positive, alpha-beta T cell","naive thymus-derived CD8-positive, alpha-beta T cell",4,"naive thymus-derived CD8-positive, alpha-beta T cell",4,"naive thymus-derived CD8-positive, alpha-beta T cell"
CATTGTACTCGATG-1,B cell,B cell,B cell,B cell,B cell,B cell,B cell,6,B cell,6,B cell
CATTGTACTTATCC-1,"CD4-positive, alpha-beta T cell","naive thymus-derived CD4-positive, alpha-beta T cell",intestinal crypt stem cell of colon,"CD4-positive, alpha-beta T cell","naive thymus-derived CD4-positive, alpha-beta T cell","CD4-positive, alpha-beta T cell","CD4-positive, alpha-beta T cell",4,"CD4-positive, alpha-beta T cell",3,"CD4-positive, alpha-beta T cell"
CATTGTACTTTGCT-1,macrophage,myeloid dendritic cell,non-classical monocyte,non-classical monocyte,non-classical monocyte,non-classical monocyte,non-classical monocyte,4,non-classical monocyte,4,non-classical monocyte
CATTGTTGCTAGTG-1,"CD4-positive, alpha-beta T cell","naive thymus-derived CD4-positive, alpha-beta T cell","naive thymus-derived CD4-positive, alpha-beta T cell",innate lymphoid cell,"naive thymus-derived CD4-positive, alpha-beta T cell","naive thymus-derived CD4-positive, alpha-beta T cell","naive thymus-derived CD4-positive, alpha-beta T cell",4,"naive thymus-derived CD4-positive, alpha-beta T cell",4,"naive thymus-derived CD4-positive, alpha-beta T cell"
CATTTCGACTCTAT-1,"CD8-positive, alpha-beta T cell","CD8-positive, alpha-beta T cell","CD8-positive, alpha-beta T cell","CD8-positive, alpha-beta T cell","CD8-positive, alpha-beta T cell","CD8-positive, alpha-beta T cell","CD8-positive, alpha-beta T cell",6,"CD8-positive, alpha-beta T cell",6,"CD8-positive, alpha-beta T cell"
CATTTCGAGATACC-1,"CD8-positive, alpha-beta T cell",natural killer cell,natural killer cell,natural killer cell,natural killer cell,natural killer cell,natural killer cell,5,natural killer cell,5,natural killer cell
CATTTGACCACACA-1,"CD8-positive, alpha-beta T cell","CD8-positive, alpha-beta T cell",myeloid dendritic cell,"CD8-positive, alpha-beta T cell","CD8-positive, alpha-beta T cell","CD8-positive, alpha-beta T cell","CD8-positive, alpha-beta T cell",5,"CD8-positive, alpha-beta T cell",5,"CD8-positive, alpha-beta T cell"
CATTTGACCCTGAA-1,"CD8-positive, alpha-beta T cell","CD8-positive, alpha-beta T cell","CD8-positive, alpha-beta thymocyte","CD8-positive, alpha-beta T cell","CD8-positive, alpha-beta T cell","CD8-positive, alpha-beta thymocyte","CD8-positive, alpha-beta T cell",4,"CD8-positive, alpha-beta T cell",4,"CD8-positive, alpha-beta T cell"
CATTTGTGACGACT-1,B cell,B cell,serous cell of epithelium of trachea,B cell,B cell,B cell,B cell,5,B cell,5,B cell
CATTTGTGCATTGG-1,"CD4-positive, alpha-beta T cell","CD4-positive, alpha-beta thymocyte",B cell,"CD4-positive, alpha-beta T cell","CD4-positive, alpha-beta T cell","CD4-positive, alpha-beta T cell","CD4-positive, alpha-beta T cell",4,"CD4-positive, alpha-beta T cell",4,"CD4-positive, alpha-beta T cell"
CATTTGTGCGGAGA-1,"CD4-positive, alpha-beta T cell","CD4-positive, alpha-beta T cell","CD4-positive, alpha-beta T cell","CD4-positive, alpha-beta T cell","naive thymus-derived CD4-positive, alpha-beta T cell","CD4-positive, alpha-beta T cell","CD4-positive, alpha-beta T cell",6,"CD4-positive, alpha-beta T cell",5,"CD4-positive, alpha-beta T cell"
CATTTGTGGGATCT-1,B cell,B cell,B cell,B cell,B cell,B cell,B cell,6,B cell,6,B cell
CCAAAGTGCTACGA-1,classical monocyte,monocyte,basophil,monocyte,myeloid dendritic cell,classical monocyte,classical monocyte,2,classical monocyte,2,monocyte
CCAAAGTGTGAGAA-1,classical monocyte,monocyte,mature NK T cell,myeloid dendritic cell,monocyte,classical monocyte,classical monocyte,2,classical monocyte,2,monocyte
CCAACCTGAAGTAG-1,"CD8-positive, alpha-beta T cell","CD8-positive, alpha-beta T cell","CD8-positive, alpha-beta thymocyte",natural killer cell,myeloid dendritic cell,natural killer cell,"CD8-positive, alpha-beta T cell",2,"CD8-positive, alpha-beta T cell",2,lymphocyte
CCAACCTGACGTAC-1,classical monocyte,monocyte,classical monocyte,classical monocyte,monocyte,monocyte,classical monocyte,3,classical monocyte,3,monocyte
CCAAGAACCCAATG-1,regulatory T cell,"CD4-positive, alpha-beta T cell","CD4-positive, alpha-beta T cell",T cell,innate lymphoid cell,"naive thymus-derived CD4-positive, alpha-beta T cell","CD4-positive, alpha-beta T cell",2,"CD4-positive, alpha-beta T cell",2,mature T cell
CCAAGAACGTAGCT-1,"CD4-positive, alpha-beta T cell","CD4-positive, alpha-beta T cell","naive thymus-derived CD4-positive, alpha-beta T cell","CD4-positive, alpha-beta T cell",innate lymphoid cell,innate lymphoid cell,"CD4-positive, alpha-beta T cell",3,"CD4-positive, alpha-beta T cell",3,"CD4-positive, alpha-beta T cell"
CCAAGAACGTGTCA-1,T cell,"CD4-positive, alpha-beta T cell","CD4-positive, alpha-beta T cell","CD8-positive, alpha-beta T cell","naive thymus-derived CD4-positive, alpha-beta T cell","CD4-positive, alpha-beta T cell","CD4-positive, alpha-beta T cell",4,"CD4-positive, alpha-beta T cell",3,"CD4-positive, alpha-beta T cell"
CCAAGAACTACTGG-1,"CD8-positive, alpha-beta T cell","CD8-positive, alpha-beta T cell",natural killer cell,natural killer cell,natural killer cell,"naive thymus-derived CD8-positive, alpha-beta T cell",natural killer cell,3,natural killer cell,3,lymphocyte
CCAAGAACTCCTAT-1,B cell,B cell,B cell,B cell,myeloid dendritic cell,B cell,B cell,5,B cell,5,B cell
CCAAGATGTCATTC-1,"CD4-positive, alpha-beta T cell","CD4-positive, alpha-beta thymocyte",regulatory T cell,regulatory T cell,"CD4-positive, alpha-beta T cell",regulatory T cell,regulatory T cell,3,regulatory T cell,3,mature T cell
CCAAGATGTTTCAC-1,"CD4-positive, alpha-beta T cell","CD4-positive, alpha-beta T cell",innate lymphoid cell,innate lymphoid cell,innate lymphoid cell,innate lymphoid cell,innate lymphoid cell,4,innate lymphoid cell,4,innate lymphoid cell
CCAAGTGAGGAACG-1,"CD4-positive, alpha-beta T cell","CD4-positive, alpha-beta T cell",T follicular helper cell,"naive thymus-derived CD8-positive, alpha-beta T cell","naive thymus-derived CD4-positive, alpha-beta T cell","naive thymus-derived CD4-positive, alpha-beta T cell","CD4-positive, alpha-beta T cell",3,"CD4-positive, alpha-beta T cell",2,"CD4-positive, alpha-beta T cell"
CCAAGTGATCAAGC-1,"CD4-positive, alpha-beta T cell","CD4-positive, alpha-beta T cell","naive thymus-derived CD4-positive, alpha-beta T cell","naive thymus-derived CD8-positive, alpha-beta T cell","naive thymus-derived CD4-positive, alpha-beta T cell","naive thymus-derived CD4-positive, alpha-beta T cell","CD4-positive, alpha-beta T cell",3,"naive thymus-derived CD4-positive, alpha-beta T cell",3,"CD4-positive, alpha-beta T cell"
CCAATTTGAACGTC-1,monocyte,myeloid dendritic cell,monocyte,monocyte,monocyte,monocyte,monocyte,5,monocyte,5,monocyte
CCACCATGAACGTC-1,"CD4-positive, alpha-beta T cell","naive thymus-derived CD4-positive, alpha-beta T cell","naive thymus-derived CD4-positive, alpha-beta T cell","CD4-positive, alpha-beta T cell","CD4-positive, alpha-beta T cell","naive thymus-derived CD4-positive, alpha-beta T cell","CD4-positive, alpha-beta T cell",3,"CD4-positive, alpha-beta T cell",3,"CD4-positive, alpha-beta T cell"
CCACCATGATCGGT-1,"CD4-positive, alpha-beta T cell","CD4-positive, alpha-beta T cell",innate lymphoid cell,innate lymphoid cell,innate lymphoid cell,innate lymphoid cell,innate lymphoid cell,4,innate lymphoid cell,4,innate lymphoid cell
CCACCATGGACGAG-1,macrophage,non-classical monocyte,non-classical monocyte,non-classical monocyte,non-classical monocyte,non-classical monocyte,non-classical monocyte,5,non-classical monocyte,5,non-classical monocyte
CCACCATGGGGAGT-1,"CD4-positive, alpha-beta T cell","CD4-positive, alpha-beta T cell","CD8-positive, alpha-beta thymocyte","CD4-positive, alpha-beta T cell",innate lymphoid cell,"CD8-positive, alpha-beta thymocyte","CD4-positive, alpha-beta T cell",3,"CD4-positive, alpha-beta T cell",3,alpha-beta T cell
CCACCATGTCCTGC-1,"CD8-positive, alpha-beta T cell","CD8-positive, alpha-beta T cell",leukocyte,natural killer cell,"CD8-positive, alpha-beta T cell",natural killer cell,"CD8-positive, alpha-beta T cell",3,"CD8-positive, alpha-beta T cell",3,lymphocyte
CCACTGACCCGCTT-1,classical monocyte,monocyte,monocyte,monocyte,monocyte,monocyte,monocyte,5,monocyte,5,monocyte
CCACTGTGGGAAGC-1,classical monocyte,monocyte,monocyte,neutrophil,monocyte,monocyte,monocyte,4,monocyte,4,monocyte
CCACTGTGTGTAGC-1,"CD4-positive, alpha-beta T cell","CD4-positive, alpha-beta T cell",erythrocyte,"naive thymus-derived CD8-positive, alpha-beta T cell","naive thymus-derived CD4-positive, alpha-beta T cell","CD4-positive, alpha-beta T cell","CD4-positive, alpha-beta T cell",4,"CD4-positive, alpha-beta T cell",3,"CD4-positive, alpha-beta T cell"
CCACTTCTCGGGAA-1,classical monocyte,myeloid dendritic cell,myeloid dendritic cell,monocyte,myeloid dendritic cell,myeloid dendritic cell,myeloid dendritic cell,4,myeloid dendritic cell,4,conventional dendritic cell
CCAGAAACCCTGTC-1,B cell,B cell,B cell,B cell,B cell,B cell,B cell,6,B cell,6,B cell
CCAGAAACGAACTC-1,"CD4-positive, alpha-beta T cell",regulatory T cell,"CD8-positive, alpha-beta thymocyte","CD4-positive, alpha-beta T cell","naive thymus-derived CD4-positive, alpha-beta T cell","CD8-positive, alpha-beta thymocyte","CD4-positive, alpha-beta T cell",3,"CD4-positive, alpha-beta T cell",2,alpha-beta T cell
CCAGAAACGGTCTA-1,"CD4-positive, alpha-beta T cell","CD4-positive, alpha-beta T cell",innate lymphoid cell,"naive thymus-derived CD4-positive, alpha-beta T cell",innate lymphoid cell,innate lymphoid cell,innate lymphoid cell,3,innate lymphoid cell,3,lymphocyte
CCAGACCTTGTGGT-1,"CD4-positive, alpha-beta T cell","CD4-positive, alpha-beta thymocyte",stromal cell,"CD4-positive, alpha-beta T cell",innate lymphoid cell,innate lymphoid cell,"CD4-positive, alpha-beta T cell",2,"CD4-positive, alpha-beta T cell",2,lymphocyte
CCAGCACTGCGATT-1,macrophage,non-classical monocyte,mononuclear phagocyte,non-classical monocyte,non-classical monocyte,non-classical monocyte,non-classical monocyte,4,non-classical monocyte,4,non-classical monocyte
CCAGCGGAAAGGCG-1,classical monocyte,monocyte,basophil,monocyte,monocyte,monocyte,monocyte,4,monocyte,4,monocyte
CCAGCGGACGACTA-1,classical monocyte,myeloid dendritic cell,monocyte,myeloid dendritic cell,myeloid dendritic cell,monocyte,myeloid dendritic cell,3,myeloid dendritic cell,3,myeloid leukocyte
CCAGCGGATGGGAG-1,"CD4-positive, alpha-beta T cell","CD4-positive, alpha-beta T cell","naive thymus-derived CD4-positive, alpha-beta T cell","CD4-positive, alpha-beta T cell","naive thymus-derived CD4-positive, alpha-beta T cell","naive thymus-derived CD4-positive, alpha-beta T cell","CD4-positive, alpha-beta T cell",4,"CD4-positive, alpha-beta T cell",3,"CD4-positive, alpha-beta T cell"
CCAGCTACACAGTC-1,"CD4-positive, alpha-beta T cell","CD4-positive, alpha-beta T cell","CD4-positive, alpha-beta thymocyte","CD4-positive, alpha-beta thymocyte","naive thymus-derived CD4-positive, alpha-beta T cell","CD4-positive, alpha-beta thymocyte","CD4-positive, alpha-beta T cell",3,"CD4-positive, alpha-beta thymocyte",3,alpha-beta T cell
CCAGCTACCAGCTA-1,B cell,B cell,B cell,B cell,B cell,B cell,B cell,6,B cell,6,B cell
CCAGGTCTACACCA-1,B cell,B cell,B cell,B cell,B cell,B cell,B cell,6,B cell,6,B cell
CCAGGTCTAGCATC-1,classical monocyte,monocyte,classical monocyte,classical monocyte,classical monocyte,classical monocyte,classical monocyte,5,classical monocyte,5,classical monocyte
CCAGGTCTATGGTC-1,"CD4-positive, alpha-beta T cell","CD4-positive, alpha-beta T cell","CD4-positive, alpha-beta T cell","naive thymus-derived CD4-positive, alpha-beta T cell",innate lymphoid cell,"CD4-positive, alpha-beta T cell","CD4-positive, alpha-beta T cell",4,"CD4-positive, alpha-beta T cell",4,"CD4-positive, alpha-beta T cell"
CCAGTCACACTGGT-1,monocyte,monocyte,monocyte,monocyte,monocyte,monocyte,monocyte,6,monocyte,6,monocyte
CCAGTCACACTGTG-1,B cell,B cell,B cell,B cell,B cell,B cell,B cell,6,B cell,6,B cell
CCAGTCACGTTGTG-1,"CD4-positive, alpha-beta T cell","CD4-positive, alpha-beta T cell","CD4-positive, alpha-beta thymocyte","CD4-positive, alpha-beta T cell","naive thymus-derived CD4-positive, alpha-beta T cell","CD4-positive, alpha-beta thymocyte","CD4-positive, alpha-beta T cell",4,"CD4-positive, alpha-beta T cell",3,"CD4-positive, alpha-beta T cell"
CCAGTGCTAACCAC-1,"CD4-positive, alpha-beta T cell","CD4-positive, alpha-beta T cell","CD4-positive, alpha-beta thymocyte","naive thymus-derived CD4-positive, alpha-beta T cell","naive thymus-derived CD4-positive, alpha-beta T cell","CD4-positive, alpha-beta thymocyte","CD4-positive, alpha-beta T cell",3,"CD4-positive, alpha-beta T cell",2,"CD4-positive, alpha-beta T cell"
CCAGTGCTCGTAGT-1,"CD4-positive, alpha-beta T cell","CD4-positive, alpha-beta T cell","CD4-positive, alpha-beta T cell","CD4-positive, alpha-beta T cell","CD4-positive, alpha-beta T cell","CD4-positive, alpha-beta T cell","CD4-positive, alpha-beta T cell",6,"CD4-positive, alpha-beta T cell",6,"CD4-positive, alpha-beta T cell"
CCATCCGAAAGCAA-1,"CD4-positive, alpha-beta T cell","CD4-positive, alpha-beta T cell",leukocyte,"CD4-positive, alpha-beta T cell",innate lymphoid cell,leukocyte,"CD4-positive, alpha-beta T cell",3,"CD4-positive, alpha-beta T cell",3,lymphocyte
CCATCCGAACGACT-1,"CD4-positive, alpha-beta T cell","CD4-positive, alpha-beta T cell","CD8-positive, alpha-beta thymocyte",natural killer cell,innate lymphoid cell,"CD8-positive, alpha-beta thymocyte","CD4-positive, alpha-beta T cell",2,"CD4-positive, alpha-beta T cell",2,alpha-beta T cell
CCATCCGAAGGTTC-1,B cell,B cell,B cell,B cell,B cell,B cell,B cell,6,B cell,6,B cell
CCATCCGATTCGCC-1,monocyte,classical monocyte,"naive thymus-derived CD4-positive, alpha-beta T cell",neutrophil,monocyte,monocyte,monocyte,3,monocyte,3,monocyte
CCATCGTGAACGGG-1,"CD4-positive, alpha-beta T cell",T follicular helper cell,"naive thymus-derived CD4-positive, alpha-beta T cell","naive thymus-derived CD4-positive, alpha-beta T cell","naive thymus-derived CD4-positive, alpha-beta T cell","naive thymus-derived CD4-positive, alpha-beta T cell","naive thymus-derived CD4-positive, alpha-beta T cell",4,"naive thymus-derived CD4-positive, alpha-beta T cell",4,"naive thymus-derived CD4-positive, alpha-beta T cell"
CCATCGTGCTAGAC-1,macrophage,myeloid dendritic cell,non-classical monocyte,non-classical monocyte,non-classical monocyte,non-classical monocyte,non-classical monocyte,4,non-classical monocyte,4,non-classical monocyte
CCCAACACCTCGCT-1,B cell,B cell,B cell,B cell,B cell,B cell,B cell,6,B cell,6,B cell
CCCAACACGCATCA-1,"CD4-positive, alpha-beta T cell","CD4-positive, alpha-beta T cell",innate lymphoid cell,innate lymphoid cell,innate lymphoid cell,innate lymphoid cell,innate lymphoid cell,4,innate lymphoid cell,4,innate lymphoid cell
CCCAACACTTTGTC-1,classical monocyte,monocyte,classical monocyte,myeloid dendritic cell,myeloid dendritic cell,classical monocyte,classical monocyte,3,classical monocyte,3,monocyte
CCCAACTGCAATCG-1,classical monocyte,myeloid dendritic cell,erythrocyte,monocyte,classical monocyte,classical monocyte,classical monocyte,3,classical monocyte,3,monocyte
CCCAGACTGCCTTC-1,macrophage,myeloid dendritic cell,classical monocyte,myeloid dendritic cell,monocyte,classical monocyte,myeloid dendritic cell,2,classical monocyte,2,myeloid leukocyte
CCCAGACTGGTTTG-1,B cell,B cell,B cell,B cell,B cell,B cell,B cell,6,B cell,6,B cell
CCCAGACTTTCGCC-1,macrophage,myeloid dendritic cell,non-classical monocyte,non-classical monocyte,non-classical monocyte,non-classical monocyte,non-classical monocyte,4,non-classical monocyte,4,non-classical monocyte
CCCAGTTGCAGTTG-1,macrophage,myeloid dendritic cell,plasmacytoid dendritic cell,myeloid dendritic cell,myeloid dendritic cell,classical monocyte,myeloid dendritic cell,3,myeloid dendritic cell,3,dendritic cell
CCCAGTTGGGTACT-1,"CD4-positive, alpha-beta T cell","CD4-positive, alpha-beta T cell","CD8-positive, alpha-beta T cell",T cell,"CD8-positive, alpha-beta T cell","CD8-positive, alpha-beta T cell","CD8-positive, alpha-beta T cell",3,"CD8-positive, alpha-beta T cell",3,mature alpha-beta T cell
CCCAGTTGTCTATC-1,B cell,B cell,B cell,B cell,B cell,B cell,B cell,6,B cell,6,B cell
CCCGATTGTGTTTC-1,"CD4-positive, alpha-beta T cell","CD4-positive, alpha-beta T cell","naive thymus-derived CD4-positive, alpha-beta T cell","CD4-positive, alpha-beta T cell","naive thymus-derived CD4-positive, alpha-beta T cell","naive thymus-derived CD4-positive, alpha-beta T cell","CD4-positive, alpha-beta T cell",4,"CD4-positive, alpha-beta T cell",3,"CD4-positive, alpha-beta T cell"
CCCGGAGAAGGGTG-1,classical monocyte,monocyte,erythrocyte,monocyte,monocyte,classical monocyte,monocyte,3,monocyte,3,monocyte
CCCTACGAATTGGC-1,classical monocyte,monocyte,basophil,myeloid dendritic cell,myeloid dendritic cell,classical monocyte,classical monocyte,2,classical monocyte,2,myeloid leukocyte
CCCTAGTGCAAAGA-1,"CD4-positive, alpha-beta T cell","CD4-positive, alpha-beta T cell",regulatory T cell,"CD4-positive, alpha-beta T cell","naive thymus-derived CD4-positive, alpha-beta T cell",innate lymphoid cell,"CD4-positive, alpha-beta T cell",4,"CD4-positive, alpha-beta T cell",3,"CD4-positive, alpha-beta T cell"
CCCTCAGACACTTT-1,B cell,B cell,B cell,B cell,B cell,B cell,B cell,6,B cell,6,B cell
CCCTCAGACGAGAG-1,"CD4-positive, alpha-beta T cell","naive thymus-derived CD4-positive, alpha-beta T cell","CD4-positive, alpha-beta thymocyte","CD4-positive, alpha-beta T cell","naive thymus-derived CD4-positive, alpha-beta T cell","CD4-positive, alpha-beta thymocyte","CD4-positive, alpha-beta T cell",3,"CD4-positive, alpha-beta T cell",2,"CD4-positive, alpha-beta T cell"
CCCTCAGAGGTCAT-1,"CD4-positive, alpha-beta thymocyte","CD4-positive, alpha-beta T cell",innate lymphoid cell,innate lymphoid cell,innate lymphoid cell,innate lymphoid cell,innate lymphoid cell,4,innate lymphoid cell,4,innate lymphoid cell
CCCTGAACTAAAGG-1,B cell,B cell,B cell,B cell,B cell,B cell,B cell,6,B cell,6,B cell
CCCTGATGCAACCA-1,"CD4-positive, alpha-beta T cell","CD4-positive, alpha-beta thymocyte",non-classical monocyte,"naive thymus-derived CD4-positive, alpha-beta T cell","naive thymus-derived CD4-positive, alpha-beta T cell","CD4-positive, alpha-beta T cell","CD4-positive, alpha-beta T cell",3,"CD4-positive, alpha-beta T cell",2,"CD4-positive, alpha-beta T cell"
CCCTGATGCAAGCT-1,B cell,B cell,B cell,B cell,B cell,B cell,B cell,6,B cell,6,B cell
CCCTTACTAACCAC-1,macrophage,myeloid dendritic cell,monocyte,non-classical monocyte,myeloid dendritic cell,monocyte,myeloid dendritic cell,2,monocyte,2,myeloid leukocyte
CCCTTACTGCAGTT-1,"CD4-positive, alpha-beta T cell","CD8-positive, alpha-beta T cell",innate lymphoid cell,innate lymphoid cell,innate lymphoid cell,innate lymphoid cell,innate lymphoid cell,4,innate lymphoid cell,4,innate lymphoid cell
CCGAAAACCTTGTT-1,macrophage,myeloid dendritic cell,monocyte,non-classical monocyte,non-classical monocyte,monocyte,monocyte,3,monocyte,2,monocyte
CCGACACTGGTTTG-1,"CD4-positive, alpha-beta T cell","naive thymus-derived CD4-positive, alpha-beta T cell","naive thymus-derived CD4-positive, alpha-beta T cell","CD4-positive, alpha-beta T cell","naive thymus-derived CD4-positive, alpha-beta T cell","naive thymus-derived CD4-positive, alpha-beta T cell","naive thymus-derived CD4-positive, alpha-beta T cell",4,"naive thymus-derived CD4-positive, alpha-beta T cell",4,"naive thymus-derived CD4-positive, alpha-beta T cell"
CCGACTACCCAGTA-1,macrophage,monocyte,monocyte,monocyte,monocyte,monocyte,monocyte,5,monocyte,5,monocyte
CCGACTACCGTGTA-1,"CD4-positive, alpha-beta T cell","CD4-positive, alpha-beta T cell",innate lymphoid cell,innate lymphoid cell,innate lymphoid cell,innate lymphoid cell,innate lymphoid cell,4,innate lymphoid cell,4,innate lymphoid cell
CCGACTACTGAGGG-1,"CD4-positive, alpha-beta T cell","CD8-positive, alpha-beta thymocyte","CD8-positive, alpha-beta thymocyte","CD8-positive, alpha-beta thymocyte","CD8-positive, alpha-beta T cell","CD8-positive, alpha-beta thymocyte","CD8-positive, alpha-beta thymocyte",4,"CD8-positive, alpha-beta thymocyte",4,"CD8-positive, alpha-beta thymocyte"
CCGATAGACCTAAG-1,"CD4-positive, alpha-beta T cell",B cell,"CD4-positive, alpha-beta T cell",innate lymphoid cell,"CD4-positive, alpha-beta T cell","CD4-positive, alpha-beta T cell","CD4-positive, alpha-beta T cell",4,"CD4-positive, alpha-beta T cell",4,"CD4-positive, alpha-beta T cell"
CCGATAGAGTTGGT-1,macrophage,myeloid dendritic cell,classical monocyte,non-classical monocyte,non-classical monocyte,classical monocyte,classical monocyte,2,classical monocyte,2,myeloid leukocyte
CCGCGAGACACACA-1,classical monocyte,monocyte,monocyte,myeloid dendritic cell,myeloid dendritic cell,monocyte,monocyte,3,monocyte,3,monocyte
CCGCGAGAGGTTCA-1,"CD8-positive, alpha-beta T cell","CD8-positive, alpha-beta T cell","CD8-positive, alpha-beta thymocyte","CD4-positive, alpha-beta T cell","CD8-positive, alpha-beta T cell","CD8-positive, alpha-beta T cell","CD8-positive, alpha-beta T cell",4,"CD8-positive, alpha-beta T cell",4,"CD8-positive, alpha-beta T cell"
CCGCTATGGGACGA-1,B cell,B cell,B cell,B cell,B cell,B cell,B cell,6,B cell,6,B cell
CCGCTATGTGCAAC-1,macrophage,myeloid dendritic cell,myeloid dendritic cell,intermediate monocyte,monocyte,monocyte,myeloid dendritic cell,2,monocyte,2,myeloid leukocyte
CCGCTATGTGCACA-1,classical monocyte,monocyte,monocyte,myeloid dendritic cell,monocyte,monocyte,monocyte,4,monocyte,4,monocyte
CCGGTACTGTCCTC-1,"CD4-positive, alpha-beta T cell","CD8-positive, alpha-beta thymocyte","CD8-positive, alpha-beta thymocyte","CD8-positive, alpha-beta thymocyte","CD8-positive, alpha-beta thymocyte","CD8-positive, alpha-beta thymocyte","CD8-positive, alpha-beta thymocyte",5,"CD8-positive, alpha-beta thymocyte",5,"CD8-positive, alpha-beta thymocyte"
CCGTACACAAGCAA-1,"CD4-positive, alpha-beta T cell","CD4-positive, alpha-beta T cell",innate lymphoid cell,innate lymphoid cell,innate lymphoid cell,innate lymphoid cell,innate lymphoid cell,4,innate lymphoid cell,4,innate lymphoid cell
CCGTACACAGCGTT-1,B cell,B cell,B cell,B cell,B cell,B cell,B cell,6,B cell,6,B cell
CCGTACACGTCATG-1,"CD8-positive, alpha-beta T cell","CD8-positive, alpha-beta T cell","naive thymus-derived CD8-positive, alpha-beta T cell","CD8-positive, alpha-beta T cell","naive thymus-derived CD8-positive, alpha-beta T cell","naive thymus-derived CD8-positive, alpha-beta T cell","CD8-positive, alpha-beta T cell",4,"CD8-positive, alpha-beta T cell",3,"CD8-positive, alpha-beta T cell"
CCGTACACGTTGGT-1,classical monocyte,monocyte,monocyte,myeloid dendritic cell,monocyte,intermediate monocyte,monocyte,3,monocyte,3,monocyte
CCGTACACTAACGC-1,"CD4-positive, alpha-beta T cell","CD8-positive, alpha-beta T cell","naive thymus-derived CD4-positive, alpha-beta T cell","naive thymus-derived CD8-positive, alpha-beta T cell","CD8-positive, alpha-beta T cell",T cell,"CD8-positive, alpha-beta T cell",2,"CD8-positive, alpha-beta T cell",2,mature alpha-beta T cell
CCTAAACTTTCGTT-1,"CD4-positive, alpha-beta T cell","naive thymus-derived CD4-positive, alpha-beta T cell",innate lymphoid cell,innate lymphoid cell,innate lymphoid cell,innate lymphoid cell,innate lymphoid cell,4,innate lymphoid cell,4,innate lymphoid cell
CCTAAGGACCCAAA-1,"CD4-positive, alpha-beta T cell","CD4-positive, alpha-beta T cell","naive thymus-derived CD4-positive, alpha-beta T cell","CD4-positive, alpha-beta T cell","naive thymus-derived CD4-positive, alpha-beta T cell","naive thymus-derived CD4-positive, alpha-beta T cell","CD4-positive, alpha-beta T cell",4,"CD4-positive, alpha-beta T cell",3,"CD4-positive, alpha-beta T cell"
CCTAAGGACTAGCA-1,classical monocyte,myeloid dendritic cell,neutrophil,myeloid dendritic cell,myeloid dendritic cell,neutrophil,myeloid dendritic cell,3,myeloid dendritic cell,3,myeloid leukocyte
CCTAAGGAGGGCAA-1,"CD8-positive, alpha-beta T cell","CD8-positive, alpha-beta T cell","CD8-positive, alpha-beta thymocyte","CD8-positive, alpha-beta T cell","CD8-positive, alpha-beta T cell","CD8-positive, alpha-beta T cell","CD8-positive, alpha-beta T cell",5,"CD8-positive, alpha-beta T cell",5,"CD8-positive, alpha-beta T cell"
CCTAAGGATGATGC-1,"CD4-positive, alpha-beta T cell","CD4-positive, alpha-beta T cell","CD4-positive, alpha-beta T cell","CD4-positive, alpha-beta T cell",innate lymphoid cell,"CD4-positive, alpha-beta T cell","CD4-positive, alpha-beta T cell",5,"CD4-positive, alpha-beta T cell",5,"CD4-positive, alpha-beta T cell"
CCTAAGGATGTCAG-1,"CD4-positive, alpha-beta T cell","CD4-positive, alpha-beta T cell",innate lymphoid cell,"naive thymus-derived CD4-positive, alpha-beta T cell","naive thymus-derived CD4-positive, alpha-beta T cell",innate lymphoid cell,"CD4-positive, alpha-beta T cell",3,"CD4-positive, alpha-beta T cell",2,"CD4-positive, alpha-beta T cell"
CCTACCGACTCTTA-1,"CD4-positive, alpha-beta T cell",regulatory T cell,"CD4-positive, alpha-beta T cell","CD4-positive, alpha-beta T cell",innate lymphoid cell,innate lymphoid cell,"CD4-positive, alpha-beta T cell",3,"CD4-positive, alpha-beta T cell",3,mature T cell
CCTACCGAGGGATG-1,B cell,myeloid dendritic cell,B cell,B cell,B cell,innate lymphoid cell,B cell,4,B cell,4,B cell
CCTAGAGAGGTGAG-1,B cell,B cell,B cell,B cell,B cell,B cell,B cell,6,B cell,6,B cell
CCTATAACCAAAGA-1,"CD4-positive, alpha-beta T cell","CD4-positive, alpha-beta T cell","CD8-positive, alpha-beta thymocyte","CD8-positive, alpha-beta T cell","CD8-positive, alpha-beta thymocyte","CD8-positive, alpha-beta thymocyte","CD8-positive, alpha-beta thymocyte",3,"CD8-positive, alpha-beta thymocyte",3,alpha-beta T cell
CCTATAACGAGACG-1,monocyte,myeloid dendritic cell,monocyte,non-classical monocyte,non-classical monocyte,non-classical monocyte,non-classical monocyte,3,non-classical monocyte,3,monocyte
CCTATAACTCAGAC-1,"CD4-positive, alpha-beta thymocyte","CD4-positive, alpha-beta T cell",innate lymphoid cell,"CD4-positive, alpha-beta T cell",innate lymphoid cell,innate lymphoid cell,innate lymphoid cell,3,innate lymphoid cell,3,lymphocyte
CCTATAACTGCATG-1,B cell,myeloid dendritic cell,non-classical monocyte,mature NK T cell,non-classical monocyte,non-classical monocyte,non-classical monocyte,3,non-classical monocyte,3,mononuclear cell
CCTCGAACACTTTC-1,natural killer cell,natural killer cell,natural killer cell,natural killer cell,natural killer cell,natural killer cell,natural killer cell,6,natural killer cell,6,natural killer cell
CCTCGAACCCGTAA-1,macrophage,non-classical monocyte,non-classical monocyte,non-classical monocyte,non-classical monocyte,non-classical monocyte,non-classical monocyte,5,non-classical monocyte,5,non-classical monocyte
CCTCGAACGTATCG-1,"CD4-positive, alpha-beta T cell","CD4-positive, alpha-beta T cell","naive thymus-derived CD4-positive, alpha-beta T cell","CD4-positive, alpha-beta T cell","naive thymus-derived CD4-positive, alpha-beta T cell","naive thymus-derived CD4-positive, alpha-beta T cell","CD4-positive, alpha-beta T cell",4,"CD4-positive, alpha-beta T cell",3,"CD4-positive, alpha-beta T cell"
CCTCGAACTTACTC-1,"CD4-positive, alpha-beta T cell","CD4-positive, alpha-beta thymocyte","CD8-positive, alpha-beta thymocyte","CD4-positive, alpha-beta T cell","naive thymus-derived CD4-positive, alpha-beta T cell","naive thymus-derived CD4-positive, alpha-beta T cell","CD4-positive, alpha-beta T cell",3,"CD4-positive, alpha-beta T cell",2,"CD4-positive, alpha-beta T cell"
CCTCTACTCTTCGC-1,macrophage,myeloid dendritic cell,monocyte,myeloid dendritic cell,monocyte,monocyte,monocyte,3,monocyte,3,myeloid leukocyte
CCTCTACTGGCATT-1,"CD4-positive, alpha-beta T cell","CD4-positive, alpha-beta T cell","CD4-positive, alpha-beta T cell","CD4-positive, alpha-beta T cell",innate lymphoid cell,"CD4-positive, alpha-beta T cell","CD4-positive, alpha-beta T cell",5,"CD4-positive, alpha-beta T cell",5,"CD4-positive, alpha-beta T cell"
CCTGACTGAAGTAG-1,"CD8-positive, alpha-beta T cell","CD8-positive, alpha-beta T cell","CD8-positive, alpha-beta T cell","CD8-positive, alpha-beta T cell","CD8-positive, alpha-beta T cell","CD8-positive, alpha-beta T cell","CD8-positive, alpha-beta T cell",6,"CD8-positive, alpha-beta T cell",6,"CD8-positive, alpha-beta T cell"
CCTGACTGGGGAGT-1,"CD4-positive, alpha-beta T cell","CD4-positive, alpha-beta T cell","naive thymus-derived CD8-positive, alpha-beta T cell","CD4-positive, alpha-beta T cell","naive thymus-derived CD8-positive, alpha-beta T cell","naive thymus-derived CD8-positive, alpha-beta T cell","CD4-positive, alpha-beta T cell",3,"CD4-positive, alpha-beta T cell",3,mature alpha-beta T cell
CCTGACTGTGTCTT-1,B cell,B cell,B cell,B cell,B cell,B cell,B cell,6,B cell,6,B cell
CCTGCAACACGTTG-1,macrophage,myeloid dendritic cell,monocyte,myeloid dendritic cell,myeloid dendritic cell,monocyte,myeloid dendritic cell,3,myeloid dendritic cell,3,professional antigen presenting cell
CCTGGACTCGTGAT-1,"CD4-positive, alpha-beta T cell","CD4-positive, alpha-beta T cell",innate lymphoid cell,innate lymphoid cell,innate lymphoid cell,innate lymphoid cell,innate lymphoid cell,4,innate lymphoid cell,4,innate lymphoid cell
CCTTAATGCCCAAA-1,B cell,B cell,B cell,B cell,B cell,B cell,B cell,6,B cell,6,B cell
CCTTAATGTTCTAC-1,macrophage,myeloid dendritic cell,non-classical monocyte,non-classical monocyte,non-classical monocyte,non-classical monocyte,non-classical monocyte,4,non-classical monocyte,4,non-classical monocyte
CCTTCACTACGACT-1,"CD4-positive, alpha-beta T cell","naive thymus-derived CD4-positive, alpha-beta T cell",monocyte,"CD4-positive, alpha-beta thymocyte",innate lymphoid cell,"CD4-positive, alpha-beta thymocyte","CD4-positive, alpha-beta thymocyte",2,"CD4-positive, alpha-beta thymocyte",2,alpha-beta T cell
CCTTCACTCAGTCA-1,B cell,B cell,B cell,B cell,B cell,B cell,B cell,6,B cell,6,B cell
CCTTCACTGGAGTG-1,monocyte,monocyte,monocyte,neutrophil,monocyte,monocyte,monocyte,5,monocyte,5,monocyte
CCTTTAGATTCATC-1,classical monocyte,monocyte,monocyte,myeloid dendritic cell,myeloid dendritic cell,monocyte,monocyte,3,monocyte,3,monocyte
CGAACATGCCCTAC-1,macrophage,myeloid dendritic cell,monocyte,non-classical monocyte,non-classical monocyte,non-classical monocyte,non-classical monocyte,3,non-classical monocyte,3,monocyte
CGAACATGTCAGAC-1,"CD4-positive, alpha-beta T cell","CD4-positive, alpha-beta T cell","naive thymus-derived CD4-positive, alpha-beta T cell","CD4-positive, alpha-beta T cell","naive thymus-derived CD4-positive, alpha-beta T cell","naive thymus-derived CD4-positive, alpha-beta T cell","CD4-positive, alpha-beta T cell",4,"CD4-positive, alpha-beta T cell",3,"CD4-positive, alpha-beta T cell"
CGAAGACTGGAACG-1,"CD8-positive, alpha-beta T cell","CD8-positive, alpha-beta T cell",thymocyte,"CD8-positive, alpha-beta T cell","CD8-positive, alpha-beta T cell","CD8-positive, alpha-beta T cell","CD8-positive, alpha-beta T cell",5,"CD8-positive, alpha-beta T cell",5,"CD8-positive, alpha-beta T cell"
CGAAGACTGTTACG-1,"CD4-positive, alpha-beta T cell","CD4-positive, alpha-beta T cell","CD8-positive, alpha-beta thymocyte","naive thymus-derived CD4-positive, alpha-beta T cell",innate lymphoid cell,innate lymphoid cell,"CD4-positive, alpha-beta T cell",2,"CD4-positive, alpha-beta T cell",2,alpha-beta T cell
CGAAGGGAAACCTG-1,"CD8-positive, alpha-beta T cell","CD8-positive, alpha-beta T cell","CD8-positive, alpha-beta thymocyte","naive thymus-derived CD8-positive, alpha-beta T cell",myeloid dendritic cell,"CD8-positive, alpha-beta thymocyte","CD8-positive, alpha-beta T cell",2,"CD8-positive, alpha-beta T cell",2,alpha-beta T cell
CGAAGGGATCCGAA-1,B cell,B cell,non-classical monocyte,B cell,B cell,B cell,B cell,5,B cell,5,B cell
CGAAGTACCAACTG-1,B cell,B cell,B cell,B cell,B cell,B cell,B cell,6,B cell,6,B cell
CGAATCGAGGAGCA-1,classical monocyte,monocyte,erythrocyte,neutrophil,monocyte,innate lymphoid cell,monocyte,2,monocyte,2,myeloid leukocyte
CGAATCGAGGAGGT-1,"CD4-positive, alpha-beta T cell",regulatory T cell,"CD4-positive, alpha-beta T cell","CD4-positive, alpha-beta T cell","naive thymus-derived CD4-positive, alpha-beta T cell","CD4-positive, alpha-beta T cell","CD4-positive, alpha-beta T cell",5,"CD4-positive, alpha-beta T cell",4,"CD4-positive, alpha-beta T cell"
CGACAAACCCATAG-1,"CD4-positive, alpha-beta T cell","CD4-positive, alpha-beta thymocyte","naive thymus-derived CD4-positive, alpha-beta T cell","CD4-positive, alpha-beta T cell","CD4-positive, alpha-beta T cell","naive thymus-derived CD4-positive, alpha-beta T cell","CD4-positive, alpha-beta T cell",3,"CD4-positive, alpha-beta T cell",3,"CD4-positive, alpha-beta T cell"
CGACAAACCGACAT-1,B cell,B cell,B cell,B cell,B cell,B cell,B cell,6,B cell,6,B cell
CGACCACTAAAGTG-1,"CD8-positive, alpha-beta T cell",natural killer cell,natural killer cell,natural killer cell,natural killer cell,natural killer cell,natural killer cell,5,natural killer cell,5,natural killer cell
CGACCACTGCCAAT-1,"CD8-positive, alpha-beta T cell",natural killer cell,"naive thymus-derived CD8-positive, alpha-beta T cell",natural killer cell,natural killer cell,"naive thymus-derived CD8-positive, alpha-beta T cell",natural killer cell,3,natural killer cell,3,lymphocyte
CGACCGGAAGGTCT-1,"CD4-positive, alpha-beta T cell",innate lymphoid cell,non-classical monocyte,innate lymphoid cell,innate lymphoid cell,non-classical monocyte,innate lymphoid cell,3,innate lymphoid cell,3,lymphocyte
CGACCGGATGGAAA-1,"CD4-positive, alpha-beta T cell",regulatory T cell,regulatory T cell,regulatory T cell,"naive thymus-derived CD4-positive, alpha-beta T cell",regulatory T cell,regulatory T cell,4,regulatory T cell,4,regulatory T cell
CGACCTTGCTAGTG-1,"CD4-positive, alpha-beta T cell","CD4-positive, alpha-beta T cell","CD4-positive, alpha-beta T cell","CD4-positive, alpha-beta T cell","naive thymus-derived CD4-positive, alpha-beta T cell","CD4-positive, alpha-beta T cell","CD4-positive, alpha-beta T cell",6,"CD4-positive, alpha-beta T cell",5,"CD4-positive, alpha-beta T cell"
CGACGTCTATCGTG-1,"CD8-positive, alpha-beta T cell","CD8-positive, alpha-beta T cell",innate lymphoid cell,"CD8-positive, alpha-beta T cell",myeloid dendritic cell,"CD8-positive, alpha-beta T cell","CD8-positive, alpha-beta T cell",4,"CD8-positive, alpha-beta T cell",4,"CD8-positive, alpha-beta T cell"
CGACGTCTCGTGTA-1,"CD4-positive, alpha-beta T cell","CD4-positive, alpha-beta T cell","naive thymus-derived CD4-positive, alpha-beta T cell","CD4-positive, alpha-beta T cell",innate lymphoid cell,"CD4-positive, alpha-beta T cell","CD4-positive, alpha-beta T cell",4,"CD4-positive, alpha-beta T cell",4,"CD4-positive, alpha-beta T cell"
CGACGTCTGAGGCA-1,"CD4-positive, alpha-beta T cell","naive thymus-derived CD4-positive, alpha-beta T cell",stromal cell,innate lymphoid cell,innate lymphoid cell,innate lymphoid cell,innate lymphoid cell,3,innate lymphoid cell,3,lymphocyte
CGACTCACGTCGTA-1,"CD4-positive, alpha-beta T cell","CD4-positive, alpha-beta T cell",monocyte,innate lymphoid cell,innate lymphoid cell,innate lymphoid cell,innate lymphoid cell,3,innate lymphoid cell,3,lymphocyte
CGACTCACGTTGCA-1,"CD4-positive, alpha-beta T cell","naive thymus-derived CD8-positive, alpha-beta T cell",thymocyte,"CD8-positive, alpha-beta thymocyte","CD8-positive, alpha-beta T cell","CD8-positive, alpha-beta thymocyte","CD8-positive, alpha-beta thymocyte",2,"CD8-positive, alpha-beta thymocyte",2,alpha-beta T cell
CGACTCTGTGTGAC-1,"CD4-positive, alpha-beta T cell","CD4-positive, alpha-beta T cell","CD4-positive, alpha-beta T cell","CD4-positive, alpha-beta T cell","naive thymus-derived CD4-positive, alpha-beta T cell","CD4-positive, alpha-beta T cell","CD4-positive, alpha-beta T cell",6,"CD4-positive, alpha-beta T cell",5,"CD4-positive, alpha-beta T cell"
CGACTGCTTCCTCG-1,monocyte,myeloid dendritic cell,monocyte,myeloid dendritic cell,myeloid dendritic cell,monocyte,myeloid dendritic cell,3,monocyte,3,myeloid leukocyte
CGAGAACTAAGGCG-1,"CD8-positive, alpha-beta T cell","naive thymus-derived CD8-positive, alpha-beta T cell","CD8-positive, alpha-beta thymocyte","CD8-positive, alpha-beta T cell","CD8-positive, alpha-beta T cell","CD8-positive, alpha-beta T cell","CD8-positive, alpha-beta T cell",4,"CD8-positive, alpha-beta T cell",4,"CD8-positive, alpha-beta T cell"
CGAGAACTACGTTG-1,"CD4-positive, alpha-beta T cell","naive thymus-derived CD4-positive, alpha-beta T cell",innate lymphoid cell,"CD4-positive, alpha-beta T cell",innate lymphoid cell,innate lymphoid cell,innate lymphoid cell,3,innate lymphoid cell,3,lymphocyte
CGAGAACTTGTTCT-1,classical monocyte,monocyte,myeloid dendritic cell,myeloid dendritic cell,myeloid dendritic cell,classical monocyte,myeloid dendritic cell,3,myeloid dendritic cell,3,myeloid leukocyte
CGAGATTGGACACT-1,"CD8-positive, alpha-beta T cell","CD8-positive, alpha-beta T cell","CD8-positive, alpha-beta thymocyte","CD8-positive, alpha-beta T cell",myeloid dendritic cell,"naive thymus-derived CD8-positive, alpha-beta T cell","CD8-positive, alpha-beta T cell",3,"CD8-positive, alpha-beta T cell",3,"CD8-positive, alpha-beta T cell"
CGAGATTGGCCATA-1,"CD8-positive, alpha-beta T cell",natural killer cell,"naive thymus-derived CD8-positive, alpha-beta T cell","CD8-positive, alpha-beta thymocyte",myeloid dendritic cell,"CD8-positive, alpha-beta T cell","CD8-positive, alpha-beta T cell",2,"CD8-positive, alpha-beta T cell",2,alpha-beta T cell
CGAGCCGAACACCA-1,"CD4-positive, alpha-beta T cell","CD4-positive, alpha-beta T cell","CD4-positive, alpha-beta T cell","CD4-positive, alpha-beta T cell","CD4-positive, alpha-beta T cell","CD4-positive, alpha-beta T cell","CD4-positive, alpha-beta T cell",6,"CD4-positive, alpha-beta T cell",6,"CD4-positive, alpha-beta T cell"
CGAGCCGAGGCGAA-1,"CD4-positive, alpha-beta T cell","naive thymus-derived CD4-positive, alpha-beta T cell","CD4-positive, alpha-beta thymocyte",T cell,"naive thymus-derived CD4-positive, alpha-beta T cell","CD4-positive, alpha-beta T cell","CD4-positive, alpha-beta T cell",3,"CD4-positive, alpha-beta T cell",2,"CD4-positive, alpha-beta T cell"
CGAGCGTGCTCCAC-1,"CD4-positive, alpha-beta T cell","CD4-positive, alpha-beta T cell","CD8-positive, alpha-beta thymocyte","CD8-positive, alpha-beta T cell","CD8-positive, alpha-beta T cell","CD8-positive, alpha-beta T cell","CD8-positive, alpha-beta T cell",3,"CD8-positive, alpha-beta T cell",3,mature alpha-beta T cell
CGAGCGTGGATACC-1,"CD4-positive, alpha-beta T cell","CD4-positive, alpha-beta T cell","naive thymus-derived CD4-positive, alpha-beta T cell","CD4-positive, alpha-beta T cell","naive thymus-derived CD4-positive, alpha-beta T cell","naive thymus-derived CD4-positive, alpha-beta T cell","CD4-positive, alpha-beta T cell",4,"CD4-positive, alpha-beta T cell",3,"CD4-positive, alpha-beta T cell"
CGAGCGTGTATGCG-1,monocyte,non-classical monocyte,erythrocyte,monocyte,monocyte,monocyte,monocyte,4,monocyte,4,monocyte
CGAGGAGACCTCCA-1,B cell,B cell,B cell,B cell,B cell,B cell,B cell,6,B cell,6,B cell
CGAGGAGATGTCGA-1,"CD4-positive, alpha-beta T cell","naive thymus-derived CD4-positive, alpha-beta T cell",stromal cell,innate lymphoid cell,innate lymphoid cell,innate lymphoid cell,innate lymphoid cell,3,innate lymphoid cell,3,lymphocyte
CGAGGCACCTATGG-1,"CD8-positive, alpha-beta T cell","CD8-positive, alpha-beta T cell","CD8-positive, alpha-beta thymocyte",natural killer cell,myeloid dendritic cell,natural killer cell,"CD8-positive, alpha-beta T cell",2,"CD8-positive, alpha-beta T cell",2,lymphocyte
CGAGGCACTATGCG-1,macrophage,myeloid dendritic cell,monocyte,monocyte,myeloid dendritic cell,myeloid dendritic cell,myeloid dendritic cell,3,myeloid dendritic cell,3,professional antigen presenting cell
CGAGGCACTCTTCA-1,"CD4-positive, alpha-beta T cell","CD8-positive, alpha-beta T cell",serous cell of epithelium of trachea,"CD4-positive, alpha-beta T cell","CD8-positive, alpha-beta T cell",natural killer cell,"CD4-positive, alpha-beta T cell",2,"CD4-positive, alpha-beta T cell",2,mature alpha-beta T cell
CGAGGCTGACGCTA-1,natural killer cell,natural killer cell,natural killer cell,natural killer cell,natural killer cell,natural killer cell,natural killer cell,6,natural killer cell,6,natural killer cell
CGAGGCTGGCAGTT-1,macrophage,myeloid dendritic cell,monocyte,myeloid dendritic cell,myeloid dendritic cell,classical monocyte,myeloid dendritic cell,3,myeloid dendritic cell,3,professional antigen presenting cell
CGAGGGCTACGACT-1,B cell,B cell,B cell,B cell,B cell,B cell,B cell,6,B cell,6,B cell
CGAGGGCTCGAATC-1,"CD4-positive, alpha-beta thymocyte","CD4-positive, alpha-beta T cell","CD8-positive, alpha-beta thymocyte","CD4-positive, alpha-beta thymocyte",innate lymphoid cell,"CD8-positive, alpha-beta T cell","CD4-positive, alpha-beta thymocyte",2,"CD4-positive, alpha-beta thymocyte",2,alpha-beta T cell
CGAGTATGTCACCC-1,non-classical monocyte,non-classical monocyte,non-classical monocyte,non-classical monocyte,non-classical monocyte,non-classical monocyte,non-classical monocyte,6,non-classical monocyte,6,non-classical monocyte
CGATACGAACAGTC-1,macrophage,myeloid dendritic cell,mononuclear phagocyte,myeloid dendritic cell,myeloid dendritic cell,classical monocyte,myeloid dendritic cell,3,myeloid dendritic cell,3,mononuclear phagocyte
CGATACGACAGGAG-1,"CD8-positive, alpha-beta T cell",gamma-delta T cell,"CD8-positive, alpha-beta T cell","CD8-positive, alpha-beta T cell","CD8-positive, alpha-beta T cell","CD8-positive, alpha-beta T cell","CD8-positive, alpha-beta T cell",5,"CD8-positive, alpha-beta T cell",5,"CD8-positive, alpha-beta T cell"
CGATACGATTCACT-1,B cell,B cell,B cell,B cell,B cell,B cell,B cell,6,B cell,6,B cell
CGATAGACCCGTAA-1,monocyte,monocyte,classical monocyte,non-classical monocyte,myeloid dendritic cell,classical monocyte,classical monocyte,2,classical monocyte,2,monocyte
CGATAGACCGTACA-1,"CD4-positive, alpha-beta T cell",regulatory T cell,"CD8-positive, alpha-beta T cell","CD4-positive, alpha-beta T cell","naive thymus-derived CD4-positive, alpha-beta T cell",T cell,"CD4-positive, alpha-beta T cell",3,"CD4-positive, alpha-beta T cell",2,mature alpha-beta T cell
CGATAGACGTAGGG-1,classical monocyte,monocyte,erythrocyte,monocyte,monocyte,monocyte,monocyte,4,monocyte,4,monocyte
CGATAGACTGTTCT-1,"CD4-positive, alpha-beta T cell","naive thymus-derived CD4-positive, alpha-beta T cell","naive thymus-derived CD4-positive, alpha-beta T cell","CD4-positive, alpha-beta thymocyte","naive thymus-derived CD4-positive, alpha-beta T cell","naive thymus-derived CD4-positive, alpha-beta T cell","naive thymus-derived CD4-positive, alpha-beta T cell",4,"naive thymus-derived CD4-positive, alpha-beta T cell",4,"naive thymus-derived CD4-positive, alpha-beta T cell"
CGATCAGAAGAACA-1,"CD8-positive, alpha-beta T cell","CD8-positive, alpha-beta T cell","CD8-positive, alpha-beta thymocyte","CD8-positive, alpha-beta T cell","CD8-positive, alpha-beta T cell",myeloid dendritic cell,"CD8-positive, alpha-beta T cell",4,"CD8-positive, alpha-beta T cell",4,"CD8-positive, alpha-beta T cell"
CGATCAGAGAGGGT-1,"CD4-positive, alpha-beta T cell","CD4-positive, alpha-beta thymocyte",innate lymphoid cell,"CD4-positive, alpha-beta T cell","naive thymus-derived CD4-positive, alpha-beta T cell","CD4-positive, alpha-beta T cell","CD4-positive, alpha-beta T cell",4,"CD4-positive, alpha-beta T cell",3,"CD4-positive, alpha-beta T cell"
CGATCAGAGGTACT-1,"CD4-positive, alpha-beta T cell","CD4-positive, alpha-beta thymocyte","naive thymus-derived CD4-positive, alpha-beta T cell","CD4-positive, alpha-beta T cell","naive thymus-derived CD4-positive, alpha-beta T cell","naive thymus-derived CD4-positive, alpha-beta T cell","CD4-positive, alpha-beta T cell",3,"naive thymus-derived CD4-positive, alpha-beta T cell",3,"CD4-positive, alpha-beta T cell"
CGATCAGATGTGAC-1,monocyte,myeloid dendritic cell,myeloid dendritic cell,plasmacytoid dendritic cell,myeloid dendritic cell,myeloid dendritic cell,myeloid dendritic cell,4,myeloid dendritic cell,4,conventional dendritic cell
CGATCCACCGGGAA-1,"CD8-positive, alpha-beta T cell","CD8-positive, alpha-beta T cell","CD8-positive, alpha-beta T cell","CD8-positive, alpha-beta T cell","CD8-positive, alpha-beta T cell","CD8-positive, alpha-beta T cell","CD8-positive, alpha-beta T cell",6,"CD8-positive, alpha-beta T cell",6,"CD8-positive, alpha-beta T cell"
CGATCCACTTCCAT-1,B cell,B cell,B cell,innate lymphoid cell,B cell,B cell,B cell,5,B cell,5,B cell
CGCAAATGCTCGAA-1,"CD4-positive, alpha-beta T cell",B cell,B cell,innate lymphoid cell,B cell,thymocyte,B cell,3,B cell,3,lymphocyte
CGCAACCTCCTTGC-1,"CD4-positive, alpha-beta T cell","CD4-positive, alpha-beta T cell","CD4-positive, alpha-beta T cell","CD4-positive, alpha-beta T cell","CD4-positive, alpha-beta T cell","CD4-positive, alpha-beta T cell","CD4-positive, alpha-beta T cell",6,"CD4-positive, alpha-beta T cell",6,"CD4-positive, alpha-beta T cell"
CGCAACCTGGACGA-1,"CD4-positive, alpha-beta T cell","CD4-positive, alpha-beta T cell","naive thymus-derived CD8-positive, alpha-beta T cell","CD4-positive, alpha-beta T cell","CD4-positive, alpha-beta T cell","CD4-positive, alpha-beta T cell","CD4-positive, alpha-beta T cell",5,"CD4-positive, alpha-beta T cell",5,"CD4-positive, alpha-beta T cell"
CGCACGGAGGACGA-1,B cell,B cell,B cell,B cell,B cell,B cell,B cell,6,B cell,6,B cell
CGCACGGATCTTTG-1,"CD4-positive, alpha-beta T cell","naive thymus-derived CD4-positive, alpha-beta T cell",innate lymphoid cell,regulatory T cell,innate lymphoid cell,"CD4-positive, alpha-beta T cell","CD4-positive, alpha-beta T cell",2,"CD4-positive, alpha-beta T cell",2,mature T cell
CGCACTACAGAATG-1,"CD4-positive, alpha-beta T cell","CD4-positive, alpha-beta T cell",erythrocyte,T follicular helper cell,innate lymphoid cell,"CD4-positive, alpha-beta T cell","CD4-positive, alpha-beta T cell",3,"CD4-positive, alpha-beta T cell",3,"CD4-positive, alpha-beta T cell"
CGCACTACAGCCAT-1,"CD4-positive, alpha-beta T cell","naive thymus-derived CD4-positive, alpha-beta T cell","CD4-positive, alpha-beta thymocyte","CD4-positive, alpha-beta T cell","naive thymus-derived CD4-positive, alpha-beta T cell","CD4-positive, alpha-beta thymocyte","CD4-positive, alpha-beta T cell",3,"CD4-positive, alpha-beta T cell",2,"CD4-positive, alpha-beta T cell"
CGCACTACATTGGC-1,"CD4-positive, alpha-beta T cell",regulatory T cell,monocyte,regulatory T cell,"naive thymus-derived CD4-positive, alpha-beta T cell","CD4-positive, alpha-beta T cell","CD4-positive, alpha-beta T cell",3,"CD4-positive, alpha-beta T cell",2,mature T cell
CGCACTACTCGCCT-1,B cell,B cell,B cell,B cell,B cell,B cell,B cell,6,B cell,6,B cell
CGCACTACTCGTGA-1,"CD8-positive, alpha-beta T cell","CD8-positive, alpha-beta T cell","CD8-positive, alpha-beta thymocyte","CD8-positive, alpha-beta T cell","CD8-positive, alpha-beta T cell","CD8-positive, alpha-beta T cell","CD8-positive, alpha-beta T cell",5,"CD8-positive, alpha-beta T cell",5,"CD8-positive, alpha-beta T cell"
CGCACTTGTCACGA-1,classical monocyte,monocyte,monocyte,mononuclear phagocyte,monocyte,monocyte,monocyte,4,monocyte,4,monocyte
CGCAGGACAGATCC-1,"CD4-positive, alpha-beta T cell","CD8-positive, alpha-beta T cell","CD4-positive, alpha-beta T cell","CD8-positive, alpha-beta T cell","CD8-positive, alpha-beta T cell","CD8-positive, alpha-beta T cell","CD8-positive, alpha-beta T cell",4,"CD8-positive, alpha-beta T cell",4,"CD8-positive, alpha-beta T cell"
CGCAGGACCTACTT-1,"CD4-positive, alpha-beta T cell",regulatory T cell,innate lymphoid cell,innate lymphoid cell,innate lymphoid cell,innate lymphoid cell,innate lymphoid cell,4,innate lymphoid cell,4,innate lymphoid cell
CGCAGGACTTGTCT-1,macrophage,myeloid dendritic cell,myeloid dendritic cell,non-classical monocyte,non-classical monocyte,non-classical monocyte,non-classical monocyte,3,non-classical monocyte,3,myeloid leukocyte
CGCAGGTGCACTGA-1,"CD4-positive, alpha-beta T cell","CD4-positive, alpha-beta T cell","CD4-positive, alpha-beta T cell","CD8-positive, alpha-beta T cell","CD8-positive, alpha-beta T cell","CD4-positive, alpha-beta T cell","CD4-positive, alpha-beta T cell",4,"CD4-positive, alpha-beta T cell",4,"CD4-positive, alpha-beta T cell"
CGCAGGTGCCATAG-1,intermediate monocyte,non-classical monocyte,non-classical monocyte,non-classical monocyte,non-classical monocyte,non-classical monocyte,non-classical monocyte,5,non-classical monocyte,5,non-classical monocyte
CGCAGGTGGGAACG-1,"CD4-positive, alpha-beta T cell",B cell,regulatory T cell,"CD4-positive, alpha-beta T cell",regulatory T cell,"CD4-positive, alpha-beta T cell","CD4-positive, alpha-beta T cell",3,"CD4-positive, alpha-beta T cell",3,mature T cell
CGCATAGATCACGA-1,monocyte,myeloid dendritic cell,non-classical monocyte,myeloid dendritic cell,myeloid dendritic cell,innate lymphoid cell,myeloid dendritic cell,3,myeloid dendritic cell,3,myeloid leukocyte
CGCCATACTGCAAC-1,"CD4-positive, alpha-beta T cell","CD4-positive, alpha-beta T cell","naive thymus-derived CD4-positive, alpha-beta T cell","CD4-positive, alpha-beta T cell","naive thymus-derived CD4-positive, alpha-beta T cell","naive thymus-derived CD4-positive, alpha-beta T cell","CD4-positive, alpha-beta T cell",4,"CD4-positive, alpha-beta T cell",3,"CD4-positive, alpha-beta T cell"
CGCCATTGAGAGGC-1,"CD4-positive, alpha-beta T cell","CD4-positive, alpha-beta T cell",innate lymphoid cell,"CD4-positive, alpha-beta thymocyte","naive thymus-derived CD4-positive, alpha-beta T cell",innate lymphoid cell,"CD4-positive, alpha-beta T cell",3,"CD4-positive, alpha-beta T cell",2,alpha-beta T cell
CGCCATTGCTATGG-1,"CD4-positive, alpha-beta T cell","CD4-positive, alpha-beta T cell","CD8-positive, alpha-beta thymocyte","CD8-positive, alpha-beta T cell","CD8-positive, alpha-beta thymocyte","CD4-positive, alpha-beta T cell","CD4-positive, alpha-beta T cell",3,"CD4-positive, alpha-beta T cell",3,mature alpha-beta T cell
CGCCATTGGAGACG-1,"CD4-positive, alpha-beta T cell","CD4-positive, alpha-beta T cell",innate lymphoid cell,"CD4-positive, alpha-beta T cell",innate lymphoid cell,innate lymphoid cell,"CD4-positive, alpha-beta T cell",3,"CD4-positive, alpha-beta T cell",3,lymphocyte
CGCCATTGGAGCAG-1,B cell,B cell,B cell,B cell,B cell,B cell,B cell,6,B cell,6,B cell
CGCCATTGTACTGG-1,B cell,B cell,B cell,B cell,B cell,B cell,B cell,6,B cell,6,B cell
CGCCGAGAGCTTAG-1,natural killer cell,natural killer cell,natural killer cell,natural killer cell,natural killer cell,natural killer cell,natural killer cell,6,natural killer cell,6,natural killer cell
CGCCTAACGAATGA-1,macrophage,myeloid dendritic cell,myeloid dendritic cell,myeloid dendritic cell,myeloid dendritic cell,myeloid dendritic cell,myeloid dendritic cell,5,myeloid dendritic cell,5,conventional dendritic cell
CGCCTAACTGCTCC-1,"CD4-positive, alpha-beta T cell","CD4-positive, alpha-beta T cell","naive thymus-derived CD4-positive, alpha-beta T cell","activated CD4-positive, alpha-beta T cell","naive thymus-derived CD4-positive, alpha-beta T cell","naive thymus-derived CD4-positive, alpha-beta T cell","CD4-positive, alpha-beta T cell",3,"naive thymus-derived CD4-positive, alpha-beta T cell",3,"CD4-positive, alpha-beta T cell"
CGCGAGACACAGCT-1,"CD8-positive, alpha-beta T cell","CD8-positive, alpha-beta T cell","CD8-positive, alpha-beta thymocyte","CD8-positive, alpha-beta T cell","CD8-positive, alpha-beta T cell","CD8-positive, alpha-beta thymocyte","CD8-positive, alpha-beta T cell",4,"CD8-positive, alpha-beta T cell",4,"CD8-positive, alpha-beta T cell"
CGCGAGACAGGTCT-1,B cell,B cell,B cell,B cell,B cell,B cell,B cell,6,B cell,6,B cell
CGCGAGACGCTACA-1,"CD4-positive, alpha-beta T cell","CD4-positive, alpha-beta T cell","CD4-positive, alpha-beta T cell","CD4-positive, alpha-beta T cell",innate lymphoid cell,"CD4-positive, alpha-beta T cell","CD4-positive, alpha-beta T cell",5,"CD4-positive, alpha-beta T cell",5,"CD4-positive, alpha-beta T cell"
CGCGATCTCAGTCA-1,macrophage,myeloid dendritic cell,basophil,monocyte,myeloid dendritic cell,monocyte,myeloid dendritic cell,2,monocyte,2,myeloid leukocyte
CGCGATCTGTTGAC-1,monocyte,monocyte,plasmacytoid dendritic cell,monocyte,monocyte,monocyte,monocyte,5,monocyte,5,monocyte
CGCGATCTTTCTTG-1,B cell,B cell,B cell,B cell,B cell,B cell,B cell,6,B cell,6,B cell
CGCGGATGGCCAAT-1,"CD4-positive, alpha-beta T cell","CD4-positive, alpha-beta T cell","CD8-positive, alpha-beta T cell","naive thymus-derived CD4-positive, alpha-beta T cell","naive thymus-derived CD4-positive, alpha-beta T cell","CD8-positive, alpha-beta T cell","CD4-positive, alpha-beta T cell",3,"CD4-positive, alpha-beta T cell",2,"CD4-positive, alpha-beta T cell"
CGCTAAGAATGTCG-1,"CD4-positive, alpha-beta T cell","CD4-positive, alpha-beta T cell","CD4-positive, alpha-beta thymocyte","CD4-positive, alpha-beta T cell","naive thymus-derived CD4-positive, alpha-beta T cell","CD4-positive, alpha-beta thymocyte","CD4-positive, alpha-beta T cell",4,"CD4-positive, alpha-beta T cell",3,"CD4-positive, alpha-beta T cell"
CGCTAAGACAACTG-1,"CD4-positive, alpha-beta T cell","CD4-positive, alpha-beta T cell","CD4-positive, alpha-beta T cell","naive thymus-derived CD4-positive, alpha-beta T cell","naive thymus-derived CD4-positive, alpha-beta T cell","CD4-positive, alpha-beta T cell","CD4-positive, alpha-beta T cell",5,"CD4-positive, alpha-beta T cell",4,"CD4-positive, alpha-beta T cell"
CGCTAAGACCCTTG-1,"CD4-positive, alpha-beta T cell","CD4-positive, alpha-beta T cell",leukocyte,"CD8-positive, alpha-beta T cell","naive thymus-derived CD4-positive, alpha-beta T cell","CD4-positive, alpha-beta T cell","CD4-positive, alpha-beta T cell",4,"CD4-positive, alpha-beta T cell",3,"CD4-positive, alpha-beta T cell"
CGCTACTGAACAGA-1,monocyte,monocyte,monocyte,"CD8-positive, alpha-beta T cell",myeloid dendritic cell,monocyte,monocyte,4,monocyte,4,monocyte
CGCTACTGAGAACA-1,"CD4-positive, alpha-beta T cell","CD4-positive, alpha-beta T cell","CD4-positive, alpha-beta T cell","CD4-positive, alpha-beta T cell",innate lymphoid cell,"CD4-positive, alpha-beta T cell","CD4-positive, alpha-beta T cell",5,"CD4-positive, alpha-beta T cell",5,"CD4-positive, alpha-beta T cell"
CGCTACTGTGAGCT-1,"CD4-positive, alpha-beta T cell","naive thymus-derived CD4-positive, alpha-beta T cell","naive thymus-derived CD4-positive, alpha-beta T cell",innate lymphoid cell,innate lymphoid cell,"CD4-positive, alpha-beta T cell","CD4-positive, alpha-beta T cell",2,"CD4-positive, alpha-beta T cell",2,"CD4-positive, alpha-beta T cell"
CGCTACTGTTCCCG-1,"CD4-positive, alpha-beta T cell","CD8-positive, alpha-beta T cell",mature NK T cell,"naive thymus-derived CD8-positive, alpha-beta T cell",natural killer cell,"CD8-positive, alpha-beta T cell","CD8-positive, alpha-beta T cell",2,"CD8-positive, alpha-beta T cell",2,mature alpha-beta T cell
CGCTCATGCATTTC-1,monocyte,monocyte,classical monocyte,monocyte,monocyte,classical monocyte,monocyte,4,monocyte,4,monocyte
CGGAATTGGTTTGG-1,"CD4-positive, alpha-beta T cell","CD4-positive, alpha-beta T cell",thymocyte,thymocyte,"naive thymus-derived CD4-positive, alpha-beta T cell",thymocyte,"CD4-positive, alpha-beta T cell",3,thymocyte,3,T cell
CGGAATTGTGGAGG-1,"CD4-positive, alpha-beta T cell","CD4-positive, alpha-beta thymocyte","CD4-positive, alpha-beta thymocyte","CD4-positive, alpha-beta T cell","naive thymus-derived CD4-positive, alpha-beta T cell","CD4-positive, alpha-beta thymocyte","CD4-positive, alpha-beta T cell",3,"CD4-positive, alpha-beta thymocyte",3,alpha-beta T cell
CGGACCGATGCGTA-1,"CD8-positive, alpha-beta T cell","CD8-positive, alpha-beta T cell","CD8-positive, alpha-beta thymocyte","CD8-positive, alpha-beta thymocyte","CD8-positive, alpha-beta T cell","CD8-positive, alpha-beta thymocyte","CD8-positive, alpha-beta T cell",3,"CD8-positive, alpha-beta T cell",3,alpha-beta T cell
CGGACCGATGGGAG-1,"CD4-positive, alpha-beta T cell",regulatory T cell,neutrophil,innate lymphoid cell,innate lymphoid cell,innate lymphoid cell,innate lymphoid cell,3,innate lymphoid cell,3,lymphocyte
CGGACTCTAAACAG-1,B cell,B cell,B cell,B cell,B cell,B cell,B cell,6,B cell,6,B cell
CGGACTCTCCAATG-1,"CD4-positive, alpha-beta T cell","CD4-positive, alpha-beta T cell","CD8-positive, alpha-beta thymocyte","naive thymus-derived CD4-positive, alpha-beta T cell","CD4-positive, alpha-beta T cell","CD4-positive, alpha-beta thymocyte","CD4-positive, alpha-beta T cell",3,"CD4-positive, alpha-beta T cell",3,"CD4-positive, alpha-beta T cell"
CGGACTCTCCTCGT-1,"CD8-positive, alpha-beta T cell",natural killer cell,natural killer cell,natural killer cell,natural killer cell,natural killer cell,natural killer cell,5,natural killer cell,5,natural killer cell
CGGAGGCTATTCCT-1,"CD4-positive, alpha-beta T cell",regulatory T cell,"CD8-positive, alpha-beta thymocyte","CD8-positive, alpha-beta thymocyte",innate lymphoid cell,"CD8-positive, alpha-beta thymocyte","CD8-positive, alpha-beta thymocyte",3,"CD8-positive, alpha-beta thymocyte",3,alpha-beta T cell
CGGAGGCTTGGATC-1,"CD4-positive, alpha-beta T cell","CD4-positive, alpha-beta T cell",thymocyte,"CD4-positive, alpha-beta T cell","CD8-positive, alpha-beta thymocyte",thymocyte,"CD4-positive, alpha-beta T cell",3,"CD4-positive, alpha-beta T cell",3,alpha-beta T cell
CGGATAACAACGAA-1,classical monocyte,monocyte,mature NK T cell,granulocyte,myeloid dendritic cell,classical monocyte,classical monocyte,2,classical monocyte,2,myeloid leukocyte
CGGATAACAGCTCA-1,"CD4-positive, alpha-beta T cell","CD4-positive, alpha-beta T cell","CD8-positive, alpha-beta T cell","naive thymus-derived CD4-positive, alpha-beta T cell","naive thymus-derived CD4-positive, alpha-beta T cell","CD8-positive, alpha-beta T cell","CD4-positive, alpha-beta T cell",3,"CD4-positive, alpha-beta T cell",2,"CD4-positive, alpha-beta T cell"
CGGATAACTCAGTG-1,monocyte,monocyte,monocyte,monocyte,monocyte,monocyte,monocyte,6,monocyte,6,monocyte
CGGCACGAACTCAG-1,"CD8-positive, alpha-beta T cell","CD8-positive, alpha-beta T cell",mature NK T cell,"CD8-positive, alpha-beta T cell","CD8-positive, alpha-beta T cell","CD8-positive, alpha-beta T cell","CD8-positive, alpha-beta T cell",5,"CD8-positive, alpha-beta T cell",5,"CD8-positive, alpha-beta T cell"
CGGCACGAAGGGTG-1,"CD4-positive, alpha-beta T cell","CD4-positive, alpha-beta T cell",T follicular helper cell,"CD4-positive, alpha-beta T cell",innate lymphoid cell,"naive thymus-derived CD4-positive, alpha-beta T cell","CD4-positive, alpha-beta T cell",3,"CD4-positive, alpha-beta T cell",3,"CD4-positive, alpha-beta T cell"
CGGCACGACTACGA-1,intermediate monocyte,non-classical monocyte,non-classical monocyte,non-classical monocyte,non-classical monocyte,non-classical monocyte,non-classical monocyte,5,non-classical monocyte,5,non-classical monocyte
CGGCATCTTAGAAG-1,"CD4-positive, alpha-beta T cell","CD8-positive, alpha-beta T cell","CD4-positive, alpha-beta T cell","CD4-positive, alpha-beta T cell","CD4-positive, alpha-beta T cell","CD4-positive, alpha-beta T cell","CD4-positive, alpha-beta T cell",5,"CD4-positive, alpha-beta T cell",5,"CD4-positive, alpha-beta T cell"
CGGCATCTTCGTAG-1,monocyte,monocyte,granulocyte,monocyte,monocyte,intermediate monocyte,monocyte,4,monocyte,4,monocyte
CGGCCAGAAAGGTA-1,"CD4-positive, alpha-beta T cell","naive thymus-derived CD4-positive, alpha-beta T cell",mature NK T cell,"CD4-positive, alpha-beta T cell",innate lymphoid cell,"CD4-positive, alpha-beta T cell","CD4-positive, alpha-beta T cell",3,"CD4-positive, alpha-beta T cell",3,"CD4-positive, alpha-beta T cell"
CGGCCAGAGAGGCA-1,"CD8-positive, alpha-beta T cell","CD8-positive, alpha-beta T cell","naive thymus-derived CD8-positive, alpha-beta T cell","CD8-positive, alpha-beta T cell","CD8-positive, alpha-beta T cell","CD8-positive, alpha-beta T cell","CD8-positive, alpha-beta T cell",5,"CD8-positive, alpha-beta T cell",5,"CD8-positive, alpha-beta T cell"
CGGCGAACCAGTCA-1,macrophage,myeloid dendritic cell,non-classical monocyte,non-classical monocyte,non-classical monocyte,non-classical monocyte,non-classical monocyte,4,non-classical monocyte,4,non-classical monocyte
CGGCGAACGACAAA-1,"CD8-positive, alpha-beta T cell",natural killer cell,natural killer cell,natural killer cell,natural killer cell,natural killer cell,natural killer cell,5,natural killer cell,5,natural killer cell
CGGCGAACGGTCTA-1,"CD4-positive, alpha-beta T cell","CD4-positive, alpha-beta thymocyte","CD4-positive, alpha-beta thymocyte","CD4-positive, alpha-beta T cell","naive thymus-derived CD4-positive, alpha-beta T cell","CD4-positive, alpha-beta thymocyte","CD4-positive, alpha-beta T cell",3,"CD4-positive, alpha-beta thymocyte",3,alpha-beta T cell
CGGCGAACTACTTC-1,natural killer cell,natural killer cell,natural killer cell,natural killer cell,natural killer cell,natural killer cell,natural killer cell,6,natural killer cell,6,natural killer cell
CGGGACTGCGTGTA-1,"CD4-positive, alpha-beta T cell","CD4-positive, alpha-beta thymocyte","CD4-positive, alpha-beta T cell","CD4-positive, alpha-beta thymocyte","naive thymus-derived CD4-positive, alpha-beta T cell","CD4-positive, alpha-beta T cell","CD4-positive, alpha-beta T cell",4,"CD4-positive, alpha-beta T cell",3,"CD4-positive, alpha-beta T cell"
CGGGACTGGAATAG-1,"CD8-positive, alpha-beta T cell","CD8-positive, alpha-beta T cell","CD8-positive, alpha-beta thymocyte","CD8-positive, alpha-beta T cell","CD8-positive, alpha-beta T cell","CD8-positive, alpha-beta thymocyte","CD8-positive, alpha-beta T cell",4,"CD8-positive, alpha-beta T cell",4,"CD8-positive, alpha-beta T cell"
CGGGCATGACCCAA-1,"CD8-positive, alpha-beta T cell",natural killer cell,"CD8-positive, alpha-beta thymocyte","CD8-positive, alpha-beta T cell","CD8-positive, alpha-beta T cell","CD8-positive, alpha-beta thymocyte","CD8-positive, alpha-beta T cell",3,"CD8-positive, alpha-beta T cell",3,alpha-beta T cell
CGGGCATGTCTCTA-1,natural killer cell,natural killer cell,mature NK T cell,natural killer cell,natural killer cell,myeloid dendritic cell,natural killer cell,4,natural killer cell,4,natural killer cell
CGGGCATGTTGTGG-1,"CD4-positive, alpha-beta T cell","naive thymus-derived CD4-positive, alpha-beta T cell",stromal cell,"CD4-positive, alpha-beta T cell",innate lymphoid cell,innate lymphoid cell,"CD4-positive, alpha-beta T cell",2,"CD4-positive, alpha-beta T cell",2,lymphocyte
CGGTAAACTCGCAA-1,"CD8-positive, alpha-beta T cell","CD8-positive, alpha-beta T cell","CD8-positive, alpha-beta T cell","CD8-positive, alpha-beta T cell","CD8-positive, alpha-beta T cell","CD8-positive, alpha-beta T cell","CD8-positive, alpha-beta T cell",6,"CD8-positive, alpha-beta T cell",6,"CD8-positive, alpha-beta T cell"
CGGTCACTGTTTGG-1,"CD4-positive, alpha-beta T cell","CD4-positive, alpha-beta T cell",T cell,"CD4-positive, alpha-beta T cell","naive thymus-derived CD4-positive, alpha-beta T cell","CD8-positive, alpha-beta T cell","CD4-positive, alpha-beta T cell",4,"CD4-positive, alpha-beta T cell",3,"CD4-positive, alpha-beta T cell"
CGGTCACTTACTTC-1,"CD8-positive, alpha-beta T cell","CD4-positive, alpha-beta T cell","naive thymus-derived CD4-positive, alpha-beta T cell","CD4-positive, alpha-beta T cell","naive thymus-derived CD4-positive, alpha-beta T cell","naive thymus-derived CD4-positive, alpha-beta T cell","CD4-positive, alpha-beta T cell",3,"naive thymus-derived CD4-positive, alpha-beta T cell",3,"CD4-positive, alpha-beta T cell"
CGTAACGATCGCCT-1,"CD4-positive, alpha-beta T cell","CD4-positive, alpha-beta T cell",innate lymphoid cell,"naive thymus-derived CD4-positive, alpha-beta T cell",innate lymphoid cell,innate lymphoid cell,innate lymphoid cell,3,innate lymphoid cell,3,lymphocyte
CGTACCACACACAC-1,"CD4-positive, alpha-beta T cell","CD4-positive, alpha-beta T cell","naive thymus-derived CD4-positive, alpha-beta T cell","naive thymus-derived CD4-positive, alpha-beta T cell","naive thymus-derived CD4-positive, alpha-beta T cell","naive thymus-derived CD4-positive, alpha-beta T cell","naive thymus-derived CD4-positive, alpha-beta T cell",4,"naive thymus-derived CD4-positive, alpha-beta T cell",4,"naive thymus-derived CD4-positive, alpha-beta T cell"
CGTACCACACGTTG-1,"CD4-positive, alpha-beta T cell","CD4-positive, alpha-beta thymocyte",stromal cell,"CD4-positive, alpha-beta T cell",innate lymphoid cell,innate lymphoid cell,"CD4-positive, alpha-beta T cell",2,"CD4-positive, alpha-beta T cell",2,lymphocyte
CGTACCACCTCATT-1,"CD4-positive, alpha-beta T cell","naive thymus-derived CD4-positive, alpha-beta T cell","CD8-positive, alpha-beta thymocyte","CD4-positive, alpha-beta T cell","naive thymus-derived CD4-positive, alpha-beta T cell","naive thymus-derived CD4-positive, alpha-beta T cell","CD4-positive, alpha-beta T cell",3,"naive thymus-derived CD4-positive, alpha-beta T cell",3,"CD4-positive, alpha-beta T cell"
CGTACCACGGAGCA-1,"CD4-positive, alpha-beta T cell","naive thymus-derived CD4-positive, alpha-beta T cell","naive thymus-derived CD4-positive, alpha-beta T cell","CD4-positive, alpha-beta T cell","naive thymus-derived CD4-positive, alpha-beta T cell","naive thymus-derived CD4-positive, alpha-beta T cell","naive thymus-derived CD4-positive, alpha-beta T cell",4,"naive thymus-derived CD4-positive, alpha-beta T cell",4,"naive thymus-derived CD4-positive, alpha-beta T cell"
CGTACCTGGCATCA-1,natural killer cell,natural killer cell,natural killer cell,natural killer cell,natural killer cell,natural killer cell,natural killer cell,6,natural killer cell,6,natural killer cell
CGTAGCCTCTCTCG-1,classical monocyte,monocyte,hematopoietic stem cell,monocyte,myeloid dendritic cell,classical monocyte,classical monocyte,2,classical monocyte,2,monocyte
CGTAGCCTGCGAAG-1,"CD4-positive, alpha-beta T cell",regulatory T cell,"CD4-positive, alpha-beta T cell","CD4-positive, alpha-beta T cell","CD4-positive, alpha-beta T cell","CD4-positive, alpha-beta T cell","CD4-positive, alpha-beta T cell",5,"CD4-positive, alpha-beta T cell",5,"CD4-positive, alpha-beta T cell"
CGTAGCCTGTATGC-1,macrophage,myeloid dendritic cell,basophil,monocyte,myeloid dendritic cell,monocyte,myeloid dendritic cell,2,monocyte,2,myeloid leukocyte
CGTCAAGAAAGGTA-1,classical monocyte,monocyte,monocyte,myeloid dendritic cell,monocyte,monocyte,monocyte,4,monocyte,4,monocyte
CGTCAAGAACGTGT-1,"CD4-positive, alpha-beta T cell","naive thymus-derived CD4-positive, alpha-beta T cell","CD8-positive, alpha-beta thymocyte","naive thymus-derived CD4-positive, alpha-beta T cell","naive thymus-derived CD4-positive, alpha-beta T cell","naive thymus-derived CD4-positive, alpha-beta T cell","naive thymus-derived CD4-positive, alpha-beta T cell",4,"naive thymus-derived CD4-positive, alpha-beta T cell",4,"naive thymus-derived CD4-positive, alpha-beta T cell"
CGTCAAGACAGAGG-1,"CD4-positive, alpha-beta T cell","CD4-positive, alpha-beta T cell","CD4-positive, alpha-beta T cell","CD4-positive, alpha-beta T cell","naive thymus-derived CD4-positive, alpha-beta T cell","CD4-positive, alpha-beta T cell","CD4-positive, alpha-beta T cell",6,"CD4-positive, alpha-beta T cell",5,"CD4-positive, alpha-beta T cell"
CGTCAAGACAGGAG-1,"CD8-positive, alpha-beta T cell","CD8-positive, alpha-beta T cell","CD8-positive, alpha-beta thymocyte","naive thymus-derived CD8-positive, alpha-beta T cell",natural killer cell,"CD8-positive, alpha-beta thymocyte","CD8-positive, alpha-beta T cell",2,"CD8-positive, alpha-beta T cell",2,alpha-beta T cell
CGTCCATGCTCTTA-1,"CD4-positive, alpha-beta T cell","CD4-positive, alpha-beta T cell",innate lymphoid cell,innate lymphoid cell,"naive thymus-derived CD4-positive, alpha-beta T cell","CD4-positive, alpha-beta T cell","CD4-positive, alpha-beta T cell",4,"CD4-positive, alpha-beta T cell",3,"CD4-positive, alpha-beta T cell"
CGTCGACTTTCCGC-1,"CD8-positive, alpha-beta T cell","CD8-positive, alpha-beta T cell","CD8-positive, alpha-beta thymocyte","CD8-positive, alpha-beta T cell","CD8-positive, alpha-beta T cell","CD8-positive, alpha-beta thymocyte","CD8-positive, alpha-beta T cell",4,"CD8-positive, alpha-beta T cell",4,"CD8-positive, alpha-beta T cell"
CGTGATGACGCTAA-1,"CD4-positive, alpha-beta T cell","CD4-positive, alpha-beta thymocyte","naive thymus-derived CD4-positive, alpha-beta T cell",B cell,"naive thymus-derived CD4-positive, alpha-beta T cell","naive thymus-derived CD4-positive, alpha-beta T cell","naive thymus-derived CD4-positive, alpha-beta T cell",3,"naive thymus-derived CD4-positive, alpha-beta T cell",3,"CD4-positive, alpha-beta T cell"
CGTGATGAGGTTCA-1,"CD4-positive, alpha-beta T cell","CD8-positive, alpha-beta T cell",monocyte,"CD8-positive, alpha-beta T cell","CD8-positive, alpha-beta T cell","CD8-positive, alpha-beta T cell","CD8-positive, alpha-beta T cell",4,"CD8-positive, alpha-beta T cell",4,"CD8-positive, alpha-beta T cell"
CGTGCACTTATGGC-1,monocyte,myeloid dendritic cell,mononuclear phagocyte,mononuclear phagocyte,myeloid dendritic cell,classical monocyte,mononuclear phagocyte,3,mononuclear phagocyte,2,mononuclear phagocyte
CGTGTAGAAAAACG-1,"CD4-positive, alpha-beta T cell","CD4-positive, alpha-beta T cell",stromal cell,"CD4-positive, alpha-beta T cell",innate lymphoid cell,"CD8-positive, alpha-beta T cell","CD4-positive, alpha-beta T cell",3,"CD4-positive, alpha-beta T cell",3,mature alpha-beta T cell
CGTGTAGACGATAC-1,"CD8-positive, alpha-beta T cell","CD8-positive, alpha-beta T cell",mature NK T cell,mature NK T cell,mature NK T cell,"CD8-positive, alpha-beta T cell","CD8-positive, alpha-beta T cell",3,"CD8-positive, alpha-beta T cell",3,mature alpha-beta T cell
CGTGTAGAGTTACG-1,natural killer cell,natural killer cell,natural killer cell,natural killer cell,natural killer cell,natural killer cell,natural killer cell,6,natural killer cell,6,natural killer cell
CGTGTAGAGTTCAG-1,classical monocyte,monocyte,monocyte,myeloid dendritic cell,monocyte,monocyte,monocyte,4,monocyte,4,monocyte
CGTGTAGATTCGGA-1,natural killer cell,natural killer cell,natural killer cell,mature NK T cell,natural killer cell,natural killer cell,natural killer cell,5,natural killer cell,5,natural killer cell
CGTTAGGAAACCAC-1,"CD4-positive, alpha-beta T cell","naive thymus-derived CD4-positive, alpha-beta T cell","CD4-positive, alpha-beta T cell",pulmonary alveolar type 1 cell,"naive thymus-derived CD4-positive, alpha-beta T cell","CD4-positive, alpha-beta T cell","CD4-positive, alpha-beta T cell",4,"CD4-positive, alpha-beta T cell",3,"CD4-positive, alpha-beta T cell"
CGTTAGGATCATTC-1,classical monocyte,myeloid dendritic cell,monocyte,myeloid dendritic cell,myeloid dendritic cell,monocyte,myeloid dendritic cell,3,myeloid dendritic cell,3,myeloid leukocyte
CGTTATACCCTGAA-1,"CD8-positive, alpha-beta T cell","CD8-positive, alpha-beta T cell",natural killer cell,"CD8-positive, alpha-beta T cell","CD8-positive, alpha-beta T cell",natural killer cell,"CD8-positive, alpha-beta T cell",4,"CD8-positive, alpha-beta T cell",4,"CD8-positive, alpha-beta T cell"
CGTTTAACTGGTCA-1,"naive thymus-derived CD4-positive, alpha-beta T cell","CD4-positive, alpha-beta T cell","CD4-positive, alpha-beta T cell","CD4-positive, alpha-beta T cell",innate lymphoid cell,"CD4-positive, alpha-beta T cell","CD4-positive, alpha-beta T cell",4,"CD4-positive, alpha-beta T cell",4,"CD4-positive, alpha-beta T cell"
CTAAACCTCTGACA-1,natural killer cell,natural killer cell,natural killer cell,natural killer cell,natural killer cell,natural killer cell,natural killer cell,6,natural killer cell,6,natural killer cell
CTAAACCTGTGCAT-1,B cell,B cell,B cell,B cell,B cell,B cell,B cell,6,B cell,6,B cell
CTAACACTAACGTC-1,"CD4-positive, alpha-beta T cell","CD4-positive, alpha-beta T cell","naive thymus-derived CD4-positive, alpha-beta T cell","naive thymus-derived CD4-positive, alpha-beta T cell","naive thymus-derived CD4-positive, alpha-beta T cell","naive thymus-derived CD4-positive, alpha-beta T cell","naive thymus-derived CD4-positive, alpha-beta T cell",4,"naive thymus-derived CD4-positive, alpha-beta T cell",4,"naive thymus-derived CD4-positive, alpha-beta T cell"
CTAACACTAGTGCT-1,macrophage,myeloid dendritic cell,monocyte,non-classical monocyte,monocyte,monocyte,monocyte,3,monocyte,3,monocyte
CTAACGGAACCGAT-1,"CD8-positive, alpha-beta T cell",natural killer cell,"CD8-positive, alpha-beta thymocyte",natural killer cell,natural killer cell,natural killer cell,natural killer cell,4,natural killer cell,4,natural killer cell
CTAACGGATTTCTG-1,"CD4-positive, alpha-beta T cell","naive thymus-derived CD4-positive, alpha-beta T cell",innate lymphoid cell,"CD4-positive, alpha-beta T cell","naive thymus-derived CD4-positive, alpha-beta T cell",innate lymphoid cell,"CD4-positive, alpha-beta T cell",3,"CD4-positive, alpha-beta T cell",2,"CD4-positive, alpha-beta T cell"
CTAACTACGGCAAG-1,"CD4-positive, alpha-beta T cell","CD8-positive, alpha-beta T cell",endothelial cell,innate lymphoid cell,innate lymphoid cell,"CD8-positive, alpha-beta thymocyte",innate lymphoid cell,2,innate lymphoid cell,2,lymphocyte
CTAAGGACACCATG-1,"CD4-positive, alpha-beta T cell","CD4-positive, alpha-beta thymocyte",plasma cell,"CD4-positive, alpha-beta T cell","naive thymus-derived CD4-positive, alpha-beta T cell",monocyte,"CD4-positive, alpha-beta T cell",3,"CD4-positive, alpha-beta T cell",2,alpha-beta T cell
CTAAGGACCGTTAG-1,"CD4-positive, alpha-beta T cell","CD4-positive, alpha-beta T cell","CD8-positive, alpha-beta thymocyte","naive thymus-derived CD4-positive, alpha-beta T cell","CD8-positive, alpha-beta thymocyte","CD4-positive, alpha-beta T cell","CD4-positive, alpha-beta T cell",3,"CD4-positive, alpha-beta T cell",3,"CD4-positive, alpha-beta T cell"
CTAAGGACGCCATA-1,classical monocyte,monocyte,monocyte,monocyte,monocyte,monocyte,monocyte,5,monocyte,5,monocyte
CTAAGGTGCCTAAG-1,B cell,B cell,innate lymphoid cell,innate lymphoid cell,myeloid dendritic cell,innate lymphoid cell,innate lymphoid cell,3,innate lymphoid cell,3,lymphocyte
CTAAGGTGTTGCAG-1,"CD4-positive, alpha-beta T cell","CD4-positive, alpha-beta T cell","CD8-positive, alpha-beta thymocyte","naive thymus-derived CD4-positive, alpha-beta T cell","naive thymus-derived CD4-positive, alpha-beta T cell","naive thymus-derived CD4-positive, alpha-beta T cell","CD4-positive, alpha-beta T cell",3,"naive thymus-derived CD4-positive, alpha-beta T cell",3,"CD4-positive, alpha-beta T cell"
CTAAGGTGTTTCTG-1,"CD4-positive, alpha-beta T cell","CD8-positive, alpha-beta thymocyte","CD8-positive, alpha-beta thymocyte","CD8-positive, alpha-beta T cell","CD8-positive, alpha-beta T cell","CD8-positive, alpha-beta thymocyte","CD8-positive, alpha-beta thymocyte",3,"CD8-positive, alpha-beta thymocyte",3,alpha-beta T cell
CTAATGCTTGTGGT-1,classical monocyte,monocyte,plasmacytoid dendritic cell,non-classical monocyte,myeloid dendritic cell,classical monocyte,classical monocyte,2,classical monocyte,2,monocyte
CTACAACTCCCGTT-1,"CD8-positive, alpha-beta T cell","CD8-positive, alpha-beta T cell","CD8-positive, alpha-beta thymocyte","CD8-positive, alpha-beta T cell","CD8-positive, alpha-beta T cell","CD8-positive, alpha-beta thymocyte","CD8-positive, alpha-beta T cell",4,"CD8-positive, alpha-beta T cell",4,"CD8-positive, alpha-beta T cell"
CTACCTCTCAACCA-1,"CD8-positive, alpha-beta T cell","CD8-positive, alpha-beta T cell","CD8-positive, alpha-beta T cell","CD8-positive, alpha-beta T cell",myeloid dendritic cell,"CD8-positive, alpha-beta T cell","CD8-positive, alpha-beta T cell",5,"CD8-positive, alpha-beta T cell",5,"CD8-positive, alpha-beta T cell"
CTACGCACACCTAG-1,macrophage,myeloid dendritic cell,non-classical monocyte,non-classical monocyte,non-classical monocyte,myeloid cell,non-classical monocyte,3,non-classical monocyte,3,myeloid leukocyte
CTACGCACTCTCCG-1,"CD4-positive, alpha-beta T cell","CD4-positive, alpha-beta thymocyte","naive thymus-derived CD4-positive, alpha-beta T cell","naive thymus-derived CD8-positive, alpha-beta T cell","naive thymus-derived CD4-positive, alpha-beta T cell","naive thymus-derived CD4-positive, alpha-beta T cell","naive thymus-derived CD4-positive, alpha-beta T cell",3,"naive thymus-derived CD4-positive, alpha-beta T cell",3,"CD4-positive, alpha-beta T cell"
CTACGCACTGGTCA-1,"CD8-positive, alpha-beta T cell",natural killer cell,"naive thymus-derived CD8-positive, alpha-beta T cell","CD8-positive, alpha-beta T cell","naive thymus-derived CD8-positive, alpha-beta T cell","naive thymus-derived CD8-positive, alpha-beta T cell","CD8-positive, alpha-beta T cell",3,"naive thymus-derived CD8-positive, alpha-beta T cell",3,"CD8-positive, alpha-beta T cell"
CTACGGCTTTCTTG-1,macrophage,myeloid dendritic cell,monocyte,monocyte,monocyte,monocyte,monocyte,4,monocyte,4,monocyte
CTACTATGAACCAC-1,macrophage,myeloid dendritic cell,non-classical monocyte,myeloid dendritic cell,myeloid dendritic cell,monocyte,myeloid dendritic cell,3,myeloid dendritic cell,3,professional antigen presenting cell
CTACTATGATGTGC-1,classical monocyte,monocyte,classical monocyte,classical monocyte,monocyte,monocyte,classical monocyte,3,classical monocyte,3,monocyte
CTACTATGCTAAGC-1,"CD4-positive, alpha-beta T cell","CD8-positive, alpha-beta T cell","CD8-positive, alpha-beta thymocyte","CD8-positive, alpha-beta T cell","CD8-positive, alpha-beta T cell","CD8-positive, alpha-beta thymocyte","CD8-positive, alpha-beta T cell",3,"CD8-positive, alpha-beta T cell",3,mature alpha-beta T cell
CTACTATGTAAAGG-1,B cell,B cell,B cell,microglial cell,B cell,B cell,B cell,5,B cell,5,B cell
CTACTCCTATGTCG-1,"CD8-positive, alpha-beta T cell",natural killer cell,natural killer cell,natural killer cell,natural killer cell,natural killer cell,natural killer cell,5,natural killer cell,5,natural killer cell
CTACTCCTGCCATA-1,monocyte,monocyte,erythrocyte,monocyte,monocyte,monocyte,monocyte,5,monocyte,5,monocyte
CTAGAGACACTTTC-1,"CD4-positive, alpha-beta T cell",regulatory T cell,regulatory T cell,regulatory T cell,"naive thymus-derived CD4-positive, alpha-beta T cell",regulatory T cell,regulatory T cell,4,regulatory T cell,4,regulatory T cell
CTAGAGACAGCATC-1,"CD8-positive, alpha-beta T cell","CD8-positive, alpha-beta T cell","naive thymus-derived CD8-positive, alpha-beta T cell",myeloid dendritic cell,"CD8-positive, alpha-beta T cell","CD8-positive, alpha-beta T cell","CD8-positive, alpha-beta T cell",4,"CD8-positive, alpha-beta T cell",4,"CD8-positive, alpha-beta T cell"
CTAGAGACTTTGGG-1,macrophage,myeloid dendritic cell,non-classical monocyte,myeloid dendritic cell,non-classical monocyte,non-classical monocyte,non-classical monocyte,3,non-classical monocyte,3,myeloid leukocyte
CTAGATCTCTCTAT-1,"CD4-positive, alpha-beta T cell","CD4-positive, alpha-beta T cell","naive thymus-derived CD4-positive, alpha-beta T cell","CD4-positive, alpha-beta T cell","naive thymus-derived CD4-positive, alpha-beta T cell","naive thymus-derived CD4-positive, alpha-beta T cell","CD4-positive, alpha-beta T cell",4,"CD4-positive, alpha-beta T cell",3,"CD4-positive, alpha-beta T cell"
CTAGATCTTCGACA-1,"CD4-positive, alpha-beta T cell","naive thymus-derived CD4-positive, alpha-beta T cell","CD4-positive, alpha-beta T cell","CD4-positive, alpha-beta T cell","CD4-positive, alpha-beta T cell","CD4-positive, alpha-beta T cell","CD4-positive, alpha-beta T cell",5,"CD4-positive, alpha-beta T cell",5,"CD4-positive, alpha-beta T cell"
CTAGGATGAGCCTA-1,plasma cell,plasma cell,plasma cell,plasma cell,plasma cell,plasma cell,plasma cell,6,plasma cell,6,plasma cell
CTAGGATGATCGTG-1,B cell,B cell,stromal cell,B cell,B cell,B cell,B cell,5,B cell,5,B cell
CTAGGCCTCTCAGA-1,"CD4-positive, alpha-beta T cell","CD4-positive, alpha-beta T cell","naive thymus-derived CD4-positive, alpha-beta T cell","CD4-positive, alpha-beta T cell","naive thymus-derived CD4-positive, alpha-beta T cell","naive thymus-derived CD4-positive, alpha-beta T cell","CD4-positive, alpha-beta T cell",4,"CD4-positive, alpha-beta T cell",3,"CD4-positive, alpha-beta T cell"
CTAGGTGATGGTTG-1,monocyte,myeloid dendritic cell,non-classical monocyte,non-classical monocyte,non-classical monocyte,non-classical monocyte,non-classical monocyte,4,non-classical monocyte,4,non-classical monocyte
CTAGTTACCAGAGG-1,"CD4-positive, alpha-beta T cell",regulatory T cell,"naive thymus-derived CD4-positive, alpha-beta T cell","naive thymus-derived CD4-positive, alpha-beta T cell","CD4-positive, alpha-beta T cell","naive thymus-derived CD4-positive, alpha-beta T cell","naive thymus-derived CD4-positive, alpha-beta T cell",3,"naive thymus-derived CD4-positive, alpha-beta T cell",3,"CD4-positive, alpha-beta T cell"
CTAGTTACCGCATA-1,"CD4-positive, alpha-beta T cell","CD4-positive, alpha-beta T cell",T follicular helper cell,"CD4-positive, alpha-beta T cell",innate lymphoid cell,"CD4-positive, alpha-beta T cell","CD4-positive, alpha-beta T cell",4,"CD4-positive, alpha-beta T cell",4,"CD4-positive, alpha-beta T cell"
CTAGTTACGAAACA-1,natural killer cell,natural killer cell,natural killer cell,natural killer cell,natural killer cell,natural killer cell,natural killer cell,6,natural killer cell,6,natural killer cell
CTATAAGATCGTTT-1,B cell,B cell,B cell,B cell,B cell,innate lymphoid cell,B cell,5,B cell,5,B cell
CTATACTGAGGTTC-1,classical monocyte,monocyte,non-classical monocyte,granulocyte,non-classical monocyte,non-classical monocyte,non-classical monocyte,3,non-classical monocyte,3,monocyte
CTATACTGCCAGTA-1,"CD4-positive, alpha-beta T cell","CD4-positive, alpha-beta thymocyte",eye photoreceptor cell,"naive thymus-derived CD4-positive, alpha-beta T cell","naive thymus-derived CD4-positive, alpha-beta T cell","CD8-positive, alpha-beta T cell","CD4-positive, alpha-beta T cell",2,"naive thymus-derived CD4-positive, alpha-beta T cell",2,mature alpha-beta T cell
CTATACTGCGCTAA-1,classical monocyte,monocyte,monocyte,monocyte,monocyte,monocyte,monocyte,5,monocyte,5,monocyte
CTATACTGCTACGA-1,natural killer cell,natural killer cell,natural killer cell,natural killer cell,natural killer cell,natural killer cell,natural killer cell,6,natural killer cell,6,natural killer cell
CTATACTGTCTCAT-1,natural killer cell,natural killer cell,natural killer cell,natural killer cell,natural killer cell,natural killer cell,natural killer cell,6,natural killer cell,6,natural killer cell
CTATACTGTTCGTT-1,"CD4-positive, alpha-beta T cell",hematopoietic stem cell,hematopoietic stem cell,"CD8-positive, alpha-beta T cell",hematopoietic stem cell,hematopoietic stem cell,hematopoietic stem cell,4,hematopoietic stem cell,4,hematopoietic stem cell
CTATAGCTGTCACA-1,"CD4-positive, alpha-beta T cell","CD4-positive, alpha-beta T cell",innate lymphoid cell,innate lymphoid cell,innate lymphoid cell,innate lymphoid cell,innate lymphoid cell,4,innate lymphoid cell,4,innate lymphoid cell
CTATAGCTTCGCTC-1,monocyte,classical monocyte,monocyte,classical monocyte,classical monocyte,monocyte,monocyte,4,classical monocyte,3,monocyte
CTATAGCTTGCCTC-1,macrophage,monocyte,erythrocyte,classical monocyte,monocyte,myeloid cell,monocyte,2,monocyte,2,myeloid leukocyte
CTATCAACGAACTC-1,"CD4-positive, alpha-beta T cell","CD4-positive, alpha-beta thymocyte",mature NK T cell,"naive thymus-derived CD4-positive, alpha-beta T cell","naive thymus-derived CD4-positive, alpha-beta T cell","CD4-positive, alpha-beta thymocyte","CD4-positive, alpha-beta T cell",2,"CD4-positive, alpha-beta thymocyte",2,mature alpha-beta T cell
CTATCAACGCAGAG-1,"CD4-positive, alpha-beta T cell","CD4-positive, alpha-beta T cell",erythrocyte,"CD4-positive, alpha-beta T cell","naive thymus-derived CD4-positive, alpha-beta T cell","CD4-positive, alpha-beta T cell","CD4-positive, alpha-beta T cell",5,"CD4-positive, alpha-beta T cell",4,"CD4-positive, alpha-beta T cell"
CTATCAACTTTGGG-1,"CD4-positive, alpha-beta T cell","CD4-positive, alpha-beta thymocyte",non-classical monocyte,"CD8-positive, alpha-beta T cell","CD8-positive, alpha-beta T cell","CD4-positive, alpha-beta T cell","CD4-positive, alpha-beta T cell",2,"CD4-positive, alpha-beta T cell",2,mature alpha-beta T cell
CTATCCCTCCACCT-1,classical monocyte,monocyte,monocyte,B cell,monocyte,monocyte,monocyte,4,monocyte,4,monocyte
CTATGTACGAGAGC-1,"CD4-positive, alpha-beta T cell","naive thymus-derived CD4-positive, alpha-beta T cell","CD4-positive, alpha-beta thymocyte","CD4-positive, alpha-beta T cell","naive thymus-derived CD4-positive, alpha-beta T cell","CD4-positive, alpha-beta T cell","CD4-positive, alpha-beta T cell",4,"CD4-positive, alpha-beta T cell",3,"CD4-positive, alpha-beta T cell"
CTATGTACGCTTAG-1,"CD4-positive, alpha-beta T cell","naive thymus-derived CD4-positive, alpha-beta T cell","CD4-positive, alpha-beta T cell","CD4-positive, alpha-beta T cell","naive thymus-derived CD4-positive, alpha-beta T cell","CD8-positive, alpha-beta T cell","CD4-positive, alpha-beta T cell",4,"CD4-positive, alpha-beta T cell",3,"CD4-positive, alpha-beta T cell"
CTATGTTGAAAGCA-1,"CD4-positive, alpha-beta T cell","CD4-positive, alpha-beta T cell",serous cell of epithelium of trachea,"CD4-positive, alpha-beta T cell","naive thymus-derived CD4-positive, alpha-beta T cell","naive thymus-derived CD4-positive, alpha-beta T cell","CD4-positive, alpha-beta T cell",4,"CD4-positive, alpha-beta T cell",3,"CD4-positive, alpha-beta T cell"
CTATGTTGTCCTCG-1,"CD4-positive, alpha-beta T cell","CD4-positive, alpha-beta T cell","CD8-positive, alpha-beta thymocyte","CD4-positive, alpha-beta T cell",innate lymphoid cell,"CD4-positive, alpha-beta T cell","CD4-positive, alpha-beta T cell",4,"CD4-positive, alpha-beta T cell",4,"CD4-positive, alpha-beta T cell"
CTATGTTGTCTCGC-1,"CD4-positive, alpha-beta T cell","CD4-positive, alpha-beta thymocyte",plasma cell,"CD4-positive, alpha-beta T cell","CD4-positive, alpha-beta T cell","CD4-positive, alpha-beta T cell","CD4-positive, alpha-beta T cell",4,"CD4-positive, alpha-beta T cell",4,"CD4-positive, alpha-beta T cell"
CTATTGACAAACGA-1,monocyte,monocyte,myeloid dendritic cell,mononuclear phagocyte,myeloid dendritic cell,monocyte,monocyte,3,monocyte,3,mononuclear phagocyte
CTATTGACACTGGT-1,macrophage,myeloid dendritic cell,non-classical monocyte,non-classical monocyte,non-classical monocyte,non-classical monocyte,non-classical monocyte,4,non-classical monocyte,4,non-classical monocyte
CTATTGACGGTGAG-1,macrophage,myeloid dendritic cell,myeloid leukocyte,non-classical monocyte,non-classical monocyte,myeloid cell,non-classical monocyte,2,non-classical monocyte,2,myeloid leukocyte
CTATTGTGGCAAGG-1,"CD8-positive, alpha-beta T cell",regulatory T cell,"CD8-positive, alpha-beta T cell","CD4-positive, alpha-beta T cell","CD8-positive, alpha-beta T cell","CD8-positive, alpha-beta T cell","CD8-positive, alpha-beta T cell",4,"CD8-positive, alpha-beta T cell",4,"CD8-positive, alpha-beta T cell"
CTCAATTGGTTCAG-1,"CD8-positive, alpha-beta T cell","CD4-positive, alpha-beta T cell","naive thymus-derived CD4-positive, alpha-beta T cell","CD4-positive, alpha-beta T cell","naive thymus-derived CD4-positive, alpha-beta T cell","naive thymus-derived CD4-positive, alpha-beta T cell","CD4-positive, alpha-beta T cell",3,"naive thymus-derived CD4-positive, alpha-beta T cell",3,"CD4-positive, alpha-beta T cell"
CTCAATTGGTTGCA-1,intermediate monocyte,monocyte,monocyte,classical monocyte,myeloid dendritic cell,monocyte,monocyte,3,monocyte,3,monocyte
CTCAGAGATAGAAG-1,"naive thymus-derived CD4-positive, alpha-beta T cell","naive thymus-derived CD4-positive, alpha-beta T cell","CD8-positive, alpha-beta thymocyte","CD4-positive, alpha-beta T cell","CD4-positive, alpha-beta T cell","CD4-positive, alpha-beta T cell","CD4-positive, alpha-beta T cell",3,"CD4-positive, alpha-beta T cell",3,"CD4-positive, alpha-beta T cell"
CTCAGCACTCTAGG-1,"CD4-positive, alpha-beta T cell","CD4-positive, alpha-beta T cell",serous cell of epithelium of trachea,"naive thymus-derived CD4-positive, alpha-beta T cell","CD8-positive, alpha-beta T cell","CD4-positive, alpha-beta T cell","CD4-positive, alpha-beta T cell",3,"CD4-positive, alpha-beta T cell",3,"CD4-positive, alpha-beta T cell"
CTCAGCACTGAACC-1,classical monocyte,monocyte,monocyte,granulocyte,myeloid dendritic cell,monocyte,monocyte,3,monocyte,3,monocyte
CTCAGCACTTGCAG-1,"CD4-positive, alpha-beta T cell",regulatory T cell,thymocyte,innate lymphoid cell,"naive thymus-derived CD4-positive, alpha-beta T cell","CD4-positive, alpha-beta T cell","CD4-positive, alpha-beta T cell",3,"CD4-positive, alpha-beta T cell",2,mature T cell
CTCAGCTGAACCTG-1,classical monocyte,monocyte,monocyte,myeloid dendritic cell,monocyte,monocyte,monocyte,4,monocyte,4,monocyte
CTCAGCTGCAGTTG-1,"CD4-positive, alpha-beta T cell","CD8-positive, alpha-beta T cell",stromal cell,natural killer cell,"CD8-positive, alpha-beta T cell","CD4-positive, alpha-beta thymocyte","CD8-positive, alpha-beta T cell",2,"CD8-positive, alpha-beta T cell",2,alpha-beta T cell
CTCAGGCTCGTTGA-1,macrophage,non-classical monocyte,non-classical monocyte,non-classical monocyte,non-classical monocyte,non-classical monocyte,non-classical monocyte,5,non-classical monocyte,5,non-classical monocyte
CTCAGGCTGCTAAC-1,"CD4-positive, alpha-beta T cell","CD8-positive, alpha-beta T cell","CD8-positive, alpha-beta T cell","CD8-positive, alpha-beta T cell","CD4-positive, alpha-beta T cell","CD4-positive, alpha-beta T cell","CD4-positive, alpha-beta T cell",3,"CD4-positive, alpha-beta T cell",3,mature alpha-beta T cell
CTCATTGACCTTAT-1,"CD4-positive, alpha-beta T cell","CD4-positive, alpha-beta T cell","naive thymus-derived CD4-positive, alpha-beta T cell","CD4-positive, alpha-beta T cell","naive thymus-derived CD4-positive, alpha-beta T cell","naive thymus-derived CD4-positive, alpha-beta T cell","CD4-positive, alpha-beta T cell",4,"CD4-positive, alpha-beta T cell",3,"CD4-positive, alpha-beta T cell"
CTCATTGATGCTTT-1,macrophage,myeloid dendritic cell,non-classical monocyte,non-classical monocyte,non-classical monocyte,non-classical monocyte,non-classical monocyte,4,non-classical monocyte,4,non-classical monocyte
CTCCACGAGAGATA-1,monocyte,myeloid dendritic cell,myeloid dendritic cell,myeloid dendritic cell,myeloid dendritic cell,myeloid dendritic cell,myeloid dendritic cell,5,myeloid dendritic cell,5,conventional dendritic cell
CTCCATCTCTTAGG-1,"CD4-positive, alpha-beta T cell","CD4-positive, alpha-beta thymocyte","naive thymus-derived CD4-positive, alpha-beta T cell","CD4-positive, alpha-beta T cell","naive thymus-derived CD4-positive, alpha-beta T cell","CD4-positive, alpha-beta T cell","CD4-positive, alpha-beta T cell",4,"CD4-positive, alpha-beta T cell",3,"CD4-positive, alpha-beta T cell"
CTCCATCTGACGAG-1,"CD4-positive, alpha-beta T cell","CD4-positive, alpha-beta T cell",innate lymphoid cell,"CD8-positive, alpha-beta T cell",innate lymphoid cell,"CD4-positive, alpha-beta T cell","CD4-positive, alpha-beta T cell",3,"CD4-positive, alpha-beta T cell",3,mature alpha-beta T cell
CTCCGAACAAGTGA-1,macrophage,non-classical monocyte,monocyte,non-classical monocyte,non-classical monocyte,non-classical monocyte,non-classical monocyte,4,non-classical monocyte,4,non-classical monocyte
CTCCTACTGCCTTC-1,monocyte,myeloid dendritic cell,erythrocyte,myeloid dendritic cell,myeloid dendritic cell,myeloid dendritic cell,myeloid dendritic cell,4,myeloid dendritic cell,4,conventional dendritic cell
CTCGAAGATGTGGT-1,"CD4-positive, alpha-beta T cell","naive thymus-derived CD4-positive, alpha-beta T cell","CD8-positive, alpha-beta T cell","CD8-positive, alpha-beta T cell","CD8-positive, alpha-beta thymocyte","CD8-positive, alpha-beta T cell","CD8-positive, alpha-beta T cell",3,"CD8-positive, alpha-beta T cell",3,mature alpha-beta T cell
CTCGAAGATTAGGC-1,classical monocyte,myeloid dendritic cell,basophil,myeloid dendritic cell,myeloid dendritic cell,classical monocyte,myeloid dendritic cell,3,myeloid dendritic cell,3,myeloid leukocyte
CTCGACTGCTCTAT-1,"CD4-positive, alpha-beta T cell","naive thymus-derived CD4-positive, alpha-beta T cell",innate lymphoid cell,T cell,innate lymphoid cell,innate lymphoid cell,innate lymphoid cell,3,innate lymphoid cell,3,lymphocyte
CTCGACTGGGTGAG-1,"CD4-positive, alpha-beta T cell","CD4-positive, alpha-beta thymocyte","naive thymus-derived CD4-positive, alpha-beta T cell","CD4-positive, alpha-beta T cell","CD4-positive, alpha-beta T cell","naive thymus-derived CD4-positive, alpha-beta T cell","CD4-positive, alpha-beta T cell",3,"CD4-positive, alpha-beta T cell",3,"CD4-positive, alpha-beta T cell"
CTCGACTGGTTGAC-1,natural killer cell,natural killer cell,natural killer cell,"CD8-positive, alpha-beta T cell",natural killer cell,natural killer cell,natural killer cell,5,natural killer cell,5,natural killer cell
CTCGAGCTCTGGAT-1,"CD8-positive, alpha-beta T cell",natural killer cell,"CD8-positive, alpha-beta thymocyte",natural killer cell,natural killer cell,"CD8-positive, alpha-beta thymocyte",natural killer cell,3,natural killer cell,3,lymphocyte
CTCGCATGACTTTC-1,"CD4-positive, alpha-beta T cell","CD8-positive, alpha-beta T cell","CD8-positive, alpha-beta T cell",innate lymphoid cell,"CD8-positive, alpha-beta T cell","CD8-positive, alpha-beta T cell","CD8-positive, alpha-beta T cell",4,"CD8-positive, alpha-beta T cell",4,"CD8-positive, alpha-beta T cell"
CTCGCATGCTTAGG-1,"CD4-positive, alpha-beta T cell","naive thymus-derived CD4-positive, alpha-beta T cell","naive thymus-derived CD4-positive, alpha-beta T cell","CD4-positive, alpha-beta T cell","naive thymus-derived CD4-positive, alpha-beta T cell","naive thymus-derived CD4-positive, alpha-beta T cell","naive thymus-derived CD4-positive, alpha-beta T cell",4,"naive thymus-derived CD4-positive, alpha-beta T cell",4,"naive thymus-derived CD4-positive, alpha-beta T cell"
CTCTAAACCTCGAA-1,"CD4-positive, alpha-beta T cell","naive thymus-derived CD4-positive, alpha-beta T cell",serous cell of epithelium of trachea,innate lymphoid cell,innate lymphoid cell,innate lymphoid cell,innate lymphoid cell,3,innate lymphoid cell,3,lymphocyte
CTCTAAACGGCGAA-1,"CD4-positive, alpha-beta T cell","CD4-positive, alpha-beta T cell",stromal cell,innate lymphoid cell,innate lymphoid cell,leukocyte,"CD4-positive, alpha-beta T cell",2,"CD4-positive, alpha-beta T cell",2,lymphocyte
CTCTAATGTCCAAG-1,classical monocyte,monocyte,monocyte,monocyte,monocyte,monocyte,monocyte,5,monocyte,5,monocyte
CTGAACGACAGTCA-1,"CD4-positive, alpha-beta T cell","naive thymus-derived CD4-positive, alpha-beta T cell","CD4-positive, alpha-beta thymocyte","CD4-positive, alpha-beta T cell","naive thymus-derived CD4-positive, alpha-beta T cell","CD4-positive, alpha-beta T cell","CD4-positive, alpha-beta T cell",4,"CD4-positive, alpha-beta T cell",3,"CD4-positive, alpha-beta T cell"
CTGAACGATGAGGG-1,"CD4-positive, alpha-beta T cell","CD4-positive, alpha-beta thymocyte",innate lymphoid cell,innate lymphoid cell,innate lymphoid cell,innate lymphoid cell,innate lymphoid cell,4,innate lymphoid cell,4,innate lymphoid cell
CTGAAGACCCAACA-1,"CD4-positive, alpha-beta T cell","CD4-positive, alpha-beta T cell","CD8-positive, alpha-beta T cell","CD8-positive, alpha-beta T cell","CD8-positive, alpha-beta T cell","CD8-positive, alpha-beta T cell","CD8-positive, alpha-beta T cell",4,"CD8-positive, alpha-beta T cell",4,"CD8-positive, alpha-beta T cell"
CTGAAGACGTGCAT-1,B cell,B cell,B cell,B cell,B cell,B cell,B cell,6,B cell,6,B cell
CTGAAGTGAAGCCT-1,intermediate monocyte,non-classical monocyte,non-classical monocyte,non-classical monocyte,non-classical monocyte,non-classical monocyte,non-classical monocyte,5,non-classical monocyte,5,non-classical monocyte
CTGAAGTGCAGCTA-1,B cell,B cell,B cell,B cell,B cell,B cell,B cell,6,B cell,6,B cell
CTGAAGTGGCTATG-1,"CD4-positive, alpha-beta T cell","CD4-positive, alpha-beta T cell",innate lymphoid cell,innate lymphoid cell,innate lymphoid cell,innate lymphoid cell,innate lymphoid cell,4,innate lymphoid cell,4,innate lymphoid cell
CTGAAGTGTCCAGA-1,"CD4-positive, alpha-beta T cell","CD4-positive, alpha-beta T cell","CD4-positive, alpha-beta thymocyte","CD4-positive, alpha-beta T cell","naive thymus-derived CD4-positive, alpha-beta T cell",innate lymphoid cell,"CD4-positive, alpha-beta T cell",4,"CD4-positive, alpha-beta T cell",3,"CD4-positive, alpha-beta T cell"
CTGAATCTGAATAG-1,B cell,"CD4-positive, alpha-beta T cell",innate lymphoid cell,innate lymphoid cell,innate lymphoid cell,innate lymphoid cell,innate lymphoid cell,4,innate lymphoid cell,4,innate lymphoid cell
CTGACAGAATCGTG-1,"CD8-positive, alpha-beta T cell","CD8-positive, alpha-beta T cell","CD8-positive, alpha-beta thymocyte","CD8-positive, alpha-beta T cell","CD8-positive, alpha-beta T cell","CD8-positive, alpha-beta thymocyte","CD8-positive, alpha-beta T cell",4,"CD8-positive, alpha-beta T cell",4,"CD8-positive, alpha-beta T cell"
CTGACCACAGCAAA-1,"CD4-positive, alpha-beta T cell","CD4-positive, alpha-beta T cell","CD4-positive, alpha-beta T cell","CD4-positive, alpha-beta T cell","naive thymus-derived CD4-positive, alpha-beta T cell","CD4-positive, alpha-beta T cell","CD4-positive, alpha-beta T cell",6,"CD4-positive, alpha-beta T cell",5,"CD4-positive, alpha-beta T cell"
CTGAGAACCGGGAA-1,"CD4-positive, alpha-beta T cell",regulatory T cell,"CD4-positive, alpha-beta T cell","CD4-positive, alpha-beta T cell","CD4-positive, alpha-beta T cell","CD4-positive, alpha-beta T cell","CD4-positive, alpha-beta T cell",5,"CD4-positive, alpha-beta T cell",5,"CD4-positive, alpha-beta T cell"
CTGAGAACGTAAAG-1,"CD8-positive, alpha-beta T cell",natural killer cell,"naive thymus-derived CD8-positive, alpha-beta T cell",natural killer cell,natural killer cell,"naive thymus-derived CD8-positive, alpha-beta T cell",natural killer cell,3,natural killer cell,3,lymphocyte
CTGATACTAGTAGA-1,"CD4-positive, alpha-beta T cell","CD4-positive, alpha-beta T cell","CD4-positive, alpha-beta T cell","CD4-positive, alpha-beta T cell","CD4-positive, alpha-beta T cell","CD4-positive, alpha-beta T cell","CD4-positive, alpha-beta T cell",6,"CD4-positive, alpha-beta T cell",6,"CD4-positive, alpha-beta T cell"
CTGATTTGGTGTTG-1,classical monocyte,myeloid dendritic cell,basophil,myeloid dendritic cell,monocyte,classical monocyte,classical monocyte,2,classical monocyte,2,myeloid leukocyte
CTGCAGCTAACCGT-1,"CD4-positive, alpha-beta T cell","CD4-positive, alpha-beta thymocyte","CD8-positive, alpha-beta thymocyte","CD8-positive, alpha-beta T cell","CD8-positive, alpha-beta thymocyte","CD8-positive, alpha-beta thymocyte","CD8-positive, alpha-beta thymocyte",3,"CD8-positive, alpha-beta thymocyte",3,immature alpha-beta T cell
CTGCAGCTGACACT-1,"CD4-positive, alpha-beta T cell","naive thymus-derived CD4-positive, alpha-beta T cell",thymocyte,"CD4-positive, alpha-beta T cell","naive thymus-derived CD4-positive, alpha-beta T cell","CD4-positive, alpha-beta T cell","CD4-positive, alpha-beta T cell",4,"CD4-positive, alpha-beta T cell",3,"CD4-positive, alpha-beta T cell"
CTGCAGCTGGATTC-1,monocyte,myeloid dendritic cell,monocyte,intermediate monocyte,non-classical monocyte,non-classical monocyte,monocyte,3,monocyte,2,monocyte
CTGCAGCTTGGCAT-1,"CD8-positive, alpha-beta T cell","CD8-positive, alpha-beta T cell","CD8-positive, alpha-beta thymocyte","CD8-positive, alpha-beta T cell","CD8-positive, alpha-beta T cell","CD8-positive, alpha-beta thymocyte","CD8-positive, alpha-beta T cell",4,"CD8-positive, alpha-beta T cell",4,"CD8-positive, alpha-beta T cell"
CTGCCAACAGGAGC-1,"CD4-positive, alpha-beta T cell","CD4-positive, alpha-beta T cell","CD8-positive, alpha-beta thymocyte","CD8-positive, alpha-beta T cell","CD8-positive, alpha-beta thymocyte","CD8-positive, alpha-beta thymocyte","CD8-positive, alpha-beta thymocyte",3,"CD8-positive, alpha-beta thymocyte",3,alpha-beta T cell
CTGCCAACCAGCTA-1,T cell,"CD4-positive, alpha-beta T cell","naive thymus-derived CD4-positive, alpha-beta T cell","CD4-positive, alpha-beta thymocyte","naive thymus-derived CD4-positive, alpha-beta T cell","naive thymus-derived CD4-positive, alpha-beta T cell","naive thymus-derived CD4-positive, alpha-beta T cell",3,"naive thymus-derived CD4-positive, alpha-beta T cell",3,"CD4-positive, alpha-beta T cell"
CTGCCAACTAACCG-1,macrophage,myeloid dendritic cell,non-classical monocyte,monocyte,myeloid dendritic cell,classical monocyte,myeloid dendritic cell,2,myeloid dendritic cell,2,myeloid leukocyte
CTGCCAACTGCTCC-1,"CD4-positive, alpha-beta T cell","CD8-positive, alpha-beta T cell","CD8-positive, alpha-beta thymocyte","CD8-positive, alpha-beta T cell","CD8-positive, alpha-beta T cell","CD8-positive, alpha-beta T cell","CD8-positive, alpha-beta T cell",4,"CD8-positive, alpha-beta T cell",4,"CD8-positive, alpha-beta T cell"
CTGCCAACTTGCAG-1,"CD4-positive, alpha-beta T cell","naive thymus-derived CD4-positive, alpha-beta T cell","CD4-positive, alpha-beta T cell","CD4-positive, alpha-beta T cell",innate lymphoid cell,innate lymphoid cell,"CD4-positive, alpha-beta T cell",3,"CD4-positive, alpha-beta T cell",3,"CD4-positive, alpha-beta T cell"
CTGCCAACTTGCTT-1,"CD4-positive, alpha-beta T cell","CD8-positive, alpha-beta T cell","CD8-positive, alpha-beta thymocyte","CD8-positive, alpha-beta T cell","CD8-positive, alpha-beta T cell","CD8-positive, alpha-beta T cell","CD8-positive, alpha-beta T cell",4,"CD8-positive, alpha-beta T cell",4,"CD8-positive, alpha-beta T cell"
CTGCGACTCCACCT-1,"CD8-positive, alpha-beta T cell","CD8-positive, alpha-beta T cell","CD8-positive, alpha-beta T cell","CD8-positive, alpha-beta T cell","CD8-positive, alpha-beta T cell","CD8-positive, alpha-beta T cell","CD8-positive, alpha-beta T cell",6,"CD8-positive, alpha-beta T cell",6,"CD8-positive, alpha-beta T cell"
CTGGAAACAAACGA-1,"CD8-positive, alpha-beta T cell","CD8-positive, alpha-beta T cell","CD8-positive, alpha-beta thymocyte",natural killer cell,"CD8-positive, alpha-beta T cell","CD8-positive, alpha-beta thymocyte","CD8-positive, alpha-beta T cell",3,"CD8-positive, alpha-beta T cell",3,alpha-beta T cell
CTGGAAACATCGAC-1,"CD4-positive, alpha-beta T cell","CD4-positive, alpha-beta T cell","naive thymus-derived CD4-positive, alpha-beta T cell",innate lymphoid cell,"naive thymus-derived CD4-positive, alpha-beta T cell","CD4-positive, alpha-beta T cell","CD4-positive, alpha-beta T cell",4,"CD4-positive, alpha-beta T cell",3,"CD4-positive, alpha-beta T cell"
CTGGATGACTGGAT-1,"CD8-positive, alpha-beta T cell","CD8-positive, alpha-beta T cell","CD8-positive, alpha-beta T cell","CD8-positive, alpha-beta T cell","CD8-positive, alpha-beta T cell","CD8-positive, alpha-beta T cell","CD8-positive, alpha-beta T cell",6,"CD8-positive, alpha-beta T cell",6,"CD8-positive, alpha-beta T cell"
CTGGATGACTTGTT-1,"CD4-positive, alpha-beta T cell","CD4-positive, alpha-beta thymocyte","CD4-positive, alpha-beta T cell","CD4-positive, alpha-beta T cell","CD4-positive, alpha-beta T cell","CD4-positive, alpha-beta T cell","CD4-positive, alpha-beta T cell",5,"CD4-positive, alpha-beta T cell",5,"CD4-positive, alpha-beta T cell"
CTGGATGATGTGAC-1,B cell,B cell,B cell,B cell,B cell,B cell,B cell,6,B cell,6,B cell
CTGGCACTCAAGCT-1,classical monocyte,monocyte,monocyte,monocyte,monocyte,monocyte,monocyte,5,monocyte,5,monocyte
CTGTAACTAACCAC-1,"CD4-positive, alpha-beta T cell","CD4-positive, alpha-beta T cell","CD4-positive, alpha-beta T cell","CD4-positive, alpha-beta T cell","CD4-positive, alpha-beta T cell","CD4-positive, alpha-beta T cell","CD4-positive, alpha-beta T cell",6,"CD4-positive, alpha-beta T cell",6,"CD4-positive, alpha-beta T cell"
CTGTAACTAGCGTT-1,"CD4-positive, alpha-beta T cell","CD4-positive, alpha-beta T cell","CD4-positive, alpha-beta T cell","CD4-positive, alpha-beta T cell","naive thymus-derived CD4-positive, alpha-beta T cell","CD4-positive, alpha-beta T cell","CD4-positive, alpha-beta T cell",6,"CD4-positive, alpha-beta T cell",5,"CD4-positive, alpha-beta T cell"
CTGTATACGTAAAG-1,"CD4-positive, alpha-beta T cell","CD4-positive, alpha-beta T cell",stromal cell,"CD8-positive, alpha-beta T cell","CD8-positive, alpha-beta T cell","CD8-positive, alpha-beta thymocyte","CD4-positive, alpha-beta T cell",2,"CD4-positive, alpha-beta T cell",2,mature alpha-beta T cell
CTGTATACGTACGT-1,monocyte,myeloid dendritic cell,non-classical monocyte,non-classical monocyte,non-classical monocyte,non-classical monocyte,non-classical monocyte,4,non-classical monocyte,4,non-classical monocyte
CTGTATACGTTGGT-1,regulatory T cell,"CD4-positive, alpha-beta T cell",innate lymphoid cell,"naive thymus-derived CD4-positive, alpha-beta T cell",innate lymphoid cell,innate lymphoid cell,innate lymphoid cell,3,innate lymphoid cell,3,lymphocyte
CTGTGAGACAACCA-1,intermediate monocyte,non-classical monocyte,non-classical monocyte,non-classical monocyte,non-classical monocyte,non-classical monocyte,non-classical monocyte,5,non-classical monocyte,5,non-classical monocyte
CTGTGAGACCTTGC-1,"CD8-positive, alpha-beta T cell","CD8-positive, alpha-beta T cell","CD8-positive, alpha-beta T cell","CD8-positive, alpha-beta T cell","CD8-positive, alpha-beta T cell","CD8-positive, alpha-beta T cell","CD8-positive, alpha-beta T cell",6,"CD8-positive, alpha-beta T cell",6,"CD8-positive, alpha-beta T cell"
CTGTGAGACGAACT-1,classical monocyte,monocyte,classical monocyte,monocyte,classical monocyte,classical monocyte,classical monocyte,4,classical monocyte,4,classical monocyte
CTGTGAGACTGTAG-1,monocyte,monocyte,monocyte,monocyte,monocyte,monocyte,monocyte,6,monocyte,6,monocyte
CTTAAAGAACCTGA-1,"CD4-positive, alpha-beta T cell","naive thymus-derived CD4-positive, alpha-beta T cell","naive thymus-derived CD4-positive, alpha-beta T cell","CD4-positive, alpha-beta thymocyte","naive thymus-derived CD4-positive, alpha-beta T cell","naive thymus-derived CD4-positive, alpha-beta T cell","naive thymus-derived CD4-positive, alpha-beta T cell",4,"naive thymus-derived CD4-positive, alpha-beta T cell",4,"naive thymus-derived CD4-positive, alpha-beta T cell"
CTTAACACCTGTAG-1,"CD4-positive, alpha-beta T cell","naive thymus-derived CD4-positive, alpha-beta T cell","naive thymus-derived CD4-positive, alpha-beta T cell","CD4-positive, alpha-beta T cell","naive thymus-derived CD4-positive, alpha-beta T cell","CD4-positive, alpha-beta T cell","CD4-positive, alpha-beta T cell",4,"CD4-positive, alpha-beta T cell",3,"CD4-positive, alpha-beta T cell"
CTTAACACTATCGG-1,B cell,B cell,B cell,B cell,B cell,B cell,B cell,6,B cell,6,B cell
CTTAAGCTACCTAG-1,"CD4-positive, alpha-beta T cell","CD4-positive, alpha-beta T cell",serous cell of epithelium of trachea,"naive thymus-derived CD4-positive, alpha-beta T cell",innate lymphoid cell,innate lymphoid cell,"CD4-positive, alpha-beta T cell",2,"CD4-positive, alpha-beta T cell",2,lymphocyte
CTTAAGCTAGTACC-1,"CD4-positive, alpha-beta T cell","CD4-positive, alpha-beta T cell",leukocyte,"CD8-positive, alpha-beta T cell",leukocyte,leukocyte,leukocyte,3,leukocyte,3,leukocyte
CTTAAGCTCATCAG-1,"CD4-positive, alpha-beta T cell","naive thymus-derived CD4-positive, alpha-beta T cell",innate lymphoid cell,"CD4-positive, alpha-beta thymocyte","naive thymus-derived CD4-positive, alpha-beta T cell",innate lymphoid cell,"CD4-positive, alpha-beta T cell",2,innate lymphoid cell,2,alpha-beta T cell
CTTAAGCTCCGCTT-1,B cell,B cell,B cell,B cell,B cell,B cell,B cell,6,B cell,6,B cell
CTTACAACTAACGC-1,"CD4-positive, alpha-beta T cell","naive thymus-derived CD4-positive, alpha-beta T cell","CD4-positive, alpha-beta T cell","naive thymus-derived CD4-positive, alpha-beta T cell","naive thymus-derived CD4-positive, alpha-beta T cell","naive thymus-derived CD4-positive, alpha-beta T cell","naive thymus-derived CD4-positive, alpha-beta T cell",4,"naive thymus-derived CD4-positive, alpha-beta T cell",4,"naive thymus-derived CD4-positive, alpha-beta T cell"
CTTACAACTCCCGT-1,classical monocyte,monocyte,monocyte,myeloid dendritic cell,monocyte,monocyte,monocyte,4,monocyte,4,monocyte
CTTACTGACGTACA-1,"CD4-positive, alpha-beta T cell","CD4-positive, alpha-beta thymocyte","CD4-positive, alpha-beta thymocyte",innate lymphoid cell,innate lymphoid cell,innate lymphoid cell,innate lymphoid cell,3,innate lymphoid cell,3,lymphocyte
CTTAGACTAAACGA-1,"CD4-positive, alpha-beta T cell","CD4-positive, alpha-beta T cell","CD4-positive, alpha-beta T cell","CD4-positive, alpha-beta T cell","naive thymus-derived CD4-positive, alpha-beta T cell","naive thymus-derived CD4-positive, alpha-beta T cell","CD4-positive, alpha-beta T cell",5,"CD4-positive, alpha-beta T cell",4,"CD4-positive, alpha-beta T cell"
CTTAGGGACTTGCC-1,"CD4-positive, alpha-beta T cell","CD4-positive, alpha-beta T cell",regulatory T cell,"CD4-positive, alpha-beta T cell","naive thymus-derived CD4-positive, alpha-beta T cell","naive thymus-derived CD4-positive, alpha-beta T cell","CD4-positive, alpha-beta T cell",4,"CD4-positive, alpha-beta T cell",3,"CD4-positive, alpha-beta T cell"
CTTAGGGAGAATCC-1,"CD4-positive, alpha-beta T cell","CD4-positive, alpha-beta thymocyte",stromal cell,plasma cell,"naive thymus-derived CD4-positive, alpha-beta T cell","naive thymus-derived CD4-positive, alpha-beta T cell","CD4-positive, alpha-beta T cell",2,"naive thymus-derived CD4-positive, alpha-beta T cell",2,alpha-beta T cell
CTTATCGACTCATT-1,"CD4-positive, alpha-beta T cell","naive thymus-derived CD4-positive, alpha-beta T cell","CD4-positive, alpha-beta T cell","CD4-positive, alpha-beta T cell","naive thymus-derived CD4-positive, alpha-beta T cell","naive thymus-derived CD4-positive, alpha-beta T cell","CD4-positive, alpha-beta T cell",4,"CD4-positive, alpha-beta T cell",3,"CD4-positive, alpha-beta T cell"
CTTCACCTACCTGA-1,macrophage,non-classical monocyte,non-classical monocyte,non-classical monocyte,non-classical monocyte,non-classical monocyte,non-classical monocyte,5,non-classical monocyte,5,non-classical monocyte
CTTCATGAAGCATC-1,B cell,B cell,B cell,B cell,B cell,B cell,B cell,6,B cell,6,B cell
CTTCATGAAGTACC-1,"CD4-positive, alpha-beta T cell","CD4-positive, alpha-beta T cell","CD8-positive, alpha-beta thymocyte",regulatory T cell,"naive thymus-derived CD4-positive, alpha-beta T cell",innate lymphoid cell,"CD4-positive, alpha-beta T cell",3,"CD4-positive, alpha-beta T cell",2,alpha-beta T cell
CTTCATGACCGAAT-1,"CD8-positive, alpha-beta T cell","CD8-positive, alpha-beta T cell",mature NK T cell,"CD8-positive, alpha-beta T cell","CD8-positive, alpha-beta T cell","CD8-positive, alpha-beta T cell","CD8-positive, alpha-beta T cell",5,"CD8-positive, alpha-beta T cell",5,"CD8-positive, alpha-beta T cell"
CTTGAACTACGCAT-1,"CD4-positive, alpha-beta T cell","CD4-positive, alpha-beta thymocyte",thymocyte,"CD4-positive, alpha-beta T cell","CD4-positive, alpha-beta T cell","CD4-positive, alpha-beta T cell","CD4-positive, alpha-beta T cell",4,"CD4-positive, alpha-beta T cell",4,"CD4-positive, alpha-beta T cell"
CTTGATTGAGGTTC-1,"CD8-positive, alpha-beta T cell","CD8-positive, alpha-beta T cell","naive thymus-derived CD8-positive, alpha-beta T cell","naive thymus-derived CD8-positive, alpha-beta T cell","naive thymus-derived CD8-positive, alpha-beta T cell","naive thymus-derived CD8-positive, alpha-beta T cell","naive thymus-derived CD8-positive, alpha-beta T cell",4,"naive thymus-derived CD8-positive, alpha-beta T cell",4,"naive thymus-derived CD8-positive, alpha-beta T cell"
CTTGATTGATCTTC-1,monocyte,non-classical monocyte,monocyte,myeloid dendritic cell,myeloid dendritic cell,monocyte,monocyte,3,monocyte,3,monocyte
CTTGATTGCATTCT-1,"CD4-positive, alpha-beta T cell","CD4-positive, alpha-beta T cell",regulatory T cell,"naive thymus-derived CD8-positive, alpha-beta T cell",innate lymphoid cell,"CD4-positive, alpha-beta T cell","CD4-positive, alpha-beta T cell",3,"CD4-positive, alpha-beta T cell",3,mature alpha-beta T cell
CTTGATTGTTTCGT-1,"CD4-positive, alpha-beta T cell","CD4-positive, alpha-beta T cell","naive thymus-derived CD4-positive, alpha-beta T cell","naive thymus-derived CD4-positive, alpha-beta T cell","naive thymus-derived CD4-positive, alpha-beta T cell","CD4-positive, alpha-beta T cell","CD4-positive, alpha-beta T cell",4,"CD4-positive, alpha-beta T cell",3,"CD4-positive, alpha-beta T cell"
CTTGTATGACACCA-1,B cell,B cell,B cell,B cell,B cell,B cell,B cell,6,B cell,6,B cell
CTTGTATGCGCAAT-1,B cell,B cell,B cell,B cell,B cell,B cell,B cell,6,B cell,6,B cell
CTTTACGAGCGAAG-1,"CD4-positive, alpha-beta T cell","CD4-positive, alpha-beta thymocyte",erythrocyte,innate lymphoid cell,innate lymphoid cell,innate lymphoid cell,innate lymphoid cell,3,innate lymphoid cell,3,lymphocyte
CTTTAGACCGTGAT-1,"CD4-positive, alpha-beta T cell","CD4-positive, alpha-beta thymocyte","CD4-positive, alpha-beta T cell","CD4-positive, alpha-beta T cell","CD4-positive, alpha-beta T cell","CD4-positive, alpha-beta T cell","CD4-positive, alpha-beta T cell",5,"CD4-positive, alpha-beta T cell",5,"CD4-positive, alpha-beta T cell"
CTTTAGACGAGACG-1,"CD4-positive, alpha-beta T cell","CD4-positive, alpha-beta T cell","naive thymus-derived CD8-positive, alpha-beta T cell","naive thymus-derived CD4-positive, alpha-beta T cell","naive thymus-derived CD4-positive, alpha-beta T cell","naive thymus-derived CD4-positive, alpha-beta T cell","CD4-positive, alpha-beta T cell",3,"naive thymus-derived CD4-positive, alpha-beta T cell",3,"CD4-positive, alpha-beta T cell"
CTTTAGACGATACC-1,"CD4-positive, alpha-beta T cell","CD4-positive, alpha-beta T cell",monocyte,"naive thymus-derived CD4-positive, alpha-beta T cell","naive thymus-derived CD4-positive, alpha-beta T cell","naive thymus-derived CD4-positive, alpha-beta T cell","CD4-positive, alpha-beta T cell",3,"naive thymus-derived CD4-positive, alpha-beta T cell",3,"CD4-positive, alpha-beta T cell"
CTTTAGACGTTGGT-1,"CD4-positive, alpha-beta T cell","CD8-positive, alpha-beta T cell","CD8-positive, alpha-beta thymocyte","CD8-positive, alpha-beta T cell","CD8-positive, alpha-beta T cell","CD8-positive, alpha-beta thymocyte","CD8-positive, alpha-beta T cell",3,"CD8-positive, alpha-beta T cell",3,mature alpha-beta T cell
CTTTAGACTCATTC-1,"CD8-positive, alpha-beta T cell","CD8-positive, alpha-beta T cell",fibroblast,"CD8-positive, alpha-beta T cell","CD8-positive, alpha-beta T cell",thymocyte,"CD8-positive, alpha-beta T cell",4,"CD8-positive, alpha-beta T cell",4,"CD8-positive, alpha-beta T cell"
CTTTAGTGACGGGA-1,"CD8-positive, alpha-beta T cell",natural killer cell,natural killer cell,mature NK T cell,natural killer cell,natural killer cell,natural killer cell,4,natural killer cell,4,natural killer cell
CTTTAGTGGGTGGA-1,"CD4-positive, alpha-beta T cell","CD4-positive, alpha-beta thymocyte",innate lymphoid cell,innate lymphoid cell,innate lymphoid cell,innate lymphoid cell,innate lymphoid cell,4,innate lymphoid cell,4,innate lymphoid cell
CTTTCAGAGAAACA-1,"CD4-positive, alpha-beta T cell","naive thymus-derived CD4-positive, alpha-beta T cell","naive thymus-derived CD4-positive, alpha-beta T cell",B cell,"naive thymus-derived CD4-positive, alpha-beta T cell","naive thymus-derived CD4-positive, alpha-beta T cell","naive thymus-derived CD4-positive, alpha-beta T cell",4,"naive thymus-derived CD4-positive, alpha-beta T cell",4,"naive thymus-derived CD4-positive, alpha-beta T cell"
CTTTGATGAGCACT-1,"CD4-positive, alpha-beta T cell","CD4-positive, alpha-beta thymocyte",mature NK T cell,"naive thymus-derived CD4-positive, alpha-beta T cell","naive thymus-derived CD4-positive, alpha-beta T cell","naive thymus-derived CD4-positive, alpha-beta T cell","naive thymus-derived CD4-positive, alpha-beta T cell",3,"naive thymus-derived CD4-positive, alpha-beta T cell",3,"CD4-positive, alpha-beta T cell"
CTTTGATGTCTAGG-1,"CD4-positive, alpha-beta T cell","CD4-positive, alpha-beta T cell","CD8-positive, alpha-beta thymocyte","CD8-positive, alpha-beta T cell",innate lymphoid cell,"CD8-positive, alpha-beta thymocyte","CD4-positive, alpha-beta T cell",2,"CD4-positive, alpha-beta T cell",2,alpha-beta T cell
CTTTGATGTGTCCC-1,"CD4-positive, alpha-beta T cell","CD4-positive, alpha-beta T cell","CD4-positive, alpha-beta T cell","CD4-positive, alpha-beta T cell","CD4-positive, alpha-beta T cell","CD4-positive, alpha-beta T cell","CD4-positive, alpha-beta T cell",6,"CD4-positive, alpha-beta T cell",6,"CD4-positive, alpha-beta T cell"
CTTTGATGTGTGGT-1,"CD4-positive, alpha-beta T cell","CD4-positive, alpha-beta thymocyte","naive thymus-derived CD4-positive, alpha-beta T cell","CD4-positive, alpha-beta T cell","naive thymus-derived CD4-positive, alpha-beta T cell",innate lymphoid cell,"CD4-positive, alpha-beta T cell",3,"CD4-positive, alpha-beta T cell",2,"CD4-positive, alpha-beta T cell"
GAAACAGAACTACG-1,"CD4-positive, alpha-beta T cell","CD4-positive, alpha-beta T cell",T cell,T cell,"CD4-positive, alpha-beta T cell","CD8-positive, alpha-beta thymocyte","CD4-positive, alpha-beta T cell",3,"CD4-positive, alpha-beta T cell",3,alpha-beta T cell
GAAACAGAATCACG-1,"CD4-positive, alpha-beta T cell","CD4-positive, alpha-beta T cell",thymocyte,innate lymphoid cell,"CD4-positive, alpha-beta T cell",thymocyte,"CD4-positive, alpha-beta T cell",3,"CD4-positive, alpha-beta T cell",3,T cell
GAAACAGACATTCT-1,"CD4-positive, alpha-beta T cell","naive thymus-derived CD4-positive, alpha-beta T cell",plasma cell,"naive thymus-derived CD4-positive, alpha-beta T cell","naive thymus-derived CD4-positive, alpha-beta T cell","naive thymus-derived CD4-positive, alpha-beta T cell","naive thymus-derived CD4-positive, alpha-beta T cell",4,"naive thymus-derived CD4-positive, alpha-beta T cell",4,"naive thymus-derived CD4-positive, alpha-beta T cell"
GAAACCTGATCGTG-1,"CD4-positive, alpha-beta T cell","CD4-positive, alpha-beta T cell","naive thymus-derived CD8-positive, alpha-beta T cell","CD4-positive, alpha-beta thymocyte","naive thymus-derived CD4-positive, alpha-beta T cell","naive thymus-derived CD4-positive, alpha-beta T cell","CD4-positive, alpha-beta T cell",3,"CD4-positive, alpha-beta T cell",2,"CD4-positive, alpha-beta T cell"
GAAACCTGATGCCA-1,"CD4-positive, alpha-beta T cell","CD4-positive, alpha-beta T cell","CD4-positive, alpha-beta T cell","CD4-positive, alpha-beta T cell","CD4-positive, alpha-beta T cell","naive thymus-derived CD4-positive, alpha-beta T cell","CD4-positive, alpha-beta T cell",5,"CD4-positive, alpha-beta T cell",5,"CD4-positive, alpha-beta T cell"
GAAACCTGCTTATC-1,"CD4-positive, alpha-beta T cell","CD4-positive, alpha-beta T cell","naive thymus-derived CD4-positive, alpha-beta T cell","naive thymus-derived CD4-positive, alpha-beta T cell","naive thymus-derived CD4-positive, alpha-beta T cell","naive thymus-derived CD4-positive, alpha-beta T cell","naive thymus-derived CD4-positive, alpha-beta T cell",4,"naive thymus-derived CD4-positive, alpha-beta T cell",4,"naive thymus-derived CD4-positive, alpha-beta T cell"
GAAACCTGGACTAC-1,monocyte,non-classical monocyte,non-classical monocyte,non-classical monocyte,non-classical monocyte,non-classical monocyte,non-classical monocyte,5,non-classical monocyte,5,non-classical monocyte
GAAACCTGTGCTAG-1,"CD4-positive, alpha-beta T cell","CD4-positive, alpha-beta thymocyte",serous cell of epithelium of trachea,"CD4-positive, alpha-beta T cell","naive thymus-derived CD4-positive, alpha-beta T cell","naive thymus-derived CD4-positive, alpha-beta T cell","CD4-positive, alpha-beta T cell",3,"CD4-positive, alpha-beta T cell",2,"CD4-positive, alpha-beta T cell"
GAAAGATGATTTCC-1,"CD4-positive, alpha-beta T cell","CD4-positive, alpha-beta T cell","CD4-positive, alpha-beta T cell","CD4-positive, alpha-beta T cell","CD4-positive, alpha-beta T cell","CD4-positive, alpha-beta T cell","CD4-positive, alpha-beta T cell",6,"CD4-positive, alpha-beta T cell",6,"CD4-positive, alpha-beta T cell"
GAAAGATGCTGATG-1,macrophage,non-classical monocyte,non-classical monocyte,non-classical monocyte,non-classical monocyte,non-classical monocyte,non-classical monocyte,5,non-classical monocyte,5,non-classical monocyte
GAAAGATGCTTCGC-1,classical monocyte,myeloid dendritic cell,monocyte,classical monocyte,myeloid dendritic cell,monocyte,classical monocyte,2,classical monocyte,2,monocyte
GAAAGATGTAAGGA-1,"CD4-positive, alpha-beta T cell",B cell,innate lymphoid cell,"CD4-positive, alpha-beta T cell",innate lymphoid cell,innate lymphoid cell,innate lymphoid cell,3,innate lymphoid cell,3,lymphocyte
GAAAGCCTACGTTG-1,B cell,B cell,B cell,B cell,B cell,B cell,B cell,6,B cell,6,B cell
GAAAGTGAAAGTGA-1,monocyte,myeloid dendritic cell,myeloid dendritic cell,myeloid dendritic cell,myeloid dendritic cell,myeloid dendritic cell,myeloid dendritic cell,5,myeloid dendritic cell,5,conventional dendritic cell
GAAAGTGACCACAA-1,macrophage,myeloid dendritic cell,mature NK T cell,monocyte,myeloid dendritic cell,myeloid dendritic cell,myeloid dendritic cell,3,myeloid dendritic cell,3,professional antigen presenting cell
GAAAGTGACTCAAG-1,"CD4-positive, alpha-beta T cell","CD4-positive, alpha-beta thymocyte","naive thymus-derived CD4-positive, alpha-beta T cell","CD4-positive, alpha-beta T cell","naive thymus-derived CD4-positive, alpha-beta T cell","naive thymus-derived CD4-positive, alpha-beta T cell","CD4-positive, alpha-beta T cell",3,"naive thymus-derived CD4-positive, alpha-beta T cell",3,"CD4-positive, alpha-beta T cell"
GAAATACTACCAAC-1,classical monocyte,myeloid dendritic cell,myeloid dendritic cell,myeloid dendritic cell,myeloid dendritic cell,myeloid dendritic cell,myeloid dendritic cell,5,myeloid dendritic cell,5,conventional dendritic cell
GAAATACTCTTAGG-1,B cell,B cell,B cell,B cell,B cell,B cell,B cell,6,B cell,6,B cell
GAAATACTTCCTCG-1,"CD4-positive, alpha-beta T cell","CD4-positive, alpha-beta T cell","CD8-positive, alpha-beta T cell",regulatory T cell,"naive thymus-derived CD4-positive, alpha-beta T cell","naive thymus-derived CD4-positive, alpha-beta T cell","CD4-positive, alpha-beta T cell",3,"CD4-positive, alpha-beta T cell",2,"CD4-positive, alpha-beta T cell"
GAACACACGTGCAT-1,macrophage,myeloid dendritic cell,basophil,granulocyte,myeloid dendritic cell,classical monocyte,myeloid dendritic cell,2,myeloid dendritic cell,2,myeloid leukocyte
GAACACACTGCCTC-1,"CD4-positive, alpha-beta T cell","CD4-positive, alpha-beta T cell",innate lymphoid cell,"naive thymus-derived CD4-positive, alpha-beta T cell",innate lymphoid cell,innate lymphoid cell,innate lymphoid cell,3,innate lymphoid cell,3,lymphocyte
GAACAGCTAACTGC-1,monocyte,myeloid dendritic cell,non-classical monocyte,myeloid dendritic cell,non-classical monocyte,non-classical monocyte,non-classical monocyte,3,non-classical monocyte,3,monocyte
GAACAGCTCTCAGA-1,macrophage,non-classical monocyte,non-classical monocyte,non-classical monocyte,non-classical monocyte,non-classical monocyte,non-classical monocyte,5,non-classical monocyte,5,non-classical monocyte
GAACCAACCACAAC-1,"CD4-positive, alpha-beta T cell","CD8-positive, alpha-beta thymocyte",myeloid dendritic cell,innate lymphoid cell,"CD8-positive, alpha-beta T cell",myeloid dendritic cell,myeloid dendritic cell,2,myeloid dendritic cell,2,lymphocyte
GAACCAACTTCCGC-1,natural killer cell,natural killer cell,natural killer cell,natural killer cell,natural killer cell,natural killer cell,natural killer cell,6,natural killer cell,6,natural killer cell
GAACCTGAACGTGT-1,"CD8-positive, alpha-beta T cell","CD8-positive, alpha-beta T cell","CD8-positive, alpha-beta T cell","CD4-positive, alpha-beta T cell","CD8-positive, alpha-beta T cell","CD8-positive, alpha-beta T cell","CD8-positive, alpha-beta T cell",5,"CD8-positive, alpha-beta T cell",5,"CD8-positive, alpha-beta T cell"
GAACCTGAGAGACG-1,"CD4-positive, alpha-beta T cell","CD4-positive, alpha-beta T cell",innate lymphoid cell,"naive thymus-derived CD4-positive, alpha-beta T cell","naive thymus-derived CD4-positive, alpha-beta T cell",innate lymphoid cell,"CD4-positive, alpha-beta T cell",3,"CD4-positive, alpha-beta T cell",2,"CD4-positive, alpha-beta T cell"
GAACCTGATGAACC-1,"CD4-positive, alpha-beta T cell","naive thymus-derived CD4-positive, alpha-beta T cell","CD8-positive, alpha-beta T cell","CD4-positive, alpha-beta T cell","naive thymus-derived CD4-positive, alpha-beta T cell","CD4-positive, alpha-beta T cell","CD4-positive, alpha-beta T cell",4,"CD4-positive, alpha-beta T cell",3,"CD4-positive, alpha-beta T cell"
GAACGGGATACTTC-1,"CD4-positive, alpha-beta T cell","naive thymus-derived CD4-positive, alpha-beta T cell",thymocyte,"CD4-positive, alpha-beta T cell","naive thymus-derived CD4-positive, alpha-beta T cell",innate lymphoid cell,"CD4-positive, alpha-beta T cell",3,"CD4-positive, alpha-beta T cell",2,"CD4-positive, alpha-beta T cell"
GAACTGTGACCTGA-1,intermediate monocyte,non-classical monocyte,non-classical monocyte,non-classical monocyte,non-classical monocyte,non-classical monocyte,non-classical monocyte,5,non-classical monocyte,5,non-classical monocyte
GAACTGTGCCAGTA-1,classical monocyte,monocyte,monocyte,monocyte,monocyte,monocyte,monocyte,5,monocyte,5,monocyte
GAAGAATGCAATCG-1,"CD4-positive, alpha-beta T cell","CD4-positive, alpha-beta T cell","naive thymus-derived CD8-positive, alpha-beta T cell","CD8-positive, alpha-beta thymocyte","CD8-positive, alpha-beta thymocyte","CD8-positive, alpha-beta thymocyte","CD8-positive, alpha-beta thymocyte",3,"CD8-positive, alpha-beta thymocyte",3,alpha-beta T cell
GAAGCGGACCTATT-1,macrophage,myeloid dendritic cell,intermediate monocyte,myeloid dendritic cell,myeloid dendritic cell,intermediate monocyte,myeloid dendritic cell,3,myeloid dendritic cell,3,professional antigen presenting cell
GAAGCTACGAATGA-1,macrophage,myeloid dendritic cell,"CD4-positive, alpha-beta T cell",mononuclear phagocyte,non-classical monocyte,monocyte,mononuclear phagocyte,2,"CD4-positive, alpha-beta T cell",1,mononuclear phagocyte
GAAGCTACGGTTTG-1,"CD4-positive, alpha-beta T cell","CD4-positive, alpha-beta T cell","CD4-positive, alpha-beta T cell","CD4-positive, alpha-beta T cell","naive thymus-derived CD4-positive, alpha-beta T cell","CD4-positive, alpha-beta T cell","CD4-positive, alpha-beta T cell",6,"CD4-positive, alpha-beta T cell",5,"CD4-positive, alpha-beta T cell"
GAAGGGTGAAAGTG-1,"CD4-positive, alpha-beta T cell","CD4-positive, alpha-beta T cell","CD4-positive, alpha-beta T cell",innate lymphoid cell,innate lymphoid cell,"CD4-positive, alpha-beta T cell","CD4-positive, alpha-beta T cell",4,"CD4-positive, alpha-beta T cell",4,"CD4-positive, alpha-beta T cell"
GAAGGGTGCTTAGG-1,classical monocyte,monocyte,classical monocyte,myeloid dendritic cell,classical monocyte,classical monocyte,classical monocyte,4,classical monocyte,4,classical monocyte
GAAGGTCTGAAAGT-1,"CD4-positive, alpha-beta T cell","CD4-positive, alpha-beta T cell","CD4-positive, alpha-beta T cell","CD4-positive, alpha-beta T cell","naive thymus-derived CD4-positive, alpha-beta T cell","CD4-positive, alpha-beta T cell","CD4-positive, alpha-beta T cell",6,"CD4-positive, alpha-beta T cell",5,"CD4-positive, alpha-beta T cell"
GAAGGTCTGTTGCA-1,"CD4-positive, alpha-beta T cell","CD4-positive, alpha-beta T cell","CD8-positive, alpha-beta thymocyte","CD4-positive, alpha-beta T cell","CD8-positive, alpha-beta thymocyte","naive thymus-derived CD4-positive, alpha-beta T cell","CD4-positive, alpha-beta T cell",3,"CD4-positive, alpha-beta T cell",3,"CD4-positive, alpha-beta T cell"
GAAGGTCTTAAAGG-1,monocyte,myeloid dendritic cell,myeloid dendritic cell,myeloid dendritic cell,myeloid dendritic cell,myeloid dendritic cell,myeloid dendritic cell,5,myeloid dendritic cell,5,conventional dendritic cell
GAAGTAGACTCCCA-1,"CD8-positive, alpha-beta T cell","CD8-positive, alpha-beta T cell",mature NK T cell,"CD8-positive, alpha-beta T cell","CD8-positive, alpha-beta T cell","CD8-positive, alpha-beta T cell","CD8-positive, alpha-beta T cell",5,"CD8-positive, alpha-beta T cell",5,"CD8-positive, alpha-beta T cell"
GAAGTAGATCCAAG-1,macrophage,non-classical monocyte,non-classical monocyte,non-classical monocyte,non-classical monocyte,non-classical monocyte,non-classical monocyte,5,non-classical monocyte,5,non-classical monocyte
GAAGTCACCCTCGT-1,monocyte,monocyte,monocyte,mononuclear phagocyte,monocyte,monocyte,monocyte,5,monocyte,5,monocyte
GAAGTCACCCTGTC-1,B cell,B cell,B cell,B cell,B cell,B cell,B cell,6,B cell,6,B cell
GAAGTCTGTCGCAA-1,B cell,B cell,B cell,B cell,B cell,B cell,B cell,6,B cell,6,B cell
GAAGTCTGTTCTGT-1,"CD4-positive, alpha-beta T cell","CD4-positive, alpha-beta T cell","CD8-positive, alpha-beta thymocyte",innate lymphoid cell,innate lymphoid cell,innate lymphoid cell,innate lymphoid cell,3,innate lymphoid cell,3,lymphocyte
GAAGTGCTAAACGA-1,natural killer cell,natural killer cell,natural killer cell,natural killer cell,natural killer cell,natural killer cell,natural killer cell,6,natural killer cell,6,natural killer cell
GAAGTGCTCCGCTT-1,classical monocyte,monocyte,monocyte,myeloid dendritic cell,monocyte,monocyte,monocyte,4,monocyte,4,monocyte
GAAGTGCTTAACCG-1,"CD4-positive, alpha-beta T cell",regulatory T cell,regulatory T cell,regulatory T cell,regulatory T cell,regulatory T cell,regulatory T cell,5,regulatory T cell,5,regulatory T cell
GAATGCACCCTAAG-1,"CD4-positive, alpha-beta T cell",regulatory T cell,"naive thymus-derived CD4-positive, alpha-beta T cell","naive thymus-derived CD4-positive, alpha-beta T cell","naive thymus-derived CD4-positive, alpha-beta T cell","naive thymus-derived CD4-positive, alpha-beta T cell","naive thymus-derived CD4-positive, alpha-beta T cell",4,"naive thymus-derived CD4-positive, alpha-beta T cell",4,"naive thymus-derived CD4-positive, alpha-beta T cell"
GAATGCACCTTCGC-1,"CD8-positive, alpha-beta T cell",natural killer cell,natural killer cell,natural killer cell,natural killer cell,natural killer cell,natural killer cell,5,natural killer cell,5,natural killer cell
GAATGCTGCGGTAT-1,"CD4-positive, alpha-beta T cell","CD4-positive, alpha-beta thymocyte","CD8-positive, alpha-beta thymocyte","CD8-positive, alpha-beta T cell",innate lymphoid cell,"CD8-positive, alpha-beta thymocyte","CD8-positive, alpha-beta thymocyte",2,"CD8-positive, alpha-beta thymocyte",2,alpha-beta T cell
GAATTAACGATAAG-1,"CD4-positive, alpha-beta T cell","CD4-positive, alpha-beta thymocyte","CD8-positive, alpha-beta thymocyte","CD8-positive, alpha-beta thymocyte","CD8-positive, alpha-beta thymocyte",innate lymphoid cell,"CD8-positive, alpha-beta thymocyte",3,"CD8-positive, alpha-beta thymocyte",3,immature alpha-beta T cell
GAATTAACGGTCAT-1,"CD4-positive, alpha-beta T cell","CD4-positive, alpha-beta T cell","CD4-positive, alpha-beta T cell","CD4-positive, alpha-beta T cell","naive thymus-derived CD4-positive, alpha-beta T cell","CD4-positive, alpha-beta T cell","CD4-positive, alpha-beta T cell",6,"CD4-positive, alpha-beta T cell",5,"CD4-positive, alpha-beta T cell"
GAATTAACGTCGTA-1,natural killer cell,natural killer cell,serous cell of epithelium of trachea,natural killer cell,natural killer cell,natural killer cell,natural killer cell,5,natural killer cell,5,natural killer cell
GAATTAACTGAAGA-1,B cell,B cell,B cell,B cell,B cell,B cell,B cell,6,B cell,6,B cell
GACAACACAGGCGA-1,"CD4-positive, alpha-beta T cell","CD4-positive, alpha-beta thymocyte","naive thymus-derived CD4-positive, alpha-beta T cell","naive thymus-derived CD4-positive, alpha-beta T cell","naive thymus-derived CD4-positive, alpha-beta T cell","naive thymus-derived CD4-positive, alpha-beta T cell","naive thymus-derived CD4-positive, alpha-beta T cell",4,"naive thymus-derived CD4-positive, alpha-beta T cell",4,"naive thymus-derived CD4-positive, alpha-beta T cell"
GACAACACATCGTG-1,"CD4-positive, alpha-beta T cell","CD4-positive, alpha-beta thymocyte",plasma cell,T cell,"naive thymus-derived CD4-positive, alpha-beta T cell",innate lymphoid cell,"CD4-positive, alpha-beta T cell",2,"CD4-positive, alpha-beta T cell",1,T cell
GACAACACTCGCCT-1,"CD8-positive, alpha-beta T cell","CD8-positive, alpha-beta T cell","CD8-positive, alpha-beta T cell","CD8-positive, alpha-beta thymocyte","CD8-positive, alpha-beta T cell","CD8-positive, alpha-beta T cell","CD8-positive, alpha-beta T cell",5,"CD8-positive, alpha-beta T cell",5,"CD8-positive, alpha-beta T cell"
GACAACTGAGGTTC-1,"naive thymus-derived CD4-positive, alpha-beta T cell","CD4-positive, alpha-beta T cell","naive thymus-derived CD4-positive, alpha-beta T cell","naive thymus-derived CD4-positive, alpha-beta T cell",innate lymphoid cell,"CD8-positive, alpha-beta T cell","naive thymus-derived CD4-positive, alpha-beta T cell",3,"naive thymus-derived CD4-positive, alpha-beta T cell",3,"CD4-positive, alpha-beta T cell"
GACAGGGAAGAGTA-1,B cell,B cell,B cell,B cell,B cell,B cell,B cell,6,B cell,6,B cell
GACAGGGAATGCCA-1,"CD4-positive, alpha-beta T cell","CD4-positive, alpha-beta T cell",stromal cell,"CD4-positive, alpha-beta T cell",innate lymphoid cell,"naive thymus-derived CD4-positive, alpha-beta T cell","CD4-positive, alpha-beta T cell",3,"CD4-positive, alpha-beta T cell",3,"CD4-positive, alpha-beta T cell"
GACAGTACGAGCTT-1,macrophage,myeloid dendritic cell,non-classical monocyte,non-classical monocyte,non-classical monocyte,non-classical monocyte,non-classical monocyte,4,non-classical monocyte,4,non-classical monocyte
GACAGTACTTCGGA-1,macrophage,non-classical monocyte,regulatory T cell,non-classical monocyte,non-classical monocyte,non-classical monocyte,non-classical monocyte,4,non-classical monocyte,4,non-classical monocyte
GACAGTTGAGTAGA-1,B cell,B cell,B cell,B cell,B cell,B cell,B cell,6,B cell,6,B cell
GACATTCTCCACCT-1,monocyte,myeloid dendritic cell,myeloid dendritic cell,myeloid dendritic cell,myeloid dendritic cell,myeloid dendritic cell,myeloid dendritic cell,5,myeloid dendritic cell,5,conventional dendritic cell
GACCAAACGACTAC-1,macrophage,myeloid dendritic cell,serous cell of epithelium of trachea,monocyte,myeloid dendritic cell,myeloid cell,myeloid dendritic cell,2,myeloid dendritic cell,2,myeloid leukocyte
GACCAAACGTATCG-1,macrophage,myeloid dendritic cell,monocyte,classical monocyte,myeloid dendritic cell,monocyte,myeloid dendritic cell,2,monocyte,2,myeloid leukocyte
GACCCTACTAAAGG-1,B cell,B cell,B cell,B cell,B cell,B cell,B cell,6,B cell,6,B cell
GACCTAGACCTCAC-1,"CD4-positive, alpha-beta T cell","CD4-positive, alpha-beta T cell","CD8-positive, alpha-beta thymocyte",innate lymphoid cell,innate lymphoid cell,"CD8-positive, alpha-beta T cell","CD4-positive, alpha-beta T cell",2,"CD4-positive, alpha-beta T cell",2,alpha-beta T cell
GACCTAGACGAGAG-1,"CD4-positive, alpha-beta T cell","CD4-positive, alpha-beta thymocyte","CD4-positive, alpha-beta T cell","CD4-positive, alpha-beta T cell","CD4-positive, alpha-beta T cell","CD4-positive, alpha-beta T cell","CD4-positive, alpha-beta T cell",5,"CD4-positive, alpha-beta T cell",5,"CD4-positive, alpha-beta T cell"
GACCTCACAAGGTA-1,"CD4-positive, alpha-beta T cell","naive thymus-derived CD4-positive, alpha-beta T cell",innate lymphoid cell,"CD4-positive, alpha-beta T cell",innate lymphoid cell,innate lymphoid cell,innate lymphoid cell,3,innate lymphoid cell,3,lymphocyte
GACCTCACGTACGT-1,macrophage,myeloid dendritic cell,basophil,monocyte,myeloid dendritic cell,monocyte,myeloid dendritic cell,2,monocyte,2,myeloid leukocyte
GACCTCTGCATCAG-1,"CD4-positive, alpha-beta T cell","CD8-positive, alpha-beta T cell","CD8-positive, alpha-beta thymocyte","CD8-positive, alpha-beta T cell","CD8-positive, alpha-beta T cell","CD8-positive, alpha-beta thymocyte","CD8-positive, alpha-beta T cell",3,"CD8-positive, alpha-beta T cell",3,mature alpha-beta T cell
GACGAACTCCCACT-1,"CD4-positive, alpha-beta T cell","naive thymus-derived CD4-positive, alpha-beta T cell",stromal cell,"CD4-positive, alpha-beta T cell","naive thymus-derived CD4-positive, alpha-beta T cell","CD4-positive, alpha-beta T cell","CD4-positive, alpha-beta T cell",4,"CD4-positive, alpha-beta T cell",3,"CD4-positive, alpha-beta T cell"
GACGATTGCCAATG-1,macrophage,B cell,B cell,B cell,B cell,B cell,B cell,5,B cell,5,B cell
GACGCCGACCTTCG-1,"CD4-positive, alpha-beta T cell","CD4-positive, alpha-beta T cell",T follicular helper cell,"CD8-positive, alpha-beta T cell","naive thymus-derived CD4-positive, alpha-beta T cell","CD8-positive, alpha-beta thymocyte","CD4-positive, alpha-beta T cell",3,"CD4-positive, alpha-beta T cell",2,"CD4-positive, alpha-beta T cell"
GACGCTCTCTCTCG-1,platelet,platelet,platelet,platelet,platelet,platelet,platelet,6,platelet,6,serotonin secreting cell
GACGGCACACGGGA-1,natural killer cell,natural killer cell,natural killer cell,natural killer cell,natural killer cell,natural killer cell,natural killer cell,6,natural killer cell,6,natural killer cell
GACGGCACGAGATA-1,macrophage,monocyte,monocyte,monocyte,myeloid dendritic cell,monocyte,monocyte,4,monocyte,4,monocyte
GACGTAACCTATGG-1,"CD4-positive, alpha-beta T cell","CD4-positive, alpha-beta thymocyte",innate lymphoid cell,"CD4-positive, alpha-beta T cell",innate lymphoid cell,innate lymphoid cell,innate lymphoid cell,3,innate lymphoid cell,3,lymphocyte
GACGTAACCTGTGA-1,"CD4-positive, alpha-beta T cell","CD4-positive, alpha-beta T cell","CD4-positive, alpha-beta T cell","naive thymus-derived CD4-positive, alpha-beta T cell","naive thymus-derived CD4-positive, alpha-beta T cell","CD4-positive, alpha-beta T cell","CD4-positive, alpha-beta T cell",5,"CD4-positive, alpha-beta T cell",4,"CD4-positive, alpha-beta T cell"
GACGTAACTATGGC-1,"CD4-positive, alpha-beta T cell","CD4-positive, alpha-beta T cell","naive thymus-derived CD4-positive, alpha-beta T cell",T cell,"CD4-positive, alpha-beta T cell","naive thymus-derived CD4-positive, alpha-beta T cell","CD4-positive, alpha-beta T cell",3,"CD4-positive, alpha-beta T cell",3,"CD4-positive, alpha-beta T cell"
GACGTATGTTGACG-1,"CD4-positive, alpha-beta T cell","CD4-positive, alpha-beta T cell",myeloid dendritic cell,innate lymphoid cell,innate lymphoid cell,innate lymphoid cell,innate lymphoid cell,3,innate lymphoid cell,3,lymphocyte
GACGTATGTTTGCT-1,"CD4-positive, alpha-beta T cell","CD4-positive, alpha-beta T cell","naive thymus-derived CD8-positive, alpha-beta T cell","CD8-positive, alpha-beta thymocyte","CD8-positive, alpha-beta T cell","CD8-positive, alpha-beta T cell","CD4-positive, alpha-beta T cell",2,"CD4-positive, alpha-beta T cell",2,mature alpha-beta T cell
GACGTCCTACGGAG-1,"CD4-positive, alpha-beta T cell","CD4-positive, alpha-beta T cell",thymocyte,"CD4-positive, alpha-beta T cell","CD4-positive, alpha-beta T cell","CD4-positive, alpha-beta T cell","CD4-positive, alpha-beta T cell",5,"CD4-positive, alpha-beta T cell",5,"CD4-positive, alpha-beta T cell"
GACGTCCTCTCAAG-1,classical monocyte,myeloid dendritic cell,myeloid leukocyte,monocyte,monocyte,myeloid leukocyte,myeloid leukocyte,3,monocyte,2,myeloid leukocyte
GACGTCCTGATAAG-1,B cell,B cell,stromal cell,B cell,B cell,B cell,B cell,5,B cell,5,B cell
GACTACGATGGTCA-1,B cell,B cell,B cell,B cell,B cell,B cell,B cell,6,B cell,6,B cell
GACTCCTGCTCGCT-1,"CD4-positive, alpha-beta T cell","CD4-positive, alpha-beta T cell","CD4-positive, alpha-beta T cell",innate lymphoid cell,"CD4-positive, alpha-beta T cell","CD4-positive, alpha-beta T cell","CD4-positive, alpha-beta T cell",5,"CD4-positive, alpha-beta T cell",5,"CD4-positive, alpha-beta T cell"
GACTCCTGGGTTAC-1,"CD4-positive, alpha-beta T cell","naive thymus-derived CD4-positive, alpha-beta T cell","CD8-positive, alpha-beta T cell","CD4-positive, alpha-beta T cell","naive thymus-derived CD4-positive, alpha-beta T cell","CD8-positive, alpha-beta T cell","CD4-positive, alpha-beta T cell",3,"CD4-positive, alpha-beta T cell",2,"CD4-positive, alpha-beta T cell"
GACTCCTGTTATCC-1,"CD4-positive, alpha-beta T cell","CD4-positive, alpha-beta T cell","CD4-positive, alpha-beta T cell","CD4-positive, alpha-beta T cell","CD8-positive, alpha-beta T cell","CD4-positive, alpha-beta T cell","CD4-positive, alpha-beta T cell",5,"CD4-positive, alpha-beta T cell",5,"CD4-positive, alpha-beta T cell"
GACTCCTGTTGGTG-1,classical monocyte,monocyte,monocyte,monocyte,myeloid dendritic cell,monocyte,monocyte,4,monocyte,4,monocyte
GACTGAACCAATCG-1,monocyte,monocyte,monocyte,monocyte,monocyte,monocyte,monocyte,6,monocyte,6,monocyte
GACTGATGTGATGC-1,"CD4-positive, alpha-beta T cell","naive thymus-derived CD4-positive, alpha-beta T cell",monocyte,"CD4-positive, alpha-beta T cell","naive thymus-derived CD8-positive, alpha-beta T cell","naive thymus-derived CD8-positive, alpha-beta T cell","CD4-positive, alpha-beta T cell",2,"CD4-positive, alpha-beta T cell",2,mature alpha-beta T cell
GACTTTACATGCCA-1,"CD4-positive, alpha-beta T cell","CD4-positive, alpha-beta thymocyte","CD8-positive, alpha-beta thymocyte","CD4-positive, alpha-beta T cell","naive thymus-derived CD4-positive, alpha-beta T cell","naive thymus-derived CD4-positive, alpha-beta T cell","CD4-positive, alpha-beta T cell",3,"CD4-positive, alpha-beta T cell",2,"CD4-positive, alpha-beta T cell"
GACTTTACGACAGG-1,B cell,B cell,B cell,B cell,B cell,B cell,B cell,6,B cell,6,B cell
GAGAAATGTTCTCA-1,B cell,B cell,B cell,B cell,B cell,B cell,B cell,6,B cell,6,B cell
GAGATAGAAAAAGC-1,macrophage,myeloid dendritic cell,basophil,monocyte,classical monocyte,classical monocyte,classical monocyte,2,classical monocyte,2,myeloid leukocyte
GAGATCACGACAAA-1,intermediate monocyte,non-classical monocyte,non-classical monocyte,non-classical monocyte,non-classical monocyte,non-classical monocyte,non-classical monocyte,5,non-classical monocyte,5,non-classical monocyte
GAGATGCTCTGGAT-1,"CD8-positive, alpha-beta T cell","CD8-positive, alpha-beta T cell","CD8-positive, alpha-beta T cell","CD8-positive, alpha-beta T cell","CD8-positive, alpha-beta T cell","CD8-positive, alpha-beta T cell","CD8-positive, alpha-beta T cell",6,"CD8-positive, alpha-beta T cell",6,"CD8-positive, alpha-beta T cell"
GAGATGCTGAATGA-1,"CD4-positive, alpha-beta T cell","CD4-positive, alpha-beta T cell","naive thymus-derived CD4-positive, alpha-beta T cell","naive thymus-derived CD4-positive, alpha-beta T cell","naive thymus-derived CD4-positive, alpha-beta T cell","naive thymus-derived CD4-positive, alpha-beta T cell","naive thymus-derived CD4-positive, alpha-beta T cell",4,"naive thymus-derived CD4-positive, alpha-beta T cell",4,"naive thymus-derived CD4-positive, alpha-beta T cell"
GAGCAGGATTCCCG-1,"CD8-positive, alpha-beta T cell","CD8-positive, alpha-beta T cell",thymocyte,"CD8-positive, alpha-beta T cell","CD8-positive, alpha-beta T cell","CD8-positive, alpha-beta T cell","CD8-positive, alpha-beta T cell",5,"CD8-positive, alpha-beta T cell",5,"CD8-positive, alpha-beta T cell"
GAGCGCACGCGTAT-1,monocyte,classical monocyte,monocyte,monocyte,monocyte,monocyte,monocyte,5,monocyte,5,monocyte
GAGCGCACGGTGAG-1,"CD4-positive, alpha-beta T cell","CD8-positive, alpha-beta T cell","CD8-positive, alpha-beta thymocyte","CD8-positive, alpha-beta T cell",innate lymphoid cell,thymocyte,"CD8-positive, alpha-beta T cell",2,"CD8-positive, alpha-beta T cell",2,alpha-beta T cell
GAGCGCTGAAGATG-1,natural killer cell,natural killer cell,natural killer cell,natural killer cell,natural killer cell,natural killer cell,natural killer cell,6,natural killer cell,6,natural killer cell
GAGCGCTGTCTTAC-1,classical monocyte,monocyte,"CD4-positive, alpha-beta T cell",classical monocyte,monocyte,monocyte,monocyte,3,monocyte,3,monocyte
GAGCGGCTGGGAGT-1,B cell,B cell,B cell,B cell,B cell,B cell,B cell,6,B cell,6,B cell
GAGGACGACTCAGA-1,"CD4-positive, alpha-beta T cell","CD8-positive, alpha-beta T cell","CD8-positive, alpha-beta thymocyte","CD8-positive, alpha-beta T cell","CD8-positive, alpha-beta T cell","CD8-positive, alpha-beta thymocyte","CD8-positive, alpha-beta T cell",3,"CD8-positive, alpha-beta T cell",3,mature alpha-beta T cell
GAGGATCTGAAAGT-1,B cell,B cell,B cell,innate lymphoid cell,B cell,B cell,B cell,5,B cell,5,B cell
GAGGCAGACTTGCC-1,"CD8-positive, alpha-beta T cell","CD8-positive, alpha-beta T cell","CD8-positive, alpha-beta thymocyte",natural killer cell,"CD8-positive, alpha-beta T cell",natural killer cell,"CD8-positive, alpha-beta T cell",3,"CD8-positive, alpha-beta T cell",3,alpha-beta T cell
GAGGGAACACCAGT-1,"CD4-positive, alpha-beta T cell","CD4-positive, alpha-beta T cell","CD8-positive, alpha-beta T cell",T cell,"naive thymus-derived CD4-positive, alpha-beta T cell","CD8-positive, alpha-beta T cell","CD4-positive, alpha-beta T cell",3,"CD4-positive, alpha-beta T cell",2,mature alpha-beta T cell
GAGGGAACGAGGGT-1,"CD4-positive, alpha-beta T cell","CD4-positive, alpha-beta T cell",T follicular helper cell,"CD8-positive, alpha-beta T cell","CD4-positive, alpha-beta T cell","CD4-positive, alpha-beta T cell","CD4-positive, alpha-beta T cell",4,"CD4-positive, alpha-beta T cell",4,"CD4-positive, alpha-beta T cell"
GAGGGATGGGAAAT-1,"CD4-positive, alpha-beta T cell","CD4-positive, alpha-beta thymocyte",erythrocyte,monocyte,innate lymphoid cell,innate lymphoid cell,innate lymphoid cell,2,innate lymphoid cell,2,lymphocyte
GAGGGCCTTCACCC-1,"CD4-positive, alpha-beta T cell","CD4-positive, alpha-beta T cell","CD4-positive, alpha-beta T cell","CD4-positive, alpha-beta T cell","CD4-positive, alpha-beta T cell","CD4-positive, alpha-beta T cell","CD4-positive, alpha-beta T cell",6,"CD4-positive, alpha-beta T cell",6,"CD4-positive, alpha-beta T cell"
GAGGGTGAAGAGTA-1,"CD4-positive, alpha-beta T cell","naive thymus-derived CD4-positive, alpha-beta T cell",monocyte,"CD4-positive, alpha-beta T cell","naive thymus-derived CD4-positive, alpha-beta T cell","naive thymus-derived CD4-positive, alpha-beta T cell","CD4-positive, alpha-beta T cell",3,"naive thymus-derived CD4-positive, alpha-beta T cell",3,"CD4-positive, alpha-beta T cell"
GAGGTACTACGGTT-1,"CD4-positive, alpha-beta T cell","CD8-positive, alpha-beta thymocyte",thymocyte,"CD8-positive, alpha-beta T cell","CD8-positive, alpha-beta T cell",thymocyte,"CD8-positive, alpha-beta T cell",2,"CD8-positive, alpha-beta T cell",2,alpha-beta T cell
GAGGTACTACTCAG-1,classical monocyte,monocyte,basophil,monocyte,classical monocyte,monocyte,monocyte,4,monocyte,3,monocyte
GAGGTACTGGGAGT-1,"CD4-positive, alpha-beta T cell","CD4-positive, alpha-beta thymocyte",innate lymphoid cell,innate lymphoid cell,innate lymphoid cell,innate lymphoid cell,innate lymphoid cell,4,innate lymphoid cell,4,innate lymphoid cell
GAGGTACTTAGCGT-1,intermediate monocyte,myeloid dendritic cell,monocyte,monocyte,myeloid dendritic cell,classical monocyte,myeloid dendritic cell,2,monocyte,2,monocyte
GAGGTGGAGTACGT-1,"CD4-positive, alpha-beta T cell","CD4-positive, alpha-beta T cell",innate lymphoid cell,innate lymphoid cell,innate lymphoid cell,innate lymphoid cell,innate lymphoid cell,4,innate lymphoid cell,4,innate lymphoid cell
GAGGTGGATCCTCG-1,"CD8-positive, alpha-beta T cell",natural killer cell,"CD8-positive, alpha-beta thymocyte",natural killer cell,natural killer cell,"CD8-positive, alpha-beta thymocyte",natural killer cell,3,natural killer cell,3,lymphocyte
GAGGTTACTCGTTT-1,macrophage,myeloid dendritic cell,stromal cell,granulocyte,myeloid dendritic cell,classical monocyte,myeloid dendritic cell,2,myeloid dendritic cell,2,myeloid leukocyte
GAGGTTTGTAAGCC-1,macrophage,non-classical monocyte,erythrocyte,non-classical monocyte,monocyte,monocyte,non-classical monocyte,2,monocyte,2,monocyte
GAGTCAACCATTCT-1,"CD4-positive, alpha-beta T cell","CD4-positive, alpha-beta thymocyte","CD8-positive, alpha-beta thymocyte",innate lymphoid cell,"CD4-positive, alpha-beta T cell","CD4-positive, alpha-beta T cell","CD4-positive, alpha-beta T cell",3,"CD4-positive, alpha-beta T cell",3,alpha-beta T cell
GAGTCAACGGGAGT-1,"CD4-positive, alpha-beta T cell",B cell,"naive thymus-derived CD4-positive, alpha-beta T cell","CD4-positive, alpha-beta T cell","naive thymus-derived CD4-positive, alpha-beta T cell","CD4-positive, alpha-beta T cell","CD4-positive, alpha-beta T cell",4,"CD4-positive, alpha-beta T cell",3,"CD4-positive, alpha-beta T cell"
GAGTCTGATCGTGA-1,"CD4-positive, alpha-beta T cell","CD4-positive, alpha-beta T cell",thymocyte,"CD8-positive, alpha-beta T cell","CD8-positive, alpha-beta T cell",thymocyte,"CD4-positive, alpha-beta T cell",2,"CD4-positive, alpha-beta T cell",2,mature alpha-beta T cell
GAGTCTGATTTGGG-1,B cell,B cell,B cell,B cell,B cell,B cell,B cell,6,B cell,6,B cell
GAGTGACTCAGCTA-1,"CD4-positive, alpha-beta T cell",regulatory T cell,regulatory T cell,"CD4-positive, alpha-beta T cell","naive thymus-derived CD4-positive, alpha-beta T cell","naive thymus-derived CD4-positive, alpha-beta T cell","CD4-positive, alpha-beta T cell",3,"CD4-positive, alpha-beta T cell",2,"CD4-positive, alpha-beta T cell"
GAGTGACTCGGTAT-1,"CD8-positive, alpha-beta T cell","CD8-positive, alpha-beta T cell","CD8-positive, alpha-beta thymocyte","CD8-positive, alpha-beta T cell","CD8-positive, alpha-beta T cell","CD8-positive, alpha-beta thymocyte","CD8-positive, alpha-beta T cell",4,"CD8-positive, alpha-beta T cell",4,"CD8-positive, alpha-beta T cell"
GAGTGACTCTTGCC-1,B cell,B cell,B cell,B cell,B cell,B cell,B cell,6,B cell,6,B cell
GAGTGACTGACTAC-1,B cell,B cell,B cell,B cell,B cell,B cell,B cell,6,B cell,6,B cell
GAGTGACTGTCTAG-1,"CD4-positive, alpha-beta T cell","CD4-positive, alpha-beta thymocyte",innate lymphoid cell,"CD4-positive, alpha-beta T cell",innate lymphoid cell,innate lymphoid cell,innate lymphoid cell,3,innate lymphoid cell,3,lymphocyte
GAGTGGGAGTCTTT-1,B cell,B cell,B cell,plasma cell,B cell,B cell,B cell,5,B cell,5,B cell
GAGTGGGATGCCCT-1,"CD4-positive, alpha-beta T cell","naive thymus-derived CD8-positive, alpha-beta T cell",stromal cell,"CD8-positive, alpha-beta T cell","CD8-positive, alpha-beta T cell","CD8-positive, alpha-beta T cell","CD8-positive, alpha-beta T cell",3,"CD8-positive, alpha-beta T cell",3,"CD8-positive, alpha-beta T cell"
GAGTGGGATGCTGA-1,B cell,B cell,B cell,B cell,B cell,B cell,B cell,6,B cell,6,B cell
GAGTGTTGCTGTAG-1,"CD4-positive, alpha-beta T cell","CD4-positive, alpha-beta T cell","CD4-positive, alpha-beta T cell","naive thymus-derived CD4-positive, alpha-beta T cell","naive thymus-derived CD4-positive, alpha-beta T cell","CD4-positive, alpha-beta T cell","CD4-positive, alpha-beta T cell",5,"CD4-positive, alpha-beta T cell",4,"CD4-positive, alpha-beta T cell"
GAGTGTTGTGGTCA-1,"CD4-positive, alpha-beta T cell","CD4-positive, alpha-beta thymocyte","naive thymus-derived CD4-positive, alpha-beta T cell","CD4-positive, alpha-beta T cell","naive thymus-derived CD4-positive, alpha-beta T cell","CD4-positive, alpha-beta T cell","CD4-positive, alpha-beta T cell",4,"CD4-positive, alpha-beta T cell",3,"CD4-positive, alpha-beta T cell"
GAGTTGTGCATGGT-1,classical monocyte,monocyte,erythrocyte,myeloid dendritic cell,monocyte,monocyte,monocyte,3,monocyte,3,monocyte
GAGTTGTGCTGAGT-1,"CD8-positive, alpha-beta T cell","CD8-positive, alpha-beta T cell","CD8-positive, alpha-beta T cell","CD8-positive, alpha-beta T cell","CD8-positive, alpha-beta T cell","CD8-positive, alpha-beta T cell","CD8-positive, alpha-beta T cell",6,"CD8-positive, alpha-beta T cell",6,"CD8-positive, alpha-beta T cell"
GAGTTGTGGCGAGA-1,classical monocyte,monocyte,basophil,myeloid dendritic cell,myeloid dendritic cell,monocyte,myeloid dendritic cell,2,monocyte,2,myeloid leukocyte
GAGTTGTGGTAGCT-1,platelet,platelet,platelet,platelet,platelet,platelet,platelet,6,platelet,6,serotonin secreting cell
GAGTTGTGTATGCG-1,macrophage,non-classical monocyte,non-classical monocyte,non-classical monocyte,non-classical monocyte,non-classical monocyte,non-classical monocyte,5,non-classical monocyte,5,non-classical monocyte
GATAAGGAGAAACA-1,classical monocyte,monocyte,erythrocyte,neutrophil,classical monocyte,classical monocyte,classical monocyte,3,classical monocyte,3,monocyte
GATAAGGATTCACT-1,monocyte,monocyte,mature NK T cell,monocyte,classical monocyte,monocyte,monocyte,5,monocyte,4,monocyte
GATACTCTATCGGT-1,"CD4-positive, alpha-beta T cell","CD4-positive, alpha-beta T cell","CD4-positive, alpha-beta thymocyte",innate lymphoid cell,"naive thymus-derived CD4-positive, alpha-beta T cell","CD4-positive, alpha-beta thymocyte","CD4-positive, alpha-beta T cell",3,"CD4-positive, alpha-beta T cell",2,alpha-beta T cell
GATACTCTTACTTC-1,"CD4-positive, alpha-beta T cell","CD4-positive, alpha-beta T cell","CD8-positive, alpha-beta T cell","CD8-positive, alpha-beta T cell","CD8-positive, alpha-beta T cell","CD8-positive, alpha-beta T cell","CD8-positive, alpha-beta T cell",4,"CD8-positive, alpha-beta T cell",4,"CD8-positive, alpha-beta T cell"
GATACTCTTGACTG-1,classical monocyte,monocyte,basophil,monocyte,monocyte,monocyte,monocyte,4,monocyte,4,monocyte
GATAGAGAAGGGTG-1,"CD4-positive, alpha-beta T cell","CD8-positive, alpha-beta T cell",natural killer cell,"CD8-positive, alpha-beta T cell","CD8-positive, alpha-beta T cell","CD8-positive, alpha-beta T cell","CD8-positive, alpha-beta T cell",4,"CD8-positive, alpha-beta T cell",4,"CD8-positive, alpha-beta T cell"
GATAGAGACTGTGA-1,"CD4-positive, alpha-beta T cell","CD4-positive, alpha-beta T cell","naive thymus-derived CD4-positive, alpha-beta T cell","CD4-positive, alpha-beta T cell","naive thymus-derived CD4-positive, alpha-beta T cell","CD4-positive, alpha-beta T cell","CD4-positive, alpha-beta T cell",5,"CD4-positive, alpha-beta T cell",4,"CD4-positive, alpha-beta T cell"
GATAGAGATCACGA-1,classical monocyte,myeloid dendritic cell,intermediate monocyte,B cell,myeloid dendritic cell,myeloid dendritic cell,myeloid dendritic cell,3,myeloid dendritic cell,3,myeloid leukocyte
GATAGCACCCATAG-1,"naive thymus-derived CD4-positive, alpha-beta T cell","CD4-positive, alpha-beta T cell",innate lymphoid cell,"naive thymus-derived CD4-positive, alpha-beta T cell",innate lymphoid cell,innate lymphoid cell,innate lymphoid cell,3,innate lymphoid cell,3,lymphocyte
GATAGCACGAAGGC-1,macrophage,non-classical monocyte,non-classical monocyte,myeloid dendritic cell,non-classical monocyte,non-classical monocyte,non-classical monocyte,4,non-classical monocyte,4,non-classical monocyte
GATAGCACTTGTCT-1,"CD4-positive, alpha-beta T cell","CD4-positive, alpha-beta T cell","CD8-positive, alpha-beta T cell","CD8-positive, alpha-beta thymocyte","CD8-positive, alpha-beta T cell","CD8-positive, alpha-beta T cell","CD8-positive, alpha-beta T cell",3,"CD8-positive, alpha-beta T cell",3,mature alpha-beta T cell
GATATAACAAGGTA-1,"CD4-positive, alpha-beta T cell",innate lymphoid cell,stromal cell,"naive thymus-derived CD4-positive, alpha-beta T cell","naive thymus-derived CD4-positive, alpha-beta T cell","CD4-positive, alpha-beta thymocyte","CD4-positive, alpha-beta T cell",2,"naive thymus-derived CD4-positive, alpha-beta T cell",2,alpha-beta T cell
GATATAACACGCAT-1,"CD4-positive, alpha-beta T cell","CD4-positive, alpha-beta T cell",innate lymphoid cell,"CD4-positive, alpha-beta T cell",innate lymphoid cell,innate lymphoid cell,"CD4-positive, alpha-beta T cell",3,"CD4-positive, alpha-beta T cell",3,lymphocyte
GATATATGCTGGAT-1,"CD4-positive, alpha-beta T cell","naive thymus-derived CD4-positive, alpha-beta T cell","CD4-positive, alpha-beta T cell","CD4-positive, alpha-beta thymocyte","naive thymus-derived CD4-positive, alpha-beta T cell","CD4-positive, alpha-beta T cell","CD4-positive, alpha-beta T cell",4,"CD4-positive, alpha-beta T cell",3,"CD4-positive, alpha-beta T cell"
GATATATGTCCGTC-1,"CD8-positive, alpha-beta T cell","CD8-positive, alpha-beta T cell","naive thymus-derived CD8-positive, alpha-beta T cell","naive thymus-derived CD8-positive, alpha-beta T cell","naive thymus-derived CD8-positive, alpha-beta T cell","naive thymus-derived CD8-positive, alpha-beta T cell","naive thymus-derived CD8-positive, alpha-beta T cell",4,"naive thymus-derived CD8-positive, alpha-beta T cell",4,"naive thymus-derived CD8-positive, alpha-beta T cell"
GATATCCTAGAAGT-1,"CD4-positive, alpha-beta T cell","CD4-positive, alpha-beta T cell","CD8-positive, alpha-beta T cell","CD4-positive, alpha-beta thymocyte","naive thymus-derived CD4-positive, alpha-beta T cell","naive thymus-derived CD4-positive, alpha-beta T cell","CD4-positive, alpha-beta T cell",3,"CD4-positive, alpha-beta T cell",2,"CD4-positive, alpha-beta T cell"
GATATCCTCCCGTT-1,classical monocyte,monocyte,"CD4-positive, alpha-beta T cell",monocyte,myeloid dendritic cell,granulocyte,monocyte,2,monocyte,2,myeloid leukocyte
GATATTGACAGGAG-1,"CD4-positive, alpha-beta T cell","CD4-positive, alpha-beta T cell","CD4-positive, alpha-beta T cell","CD8-positive, alpha-beta T cell",innate lymphoid cell,"CD8-positive, alpha-beta thymocyte","CD4-positive, alpha-beta T cell",3,"CD4-positive, alpha-beta T cell",3,mature alpha-beta T cell
GATATTGACGAGTT-1,macrophage,non-classical monocyte,non-classical monocyte,non-classical monocyte,non-classical monocyte,non-classical monocyte,non-classical monocyte,5,non-classical monocyte,5,non-classical monocyte
GATATTGAGCCAAT-1,"CD4-positive, alpha-beta T cell","CD4-positive, alpha-beta thymocyte","naive thymus-derived CD4-positive, alpha-beta T cell","CD4-positive, alpha-beta T cell","naive thymus-derived CD4-positive, alpha-beta T cell","naive thymus-derived CD4-positive, alpha-beta T cell","CD4-positive, alpha-beta T cell",3,"naive thymus-derived CD4-positive, alpha-beta T cell",3,"CD4-positive, alpha-beta T cell"
GATCCCTGACCTTT-1,natural killer cell,natural killer cell,natural killer cell,natural killer cell,natural killer cell,natural killer cell,natural killer cell,6,natural killer cell,6,natural killer cell
GATCCCTGTGTAGC-1,"CD8-positive, alpha-beta T cell","CD8-positive, alpha-beta T cell","CD8-positive, alpha-beta thymocyte","CD8-positive, alpha-beta thymocyte","CD8-positive, alpha-beta T cell","CD8-positive, alpha-beta thymocyte","CD8-positive, alpha-beta T cell",3,"CD8-positive, alpha-beta T cell",3,alpha-beta T cell
GATCCGCTGGTCAT-1,classical monocyte,monocyte,myeloid dendritic cell,monocyte,myeloid dendritic cell,myeloid dendritic cell,myeloid dendritic cell,3,myeloid dendritic cell,3,myeloid leukocyte
GATCGAACCGAGAG-1,"CD8-positive, alpha-beta T cell","CD8-positive, alpha-beta T cell","CD4-positive, alpha-beta T cell","naive thymus-derived CD4-positive, alpha-beta T cell","CD8-positive, alpha-beta T cell","CD4-positive, alpha-beta T cell","CD8-positive, alpha-beta T cell",3,"CD8-positive, alpha-beta T cell",3,mature alpha-beta T cell
GATCGATGACTAGC-1,B cell,B cell,B cell,B cell,B cell,B cell,B cell,6,B cell,6,B cell
GATCGATGGTAAAG-1,B cell,B cell,B cell,B cell,B cell,B cell,B cell,6,B cell,6,B cell
GATCGATGTAAGGA-1,classical monocyte,monocyte,monocyte,monocyte,myeloid dendritic cell,monocyte,monocyte,4,monocyte,4,monocyte
GATCGTGACACTAG-1,"CD4-positive, alpha-beta T cell","CD4-positive, alpha-beta thymocyte",innate lymphoid cell,"CD4-positive, alpha-beta T cell",innate lymphoid cell,innate lymphoid cell,innate lymphoid cell,3,innate lymphoid cell,3,lymphocyte
GATCGTGATTCACT-1,"CD4-positive, alpha-beta T cell","CD4-positive, alpha-beta T cell","CD4-positive, alpha-beta T cell","CD4-positive, alpha-beta T cell","CD4-positive, alpha-beta T cell","CD4-positive, alpha-beta T cell","CD4-positive, alpha-beta T cell",6,"CD4-positive, alpha-beta T cell",6,"CD4-positive, alpha-beta T cell"
GATCTACTGGTGAG-1,"CD8-positive, alpha-beta T cell","CD8-positive, alpha-beta T cell","CD8-positive, alpha-beta thymocyte",regulatory T cell,innate lymphoid cell,"CD8-positive, alpha-beta T cell","CD8-positive, alpha-beta T cell",3,"CD8-positive, alpha-beta T cell",3,alpha-beta T cell
GATCTACTTTGCAG-1,B cell,B cell,B cell,B cell,B cell,B cell,B cell,6,B cell,6,B cell
GATCTTACACCCAA-1,macrophage,non-classical monocyte,non-classical monocyte,non-classical monocyte,non-classical monocyte,macrophage,non-classical monocyte,4,non-classical monocyte,4,non-classical monocyte
GATCTTACCCTACC-1,"CD4-positive, alpha-beta T cell","CD4-positive, alpha-beta T cell","naive thymus-derived CD4-positive, alpha-beta T cell",innate lymphoid cell,innate lymphoid cell,"CD4-positive, alpha-beta T cell","CD4-positive, alpha-beta T cell",3,"CD4-positive, alpha-beta T cell",3,"CD4-positive, alpha-beta T cell"
GATCTTACGAATAG-1,monocyte,monocyte,mature NK T cell,myeloid dendritic cell,myeloid dendritic cell,monocyte,monocyte,3,monocyte,3,myeloid leukocyte
GATCTTACGAGATA-1,classical monocyte,myeloid dendritic cell,monocyte,myeloid dendritic cell,myeloid dendritic cell,monocyte,myeloid dendritic cell,3,myeloid dendritic cell,3,myeloid leukocyte
GATGCAACTCCAGA-1,"CD4-positive, alpha-beta T cell","CD4-positive, alpha-beta T cell","CD4-positive, alpha-beta thymocyte","CD4-positive, alpha-beta T cell","naive thymus-derived CD4-positive, alpha-beta T cell","naive thymus-derived CD4-positive, alpha-beta T cell","CD4-positive, alpha-beta T cell",4,"CD4-positive, alpha-beta T cell",3,"CD4-positive, alpha-beta T cell"
GATGCCCTACGTAC-1,"CD8-positive, alpha-beta T cell","CD4-positive, alpha-beta T cell",innate lymphoid cell,"CD4-positive, alpha-beta T cell","naive thymus-derived CD4-positive, alpha-beta T cell","CD4-positive, alpha-beta T cell","CD4-positive, alpha-beta T cell",4,"CD4-positive, alpha-beta T cell",3,"CD4-positive, alpha-beta T cell"
GATGCCCTCTCATT-1,"CD4-positive, alpha-beta T cell",regulatory T cell,serous cell of epithelium of trachea,"CD4-positive, alpha-beta T cell","naive thymus-derived CD4-positive, alpha-beta T cell","CD4-positive, alpha-beta T cell","CD4-positive, alpha-beta T cell",4,"CD4-positive, alpha-beta T cell",3,"CD4-positive, alpha-beta T cell"
GATGCCCTGGCAAG-1,classical monocyte,myeloid dendritic cell,myeloid dendritic cell,intermediate monocyte,myeloid dendritic cell,classical monocyte,myeloid dendritic cell,3,myeloid dendritic cell,3,myeloid leukocyte
GATGCCCTTTTGCT-1,"CD4-positive, alpha-beta T cell","CD4-positive, alpha-beta T cell","CD4-positive, alpha-beta T cell",gamma-delta T cell,myeloid dendritic cell,innate lymphoid cell,"CD4-positive, alpha-beta T cell",3,"CD4-positive, alpha-beta T cell",3,T cell
GATTACCTTGTTCT-1,"CD4-positive, alpha-beta T cell","CD4-positive, alpha-beta thymocyte","CD8-positive, alpha-beta thymocyte","CD8-positive, alpha-beta thymocyte","CD8-positive, alpha-beta T cell","CD8-positive, alpha-beta thymocyte","CD8-positive, alpha-beta thymocyte",3,"CD8-positive, alpha-beta thymocyte",3,immature alpha-beta T cell
GATTCGGAACGACT-1,"CD4-positive, alpha-beta T cell","CD4-positive, alpha-beta thymocyte","CD4-positive, alpha-beta T cell","CD4-positive, alpha-beta T cell","CD4-positive, alpha-beta T cell","CD4-positive, alpha-beta T cell","CD4-positive, alpha-beta T cell",5,"CD4-positive, alpha-beta T cell",5,"CD4-positive, alpha-beta T cell"
GATTCGGACAGGAG-1,classical monocyte,myeloid dendritic cell,monocyte,mononuclear phagocyte,monocyte,monocyte,monocyte,3,monocyte,3,monocyte
GATTCGGAGAAGGC-1,macrophage,myeloid dendritic cell,non-classical monocyte,non-classical monocyte,non-classical monocyte,non-classical monocyte,non-classical monocyte,4,non-classical monocyte,4,non-classical monocyte
GATTCTTGATTCGG-1,monocyte,myeloid dendritic cell,basophil,mononuclear phagocyte,myeloid dendritic cell,classical monocyte,myeloid dendritic cell,2,myeloid dendritic cell,2,mononuclear phagocyte
GATTCTTGCCGATA-1,"CD4-positive, alpha-beta T cell",regulatory T cell,"CD8-positive, alpha-beta T cell","naive thymus-derived CD4-positive, alpha-beta T cell","naive thymus-derived CD4-positive, alpha-beta T cell","CD8-positive, alpha-beta T cell","CD4-positive, alpha-beta T cell",2,"CD8-positive, alpha-beta T cell",2,mature alpha-beta T cell
GATTCTTGCGAGTT-1,B cell,B cell,B cell,B cell,B cell,B cell,B cell,6,B cell,6,B cell
GATTGGACGGTGTT-1,B cell,B cell,B cell,B cell,B cell,B cell,B cell,6,B cell,6,B cell
GATTGGACTTTCGT-1,B cell,B cell,B cell,B cell,B cell,B cell,B cell,6,B cell,6,B cell
GATTGGTGTGTCAG-1,"CD4-positive, alpha-beta T cell","CD4-positive, alpha-beta thymocyte",stromal cell,"CD4-positive, alpha-beta T cell","naive thymus-derived CD4-positive, alpha-beta T cell","CD4-positive, alpha-beta T cell","CD4-positive, alpha-beta T cell",4,"CD4-positive, alpha-beta T cell",3,"CD4-positive, alpha-beta T cell"
GATTTAGACACTCC-1,macrophage,non-classical monocyte,non-classical monocyte,non-classical monocyte,non-classical monocyte,non-classical monocyte,non-classical monocyte,5,non-classical monocyte,5,non-classical monocyte
GATTTAGACTAAGC-1,B cell,B cell,B cell,B cell,B cell,B cell,B cell,6,B cell,6,B cell
GATTTAGATTCGTT-1,classical monocyte,classical monocyte,basophil,myeloid dendritic cell,myeloid dendritic cell,monocyte,classical monocyte,2,classical monocyte,2,myeloid leukocyte
GATTTGCTAACGAA-1,"CD4-positive, alpha-beta T cell","naive thymus-derived CD4-positive, alpha-beta T cell","CD4-positive, alpha-beta T cell","naive thymus-derived CD4-positive, alpha-beta T cell",innate lymphoid cell,innate lymphoid cell,"CD4-positive, alpha-beta T cell",2,"CD4-positive, alpha-beta T cell",2,"CD4-positive, alpha-beta T cell"
GATTTGCTAACGGG-1,classical monocyte,myeloid dendritic cell,monocyte,classical monocyte,myeloid dendritic cell,monocyte,classical monocyte,2,classical monocyte,2,monocyte
GCAACCCTCCTCGT-1,classical monocyte,monocyte,erythrocyte,neutrophil,monocyte,innate lymphoid cell,monocyte,2,monocyte,2,myeloid leukocyte
GCAACTGATTGCGA-1,"CD4-positive, alpha-beta T cell","CD4-positive, alpha-beta T cell","naive thymus-derived CD8-positive, alpha-beta T cell","CD8-positive, alpha-beta T cell","naive thymus-derived CD4-positive, alpha-beta T cell","CD4-positive, alpha-beta thymocyte","CD4-positive, alpha-beta T cell",3,"CD4-positive, alpha-beta T cell",2,mature alpha-beta T cell
GCAAGACTACTGGT-1,"CD4-positive, alpha-beta T cell","CD4-positive, alpha-beta T cell","CD4-positive, alpha-beta T cell","CD8-positive, alpha-beta thymocyte","naive thymus-derived CD4-positive, alpha-beta T cell","CD4-positive, alpha-beta T cell","CD4-positive, alpha-beta T cell",5,"CD4-positive, alpha-beta T cell",4,"CD4-positive, alpha-beta T cell"
GCAAGACTAGGTCT-1,"CD4-positive, alpha-beta T cell","naive thymus-derived CD4-positive, alpha-beta T cell",endothelial cell,"CD4-positive, alpha-beta T cell","CD4-positive, alpha-beta T cell",innate lymphoid cell,"CD4-positive, alpha-beta T cell",3,"CD4-positive, alpha-beta T cell",3,"CD4-positive, alpha-beta T cell"
GCAAGACTCCCTTG-1,"CD4-positive, alpha-beta T cell","CD4-positive, alpha-beta thymocyte",innate lymphoid cell,"naive thymus-derived CD4-positive, alpha-beta T cell","naive thymus-derived CD4-positive, alpha-beta T cell","naive thymus-derived CD4-positive, alpha-beta T cell","naive thymus-derived CD4-positive, alpha-beta T cell",3,"naive thymus-derived CD4-positive, alpha-beta T cell",3,"CD4-positive, alpha-beta T cell"
GCAATCGACTGCAA-1,"CD8-positive, alpha-beta T cell","CD8-positive, alpha-beta T cell","naive thymus-derived CD8-positive, alpha-beta T cell","CD8-positive, alpha-beta T cell","CD8-positive, alpha-beta T cell","naive thymus-derived CD8-positive, alpha-beta T cell","CD8-positive, alpha-beta T cell",4,"CD8-positive, alpha-beta T cell",4,"CD8-positive, alpha-beta T cell"
GCAATCGAGACGTT-1,macrophage,myeloid dendritic cell,classical monocyte,non-classical monocyte,non-classical monocyte,classical monocyte,classical monocyte,2,classical monocyte,2,myeloid leukocyte
GCAATCGATCCTTA-1,macrophage,myeloid dendritic cell,myeloid cell,myeloid dendritic cell,myeloid dendritic cell,myeloid dendritic cell,myeloid dendritic cell,4,myeloid dendritic cell,4,conventional dendritic cell
GCAATTCTCGTGTA-1,"CD4-positive, alpha-beta T cell","CD4-positive, alpha-beta T cell",natural killer cell,"CD4-positive, alpha-beta T cell",innate lymphoid cell,"naive thymus-derived CD4-positive, alpha-beta T cell","CD4-positive, alpha-beta T cell",3,"CD4-positive, alpha-beta T cell",3,"CD4-positive, alpha-beta T cell"
GCAATTCTTCTCCG-1,"CD4-positive, alpha-beta T cell","CD4-positive, alpha-beta T cell",serous cell of epithelium of trachea,"CD4-positive, alpha-beta T cell","naive thymus-derived CD4-positive, alpha-beta T cell","CD4-positive, alpha-beta T cell","CD4-positive, alpha-beta T cell",5,"CD4-positive, alpha-beta T cell",4,"CD4-positive, alpha-beta T cell"
GCACAAACAATGCC-1,"CD8-positive, alpha-beta T cell","CD8-positive, alpha-beta T cell",innate lymphoid cell,"naive thymus-derived CD4-positive, alpha-beta T cell",innate lymphoid cell,innate lymphoid cell,innate lymphoid cell,3,innate lymphoid cell,3,lymphocyte
GCACAAACGGTACT-1,"CD4-positive, alpha-beta T cell","CD4-positive, alpha-beta T cell",serous cell of epithelium of trachea,"CD4-positive, alpha-beta T cell","CD8-positive, alpha-beta T cell","CD4-positive, alpha-beta thymocyte","CD4-positive, alpha-beta T cell",3,"CD4-positive, alpha-beta T cell",3,mature alpha-beta T cell
GCACAATGGTGCAT-1,macrophage,myeloid dendritic cell,myeloid dendritic cell,myeloid dendritic cell,myeloid dendritic cell,myeloid dendritic cell,myeloid dendritic cell,5,myeloid dendritic cell,5,conventional dendritic cell
GCACACCTGTGCTA-1,"CD8-positive, alpha-beta T cell",natural killer cell,natural killer cell,natural killer cell,natural killer cell,natural killer cell,natural killer cell,5,natural killer cell,5,natural killer cell
GCACCACTGTTTGG-1,classical monocyte,monocyte,monocyte,neutrophil,monocyte,monocyte,monocyte,4,monocyte,4,monocyte
GCACCACTTCCTTA-1,natural killer cell,natural killer cell,natural killer cell,natural killer cell,natural killer cell,natural killer cell,natural killer cell,6,natural killer cell,6,natural killer cell
GCACCACTTTCGGA-1,classical monocyte,monocyte,monocyte,classical monocyte,monocyte,monocyte,monocyte,4,monocyte,4,monocyte
GCACCTACGCGATT-1,"CD4-positive, alpha-beta T cell","CD4-positive, alpha-beta T cell","CD4-positive, alpha-beta T cell","CD4-positive, alpha-beta T cell","CD4-positive, alpha-beta T cell","CD4-positive, alpha-beta T cell","CD4-positive, alpha-beta T cell",6,"CD4-positive, alpha-beta T cell",6,"CD4-positive, alpha-beta T cell"
GCACCTTGGCTGTA-1,regulatory T cell,"CD4-positive, alpha-beta T cell",stromal cell,"CD4-positive, alpha-beta T cell",innate lymphoid cell,leukocyte,"CD4-positive, alpha-beta T cell",2,"CD4-positive, alpha-beta T cell",2,lymphocyte
GCACCTTGGGGAGT-1,macrophage,myeloid dendritic cell,basophil,myeloid dendritic cell,non-classical monocyte,non-classical monocyte,myeloid dendritic cell,2,myeloid dendritic cell,2,myeloid leukocyte
GCACGGACCAGCTA-1,"CD4-positive, alpha-beta T cell","CD4-positive, alpha-beta T cell","CD4-positive, alpha-beta T cell","CD4-positive, alpha-beta T cell","CD4-positive, alpha-beta T cell","CD4-positive, alpha-beta T cell","CD4-positive, alpha-beta T cell",6,"CD4-positive, alpha-beta T cell",6,"CD4-positive, alpha-beta T cell"
GCACGGTGACCTCC-1,"CD4-positive, alpha-beta T cell","naive thymus-derived CD4-positive, alpha-beta T cell","naive thymus-derived CD4-positive, alpha-beta T cell","CD4-positive, alpha-beta thymocyte","naive thymus-derived CD4-positive, alpha-beta T cell","naive thymus-derived CD4-positive, alpha-beta T cell","naive thymus-derived CD4-positive, alpha-beta T cell",4,"naive thymus-derived CD4-positive, alpha-beta T cell",4,"naive thymus-derived CD4-positive, alpha-beta T cell"
GCACGGTGCTATGG-1,monocyte,monocyte,basophil,monocyte,monocyte,classical monocyte,monocyte,4,monocyte,4,monocyte
GCACTAGAACGGGA-1,"CD4-positive, alpha-beta T cell","CD4-positive, alpha-beta T cell","naive thymus-derived CD4-positive, alpha-beta T cell","CD4-positive, alpha-beta T cell","naive thymus-derived CD4-positive, alpha-beta T cell","naive thymus-derived CD4-positive, alpha-beta T cell","CD4-positive, alpha-beta T cell",4,"CD4-positive, alpha-beta T cell",3,"CD4-positive, alpha-beta T cell"
GCACTAGAAGATGA-1,B cell,B cell,B cell,B cell,B cell,B cell,B cell,6,B cell,6,B cell
GCACTAGACCTTTA-1,macrophage,myeloid dendritic cell,non-classical monocyte,non-classical monocyte,non-classical monocyte,non-classical monocyte,non-classical monocyte,4,non-classical monocyte,4,non-classical monocyte
GCACTAGACGTAAC-1,B cell,B cell,B cell,B cell,B cell,B cell,B cell,6,B cell,6,B cell
GCACTAGAGTCGTA-1,mature NK T cell,mature NK T cell,mature NK T cell,mature NK T cell,mature NK T cell,mature NK T cell,mature NK T cell,6,mature NK T cell,6,mature NK T cell
GCACTAGATGCAAC-1,"CD4-positive, alpha-beta T cell","CD4-positive, alpha-beta T cell","CD4-positive, alpha-beta T cell","naive thymus-derived CD4-positive, alpha-beta T cell","naive thymus-derived CD4-positive, alpha-beta T cell","CD4-positive, alpha-beta T cell","CD4-positive, alpha-beta T cell",5,"CD4-positive, alpha-beta T cell",4,"CD4-positive, alpha-beta T cell"
GCACTGCTGAGGCA-1,"CD4-positive, alpha-beta T cell","CD8-positive, alpha-beta T cell",myeloid dendritic cell,"CD8-positive, alpha-beta T cell","CD8-positive, alpha-beta T cell","CD8-positive, alpha-beta T cell","CD8-positive, alpha-beta T cell",4,"CD8-positive, alpha-beta T cell",4,"CD8-positive, alpha-beta T cell"
GCAGATACAGCGTT-1,"CD8-positive, alpha-beta T cell","CD8-positive, alpha-beta T cell",mature NK T cell,"CD8-positive, alpha-beta T cell","CD8-positive, alpha-beta T cell","CD8-positive, alpha-beta T cell","CD8-positive, alpha-beta T cell",5,"CD8-positive, alpha-beta T cell",5,"CD8-positive, alpha-beta T cell"
GCAGATACGACGGA-1,"CD4-positive, alpha-beta T cell","CD4-positive, alpha-beta T cell",innate lymphoid cell,"CD4-positive, alpha-beta T cell",innate lymphoid cell,"CD4-positive, alpha-beta T cell","CD4-positive, alpha-beta T cell",4,"CD4-positive, alpha-beta T cell",4,"CD4-positive, alpha-beta T cell"
GCAGATACGCAGAG-1,"CD4-positive, alpha-beta T cell","CD4-positive, alpha-beta T cell",innate lymphoid cell,"CD4-positive, alpha-beta T cell",innate lymphoid cell,innate lymphoid cell,"CD4-positive, alpha-beta T cell",3,"CD4-positive, alpha-beta T cell",3,lymphocyte
GCAGCCGACAGTCA-1,"naive thymus-derived CD4-positive, alpha-beta T cell","CD4-positive, alpha-beta T cell","CD4-positive, alpha-beta T cell","CD4-positive, alpha-beta T cell","naive thymus-derived CD4-positive, alpha-beta T cell","CD4-positive, alpha-beta T cell","CD4-positive, alpha-beta T cell",5,"CD4-positive, alpha-beta T cell",4,"CD4-positive, alpha-beta T cell"
GCAGCGTGCACTCC-1,"CD4-positive, alpha-beta T cell","naive thymus-derived CD4-positive, alpha-beta T cell",innate lymphoid cell,"CD4-positive, alpha-beta T cell","naive thymus-derived CD4-positive, alpha-beta T cell",innate lymphoid cell,"CD4-positive, alpha-beta T cell",3,"CD4-positive, alpha-beta T cell",2,"CD4-positive, alpha-beta T cell"
GCAGCTCTCAATCG-1,"CD4-positive, alpha-beta T cell","CD4-positive, alpha-beta thymocyte",stromal cell,innate lymphoid cell,"naive thymus-derived CD4-positive, alpha-beta T cell",stromal cell,"CD4-positive, alpha-beta T cell",2,stromal cell,2,lymphocyte
GCAGCTCTGTTTCT-1,"CD4-positive, alpha-beta thymocyte","CD4-positive, alpha-beta T cell","naive thymus-derived CD4-positive, alpha-beta T cell",non-classical monocyte,"naive thymus-derived CD4-positive, alpha-beta T cell","naive thymus-derived CD4-positive, alpha-beta T cell","naive thymus-derived CD4-positive, alpha-beta T cell",3,"naive thymus-derived CD4-positive, alpha-beta T cell",3,"CD4-positive, alpha-beta T cell"
GCAGGGCTAAGAAC-1,"CD4-positive, alpha-beta T cell","CD4-positive, alpha-beta T cell",plasma cell,"CD4-positive, alpha-beta T cell","CD4-positive, alpha-beta T cell","CD4-positive, alpha-beta T cell","CD4-positive, alpha-beta T cell",5,"CD4-positive, alpha-beta T cell",5,"CD4-positive, alpha-beta T cell"
GCAGGGCTAAGGGC-1,"CD4-positive, alpha-beta T cell","CD4-positive, alpha-beta T cell","naive thymus-derived CD4-positive, alpha-beta T cell","CD4-positive, alpha-beta thymocyte","naive thymus-derived CD4-positive, alpha-beta T cell","naive thymus-derived CD4-positive, alpha-beta T cell","CD4-positive, alpha-beta T cell",3,"naive thymus-derived CD4-positive, alpha-beta T cell",3,"CD4-positive, alpha-beta T cell"
GCAGGGCTATCGAC-1,mature NK T cell,natural killer cell,natural killer cell,natural killer cell,natural killer cell,natural killer cell,natural killer cell,5,natural killer cell,5,natural killer cell
GCAGGGCTTGGGAG-1,"CD8-positive, alpha-beta T cell","CD8-positive, alpha-beta T cell","CD8-positive, alpha-beta thymocyte","CD8-positive, alpha-beta T cell","CD8-positive, alpha-beta T cell","CD8-positive, alpha-beta T cell","CD8-positive, alpha-beta T cell",5,"CD8-positive, alpha-beta T cell",5,"CD8-positive, alpha-beta T cell"
GCAGTCCTAACTGC-1,"CD4-positive, alpha-beta T cell","naive thymus-derived CD4-positive, alpha-beta T cell","naive thymus-derived CD4-positive, alpha-beta T cell","CD4-positive, alpha-beta T cell","naive thymus-derived CD4-positive, alpha-beta T cell","CD4-positive, alpha-beta T cell","CD4-positive, alpha-beta T cell",4,"CD4-positive, alpha-beta T cell",3,"CD4-positive, alpha-beta T cell"
GCAGTCCTCTCTTA-1,"naive thymus-derived CD4-positive, alpha-beta T cell","naive thymus-derived CD4-positive, alpha-beta T cell","naive thymus-derived CD4-positive, alpha-beta T cell","CD4-positive, alpha-beta T cell","naive thymus-derived CD4-positive, alpha-beta T cell","naive thymus-derived CD4-positive, alpha-beta T cell","naive thymus-derived CD4-positive, alpha-beta T cell",5,"naive thymus-derived CD4-positive, alpha-beta T cell",5,"naive thymus-derived CD4-positive, alpha-beta T cell"
GCATCAGATGCGTA-1,"CD4-positive, alpha-beta T cell","CD8-positive, alpha-beta T cell","CD8-positive, alpha-beta T cell","CD8-positive, alpha-beta T cell","CD8-positive, alpha-beta T cell","CD8-positive, alpha-beta T cell","CD8-positive, alpha-beta T cell",5,"CD8-positive, alpha-beta T cell",5,"CD8-positive, alpha-beta T cell"
GCATGTGACAAGCT-1,"CD4-positive, alpha-beta T cell","naive thymus-derived CD4-positive, alpha-beta T cell","naive thymus-derived CD4-positive, alpha-beta T cell","CD4-positive, alpha-beta thymocyte","naive thymus-derived CD4-positive, alpha-beta T cell","naive thymus-derived CD4-positive, alpha-beta T cell","naive thymus-derived CD4-positive, alpha-beta T cell",4,"naive thymus-derived CD4-positive, alpha-beta T cell",4,"naive thymus-derived CD4-positive, alpha-beta T cell"
GCATTGGAGAAGGC-1,"CD4-positive, alpha-beta T cell","CD4-positive, alpha-beta T cell","CD4-positive, alpha-beta T cell","CD4-positive, alpha-beta T cell","naive thymus-derived CD4-positive, alpha-beta T cell","CD4-positive, alpha-beta T cell","CD4-positive, alpha-beta T cell",6,"CD4-positive, alpha-beta T cell",5,"CD4-positive, alpha-beta T cell"
GCCAAAACGAGGCA-1,"CD8-positive, alpha-beta T cell","CD8-positive, alpha-beta T cell","CD8-positive, alpha-beta thymocyte","CD8-positive, alpha-beta T cell","CD8-positive, alpha-beta thymocyte","CD8-positive, alpha-beta thymocyte","CD8-positive, alpha-beta T cell",3,"CD8-positive, alpha-beta T cell",3,alpha-beta T cell
GCCAAATGATCGAC-1,"CD8-positive, alpha-beta T cell","CD4-positive, alpha-beta T cell","CD8-positive, alpha-beta T cell","CD8-positive, alpha-beta T cell","CD8-positive, alpha-beta T cell","CD8-positive, alpha-beta T cell","CD8-positive, alpha-beta T cell",5,"CD8-positive, alpha-beta T cell",5,"CD8-positive, alpha-beta T cell"
GCCAACCTACGGTT-1,"CD4-positive, alpha-beta T cell","naive thymus-derived CD4-positive, alpha-beta T cell","CD8-positive, alpha-beta thymocyte","CD4-positive, alpha-beta T cell","naive thymus-derived CD4-positive, alpha-beta T cell","CD4-positive, alpha-beta thymocyte","CD4-positive, alpha-beta T cell",3,"CD4-positive, alpha-beta T cell",2,"CD4-positive, alpha-beta T cell"
GCCAACCTCGCCTT-1,"CD4-positive, alpha-beta T cell","CD4-positive, alpha-beta thymocyte",stromal cell,regulatory T cell,innate lymphoid cell,innate lymphoid cell,innate lymphoid cell,2,innate lymphoid cell,2,lymphocyte
GCCACGGAGGCGAA-1,monocyte,monocyte,monocyte,mononuclear phagocyte,monocyte,monocyte,monocyte,5,monocyte,5,monocyte
GCCACGGATACTGG-1,"CD4-positive, alpha-beta T cell","CD4-positive, alpha-beta T cell","naive thymus-derived CD4-positive, alpha-beta T cell","CD8-positive, alpha-beta T cell","naive thymus-derived CD4-positive, alpha-beta T cell","naive thymus-derived CD4-positive, alpha-beta T cell","CD4-positive, alpha-beta T cell",3,"naive thymus-derived CD4-positive, alpha-beta T cell",3,"CD4-positive, alpha-beta T cell"
GCCACTACGTCTTT-1,"CD4-positive, alpha-beta T cell",regulatory T cell,"CD4-positive, alpha-beta thymocyte",innate lymphoid cell,"naive thymus-derived CD4-positive, alpha-beta T cell","CD4-positive, alpha-beta thymocyte","CD4-positive, alpha-beta T cell",2,"CD4-positive, alpha-beta thymocyte",2,alpha-beta T cell
GCCCAACTACCGAT-1,"CD4-positive, alpha-beta T cell","CD4-positive, alpha-beta T cell",plasma cell,"CD8-positive, alpha-beta T cell","CD4-positive, alpha-beta T cell","CD4-positive, alpha-beta T cell","CD4-positive, alpha-beta T cell",4,"CD4-positive, alpha-beta T cell",4,"CD4-positive, alpha-beta T cell"
GCCCAACTATGGTC-1,"CD8-positive, alpha-beta T cell","CD8-positive, alpha-beta T cell",platelet,"CD4-positive, alpha-beta T cell","naive thymus-derived CD8-positive, alpha-beta T cell","CD8-positive, alpha-beta T cell","CD8-positive, alpha-beta T cell",4,"CD8-positive, alpha-beta T cell",3,"CD8-positive, alpha-beta T cell"
GCCCATACAGCGTT-1,"CD4-positive, alpha-beta T cell",myeloid dendritic cell,"CD8-positive, alpha-beta thymocyte","CD8-positive, alpha-beta T cell","CD8-positive, alpha-beta T cell","CD8-positive, alpha-beta thymocyte","CD8-positive, alpha-beta thymocyte",2,"CD8-positive, alpha-beta T cell",2,alpha-beta T cell
GCCGACGAACTCTT-1,macrophage,myeloid dendritic cell,classical monocyte,monocyte,myeloid dendritic cell,classical monocyte,myeloid dendritic cell,2,classical monocyte,2,myeloid leukocyte
GCCGAGTGCGTTGA-1,"CD4-positive, alpha-beta T cell","CD4-positive, alpha-beta T cell","CD4-positive, alpha-beta T cell","CD4-positive, alpha-beta T cell","CD4-positive, alpha-beta T cell","CD4-positive, alpha-beta T cell","CD4-positive, alpha-beta T cell",6,"CD4-positive, alpha-beta T cell",6,"CD4-positive, alpha-beta T cell"
GCCGGAACGAACTC-1,"CD8-positive, alpha-beta T cell","CD8-positive, alpha-beta T cell","CD8-positive, alpha-beta T cell","CD8-positive, alpha-beta T cell","CD8-positive, alpha-beta T cell","CD8-positive, alpha-beta T cell","CD8-positive, alpha-beta T cell",6,"CD8-positive, alpha-beta T cell",6,"CD8-positive, alpha-beta T cell"
GCCGGAACGTTCTT-1,natural killer cell,natural killer cell,natural killer cell,natural killer cell,natural killer cell,natural killer cell,natural killer cell,6,natural killer cell,6,natural killer cell
GCCGGAACTGCACA-1,"CD8-positive, alpha-beta T cell",natural killer cell,natural killer cell,natural killer cell,natural killer cell,natural killer cell,natural killer cell,5,natural killer cell,5,natural killer cell
GCCGGAACTTACTC-1,"CD4-positive, alpha-beta T cell","naive thymus-derived CD4-positive, alpha-beta T cell","naive thymus-derived CD4-positive, alpha-beta T cell",mature NK T cell,"naive thymus-derived CD4-positive, alpha-beta T cell","CD4-positive, alpha-beta T cell","CD4-positive, alpha-beta T cell",3,"naive thymus-derived CD4-positive, alpha-beta T cell",3,"CD4-positive, alpha-beta T cell"
GCCGTACTACCTGA-1,"CD4-positive, alpha-beta T cell","CD4-positive, alpha-beta thymocyte","CD4-positive, alpha-beta T cell","CD8-positive, alpha-beta thymocyte","CD8-positive, alpha-beta T cell","CD8-positive, alpha-beta T cell","CD4-positive, alpha-beta T cell",2,"CD4-positive, alpha-beta T cell",2,mature alpha-beta T cell
GCCGTACTGGCAAG-1,monocyte,monocyte,monocyte,monocyte,monocyte,monocyte,monocyte,6,monocyte,6,monocyte
GCCTACACAGTTCG-1,natural killer cell,natural killer cell,natural killer cell,natural killer cell,natural killer cell,"CD8-positive, alpha-beta T cell",natural killer cell,5,natural killer cell,5,natural killer cell
GCCTACACCACTGA-1,monocyte,myeloid dendritic cell,non-classical monocyte,non-classical monocyte,non-classical monocyte,non-classical monocyte,non-classical monocyte,4,non-classical monocyte,4,non-classical monocyte
GCCTACACCTTGAG-1,"CD4-positive, alpha-beta T cell","CD4-positive, alpha-beta thymocyte","CD4-positive, alpha-beta T cell","CD4-positive, alpha-beta T cell","CD4-positive, alpha-beta T cell",innate lymphoid cell,"CD4-positive, alpha-beta T cell",4,"CD4-positive, alpha-beta T cell",4,"CD4-positive, alpha-beta T cell"
GCCTAGCTACGGAG-1,B cell,B cell,B cell,B cell,B cell,B cell,B cell,6,B cell,6,B cell
GCCTAGCTCTATTC-1,"CD4-positive, alpha-beta T cell","CD4-positive, alpha-beta T cell",regulatory T cell,"naive thymus-derived CD8-positive, alpha-beta T cell",innate lymphoid cell,innate lymphoid cell,"CD4-positive, alpha-beta T cell",2,"CD4-positive, alpha-beta T cell",2,mature T cell
GCCTAGCTTCTCAT-1,"CD4-positive, alpha-beta T cell","CD4-positive, alpha-beta T cell",regulatory T cell,"CD4-positive, alpha-beta T cell",regulatory T cell,"CD4-positive, alpha-beta T cell","CD4-positive, alpha-beta T cell",4,"CD4-positive, alpha-beta T cell",4,"CD4-positive, alpha-beta T cell"
GCCTAGCTTCTCTA-1,macrophage,non-classical monocyte,non-classical monocyte,non-classical monocyte,non-classical monocyte,non-classical monocyte,non-classical monocyte,5,non-classical monocyte,5,non-classical monocyte
GCCTCAACCATGGT-1,"CD4-positive, alpha-beta T cell",regulatory T cell,"CD8-positive, alpha-beta thymocyte","CD8-positive, alpha-beta thymocyte","naive thymus-derived CD4-positive, alpha-beta T cell","CD8-positive, alpha-beta thymocyte","CD8-positive, alpha-beta thymocyte",3,"CD8-positive, alpha-beta thymocyte",3,alpha-beta T cell
GCCTCAACTCTTTG-1,"CD4-positive, alpha-beta T cell",gamma-delta T cell,"CD8-positive, alpha-beta T cell","CD8-positive, alpha-beta T cell","CD8-positive, alpha-beta T cell","CD8-positive, alpha-beta T cell","CD8-positive, alpha-beta T cell",4,"CD8-positive, alpha-beta T cell",4,"CD8-positive, alpha-beta T cell"
GCCTCATGTCTTAC-1,"CD8-positive, alpha-beta T cell","CD8-positive, alpha-beta T cell","CD8-positive, alpha-beta thymocyte","CD8-positive, alpha-beta T cell",innate lymphoid cell,"CD4-positive, alpha-beta T cell","CD8-positive, alpha-beta T cell",3,"CD8-positive, alpha-beta T cell",3,mature alpha-beta T cell
GCCTGACTCTCAAG-1,classical monocyte,monocyte,monocyte,myeloid dendritic cell,monocyte,monocyte,monocyte,4,monocyte,4,monocyte
GCGAAGGAACTCTT-1,"CD8-positive, alpha-beta T cell","CD8-positive, alpha-beta T cell","CD8-positive, alpha-beta T cell","CD8-positive, alpha-beta T cell","CD8-positive, alpha-beta T cell","CD8-positive, alpha-beta T cell","CD8-positive, alpha-beta T cell",6,"CD8-positive, alpha-beta T cell",6,"CD8-positive, alpha-beta T cell"
GCGAAGGAGAGCTT-1,"CD8-positive, alpha-beta T cell",gamma-delta T cell,"CD8-positive, alpha-beta T cell","naive thymus-derived CD8-positive, alpha-beta T cell","CD8-positive, alpha-beta T cell","CD8-positive, alpha-beta T cell","CD8-positive, alpha-beta T cell",4,"CD8-positive, alpha-beta T cell",4,"CD8-positive, alpha-beta T cell"
GCGAAGGATGCCAA-1,"CD4-positive, alpha-beta T cell","CD4-positive, alpha-beta T cell",innate lymphoid cell,innate lymphoid cell,innate lymphoid cell,innate lymphoid cell,innate lymphoid cell,4,innate lymphoid cell,4,innate lymphoid cell
GCGAGAGAGGGACA-1,"CD4-positive, alpha-beta T cell","CD4-positive, alpha-beta T cell",intestinal crypt stem cell of small intestine,"CD4-positive, alpha-beta T cell",innate lymphoid cell,innate lymphoid cell,"CD4-positive, alpha-beta T cell",3,"CD4-positive, alpha-beta T cell",3,lymphocyte
GCGAGCACTGTCGA-1,B cell,B cell,B cell,B cell,B cell,innate lymphoid cell,B cell,5,B cell,5,B cell
GCGAGCACTTGACG-1,"CD4-positive, alpha-beta T cell","CD4-positive, alpha-beta T cell","CD8-positive, alpha-beta T cell","CD4-positive, alpha-beta thymocyte","naive thymus-derived CD4-positive, alpha-beta T cell","CD8-positive, alpha-beta thymocyte","CD4-positive, alpha-beta T cell",3,"CD4-positive, alpha-beta T cell",2,mature alpha-beta T cell
GCGAGCACTTGCTT-1,macrophage,myeloid dendritic cell,monocyte,myeloid dendritic cell,myeloid dendritic cell,monocyte,myeloid dendritic cell,3,myeloid dendritic cell,3,professional antigen presenting cell
GCGATATGGTACGT-1,"CD4-positive, alpha-beta T cell","naive thymus-derived CD4-positive, alpha-beta T cell",monocyte,"naive thymus-derived CD4-positive, alpha-beta T cell","naive thymus-derived CD4-positive, alpha-beta T cell",innate lymphoid cell,"naive thymus-derived CD4-positive, alpha-beta T cell",3,"naive thymus-derived CD4-positive, alpha-beta T cell",3,"CD4-positive, alpha-beta T cell"
GCGATATGGTGTTG-1,"CD4-positive, alpha-beta T cell","naive thymus-derived CD4-positive, alpha-beta T cell","CD4-positive, alpha-beta T cell","CD4-positive, alpha-beta T cell","CD4-positive, alpha-beta T cell","CD4-positive, alpha-beta T cell","CD4-positive, alpha-beta T cell",5,"CD4-positive, alpha-beta T cell",5,"CD4-positive, alpha-beta T cell"
GCGCACGAAGTCGT-1,"CD4-positive, alpha-beta T cell","CD4-positive, alpha-beta thymocyte",serous cell of epithelium of trachea,"CD8-positive, alpha-beta T cell","CD4-positive, alpha-beta T cell","CD4-positive, alpha-beta T cell","CD4-positive, alpha-beta T cell",3,"CD4-positive, alpha-beta T cell",3,mature alpha-beta T cell
GCGCACGACTTTAC-1,classical monocyte,monocyte,monocyte,monocyte,myeloid dendritic cell,classical monocyte,monocyte,3,monocyte,3,monocyte
GCGCATCTAGGTCT-1,B cell,"CD4-positive, alpha-beta thymocyte",erythrocyte,"CD4-positive, alpha-beta T cell",myeloid dendritic cell,monocyte,"CD4-positive, alpha-beta thymocyte",1,B cell,1,mononuclear cell
GCGCATCTGGTTAC-1,hematopoietic precursor cell,common myeloid progenitor,myeloid dendritic cell,plasma cell,myeloid dendritic cell,platelet,myeloid dendritic cell,2,myeloid dendritic cell,2,hematopoietic cell
GCGCATCTTCGATG-1,"naive thymus-derived CD4-positive, alpha-beta T cell","CD4-positive, alpha-beta thymocyte","CD8-positive, alpha-beta T cell","CD4-positive, alpha-beta T cell",innate lymphoid cell,"naive thymus-derived CD4-positive, alpha-beta T cell","naive thymus-derived CD4-positive, alpha-beta T cell",2,"naive thymus-derived CD4-positive, alpha-beta T cell",2,mature alpha-beta T cell
GCGCATCTTGCTCC-1,natural killer cell,natural killer cell,natural killer cell,natural killer cell,natural killer cell,natural killer cell,natural killer cell,6,natural killer cell,6,natural killer cell
GCGCATCTTTCTAC-1,"CD4-positive, alpha-beta T cell","CD4-positive, alpha-beta thymocyte","CD4-positive, alpha-beta T cell","CD4-positive, alpha-beta T cell","naive thymus-derived CD4-positive, alpha-beta T cell","CD4-positive, alpha-beta T cell","CD4-positive, alpha-beta T cell",5,"CD4-positive, alpha-beta T cell",4,"CD4-positive, alpha-beta T cell"
GCGCGAACGTTCTT-1,B cell,B cell,B cell,B cell,B cell,B cell,B cell,6,B cell,6,B cell
GCGCGATGAACGGG-1,"CD4-positive, alpha-beta T cell","CD4-positive, alpha-beta T cell","naive thymus-derived CD4-positive, alpha-beta T cell",non-classical monocyte,"naive thymus-derived CD4-positive, alpha-beta T cell","naive thymus-derived CD4-positive, alpha-beta T cell","CD4-positive, alpha-beta T cell",3,"naive thymus-derived CD4-positive, alpha-beta T cell",3,"CD4-positive, alpha-beta T cell"
GCGCGATGGTGCAT-1,"CD8-positive, alpha-beta T cell",natural killer cell,natural killer cell,"naive thymus-derived CD8-positive, alpha-beta T cell",natural killer cell,natural killer cell,natural killer cell,4,natural killer cell,4,natural killer cell
GCGGAGCTCCTGAA-1,"CD4-positive, alpha-beta T cell","CD4-positive, alpha-beta thymocyte","CD4-positive, alpha-beta T cell","naive thymus-derived CD4-positive, alpha-beta T cell",innate lymphoid cell,"CD4-positive, alpha-beta T cell","CD4-positive, alpha-beta T cell",3,"CD4-positive, alpha-beta T cell",3,"CD4-positive, alpha-beta T cell"
GCGGCAACCCGATA-1,"CD4-positive, alpha-beta T cell","CD4-positive, alpha-beta T cell","CD8-positive, alpha-beta thymocyte","CD4-positive, alpha-beta T cell",innate lymphoid cell,innate lymphoid cell,"CD4-positive, alpha-beta T cell",3,"CD4-positive, alpha-beta T cell",3,alpha-beta T cell
GCGGCAACGGAGGT-1,B cell,B cell,B cell,B cell,B cell,B cell,B cell,6,B cell,6,B cell
GCGGCAACTGTCGA-1,monocyte,monocyte,monocyte,myeloid dendritic cell,monocyte,monocyte,monocyte,5,monocyte,5,monocyte
GCGTAAACACGGTT-1,macrophage,myeloid dendritic cell,myeloid dendritic cell,myeloid dendritic cell,myeloid dendritic cell,myeloid dendritic cell,myeloid dendritic cell,5,myeloid dendritic cell,5,conventional dendritic cell
GCGTAATGCACCAA-1,macrophage,non-classical monocyte,non-classical monocyte,non-classical monocyte,non-classical monocyte,non-classical monocyte,non-classical monocyte,5,non-classical monocyte,5,non-classical monocyte
GCGTATGAACACCA-1,"CD4-positive, alpha-beta T cell","CD4-positive, alpha-beta T cell","CD4-positive, alpha-beta T cell",innate lymphoid cell,"naive thymus-derived CD4-positive, alpha-beta T cell","CD4-positive, alpha-beta T cell","CD4-positive, alpha-beta T cell",5,"CD4-positive, alpha-beta T cell",4,"CD4-positive, alpha-beta T cell"
GCGTATGATGAGAA-1,classical monocyte,myeloid dendritic cell,classical monocyte,monocyte,myeloid dendritic cell,classical monocyte,classical monocyte,3,classical monocyte,3,monocyte
GCTACAGAAAGGTA-1,"CD4-positive, alpha-beta T cell","CD4-positive, alpha-beta T cell","naive thymus-derived CD4-positive, alpha-beta T cell","naive thymus-derived CD4-positive, alpha-beta T cell","naive thymus-derived CD4-positive, alpha-beta T cell","naive thymus-derived CD4-positive, alpha-beta T cell","naive thymus-derived CD4-positive, alpha-beta T cell",4,"naive thymus-derived CD4-positive, alpha-beta T cell",4,"naive thymus-derived CD4-positive, alpha-beta T cell"
GCTACAGAATCTTC-1,B cell,B cell,B cell,B cell,B cell,B cell,B cell,6,B cell,6,B cell
GCTACCTGAGAAGT-1,monocyte,monocyte,monocyte,myeloid dendritic cell,myeloid dendritic cell,monocyte,monocyte,4,monocyte,4,monocyte
GCTACCTGATCACG-1,"CD4-positive, alpha-beta T cell","CD4-positive, alpha-beta T cell",innate lymphoid cell,"CD8-positive, alpha-beta T cell","naive thymus-derived CD4-positive, alpha-beta T cell",innate lymphoid cell,"CD4-positive, alpha-beta T cell",3,"CD4-positive, alpha-beta T cell",2,mature alpha-beta T cell
GCTACGCTAGAATG-1,"CD4-positive, alpha-beta T cell","CD4-positive, alpha-beta T cell","naive thymus-derived CD8-positive, alpha-beta T cell","naive thymus-derived CD8-positive, alpha-beta T cell","naive thymus-derived CD4-positive, alpha-beta T cell","naive thymus-derived CD4-positive, alpha-beta T cell","CD4-positive, alpha-beta T cell",3,"CD4-positive, alpha-beta T cell",2,"CD4-positive, alpha-beta T cell"
GCTACGCTAGCTAC-1,"CD4-positive, alpha-beta T cell","CD4-positive, alpha-beta T cell","CD4-positive, alpha-beta T cell","CD4-positive, alpha-beta T cell","CD4-positive, alpha-beta T cell","CD4-positive, alpha-beta T cell","CD4-positive, alpha-beta T cell",6,"CD4-positive, alpha-beta T cell",6,"CD4-positive, alpha-beta T cell"
GCTACGCTCCCTAC-1,"CD4-positive, alpha-beta T cell","CD4-positive, alpha-beta T cell","CD8-positive, alpha-beta thymocyte","CD4-positive, alpha-beta T cell","CD4-positive, alpha-beta T cell","CD4-positive, alpha-beta T cell","CD4-positive, alpha-beta T cell",5,"CD4-positive, alpha-beta T cell",5,"CD4-positive, alpha-beta T cell"
GCTAGAACAGAGGC-1,B cell,B cell,B cell,B cell,B cell,B cell,B cell,6,B cell,6,B cell
GCTAGAACGGATCT-1,"naive thymus-derived CD4-positive, alpha-beta T cell","CD4-positive, alpha-beta T cell",monocyte,"CD4-positive, alpha-beta T cell","naive thymus-derived CD4-positive, alpha-beta T cell","CD4-positive, alpha-beta thymocyte","CD4-positive, alpha-beta T cell",3,"CD4-positive, alpha-beta T cell",2,"CD4-positive, alpha-beta T cell"
GCTAGAACTCCCGT-1,"CD4-positive, alpha-beta T cell","CD4-positive, alpha-beta T cell",innate lymphoid cell,innate lymphoid cell,innate lymphoid cell,innate lymphoid cell,innate lymphoid cell,4,innate lymphoid cell,4,innate lymphoid cell
GCTAGATGAGCTCA-1,classical monocyte,monocyte,erythrocyte,monocyte,monocyte,classical monocyte,monocyte,3,monocyte,3,monocyte
GCTAGATGGCGATT-1,"CD8-positive, alpha-beta T cell","CD8-positive, alpha-beta T cell","CD8-positive, alpha-beta thymocyte","CD8-positive, alpha-beta T cell","CD8-positive, alpha-beta T cell","CD8-positive, alpha-beta thymocyte","CD8-positive, alpha-beta T cell",4,"CD8-positive, alpha-beta T cell",4,"CD8-positive, alpha-beta T cell"
GCTATACTAAGGCG-1,"CD4-positive, alpha-beta T cell","naive thymus-derived CD4-positive, alpha-beta T cell",stromal cell,"naive thymus-derived CD4-positive, alpha-beta T cell","naive thymus-derived CD4-positive, alpha-beta T cell","naive thymus-derived CD4-positive, alpha-beta T cell","naive thymus-derived CD4-positive, alpha-beta T cell",4,"naive thymus-derived CD4-positive, alpha-beta T cell",4,"naive thymus-derived CD4-positive, alpha-beta T cell"
GCTATACTAGCGTT-1,"CD8-positive, alpha-beta T cell","CD8-positive, alpha-beta T cell","CD8-positive, alpha-beta T cell","CD8-positive, alpha-beta T cell","CD8-positive, alpha-beta T cell","CD8-positive, alpha-beta T cell","CD8-positive, alpha-beta T cell",6,"CD8-positive, alpha-beta T cell",6,"CD8-positive, alpha-beta T cell"
GCTATACTCTCTTA-1,"CD4-positive, alpha-beta T cell","naive thymus-derived CD4-positive, alpha-beta T cell",stromal cell,"naive thymus-derived CD4-positive, alpha-beta T cell","naive thymus-derived CD4-positive, alpha-beta T cell","CD4-positive, alpha-beta T cell","CD4-positive, alpha-beta T cell",3,"naive thymus-derived CD4-positive, alpha-beta T cell",3,"CD4-positive, alpha-beta T cell"
GCTATACTGGACGA-1,"CD4-positive, alpha-beta T cell","CD4-positive, alpha-beta T cell","CD8-positive, alpha-beta thymocyte","CD4-positive, alpha-beta T cell",innate lymphoid cell,"CD4-positive, alpha-beta T cell","CD4-positive, alpha-beta T cell",4,"CD4-positive, alpha-beta T cell",4,"CD4-positive, alpha-beta T cell"
GCTCAAGAACCATG-1,macrophage,myeloid dendritic cell,B cell,non-classical monocyte,non-classical monocyte,non-classical monocyte,non-classical monocyte,3,non-classical monocyte,3,myeloid leukocyte
GCTCAAGAAGTCAC-1,macrophage,myeloid dendritic cell,non-classical monocyte,non-classical monocyte,non-classical monocyte,non-classical monocyte,non-classical monocyte,4,non-classical monocyte,4,non-classical monocyte
GCTCAGCTGTCTAG-1,"CD4-positive, alpha-beta T cell","CD4-positive, alpha-beta thymocyte",erythrocyte,"CD4-positive, alpha-beta T cell",myeloid dendritic cell,innate lymphoid cell,"CD4-positive, alpha-beta T cell",2,"CD4-positive, alpha-beta T cell",2,lymphocyte
GCTCCATGAGAAGT-1,"CD8-positive, alpha-beta T cell","CD8-positive, alpha-beta T cell",thymocyte,"CD8-positive, alpha-beta T cell","CD8-positive, alpha-beta T cell","CD8-positive, alpha-beta T cell","CD8-positive, alpha-beta T cell",5,"CD8-positive, alpha-beta T cell",5,"CD8-positive, alpha-beta T cell"
GCTCCATGCCGAAT-1,"CD4-positive, alpha-beta T cell","CD4-positive, alpha-beta thymocyte",innate lymphoid cell,"CD4-positive, alpha-beta T cell",innate lymphoid cell,innate lymphoid cell,innate lymphoid cell,3,innate lymphoid cell,3,lymphocyte
GCTCGACTCTAGTG-1,classical monocyte,monocyte,erythrocyte,myeloid dendritic cell,monocyte,monocyte,monocyte,3,monocyte,3,monocyte
GCTGATGAGGTATC-1,classical monocyte,monocyte,monocyte,"naive thymus-derived CD4-positive, alpha-beta T cell",myeloid dendritic cell,monocyte,monocyte,3,monocyte,3,monocyte
GCTTAACTACAGTC-1,monocyte,monocyte,monocyte,monocyte,monocyte,monocyte,monocyte,6,monocyte,6,monocyte
GCTTAACTACTGGT-1,"CD8-positive, alpha-beta T cell","CD8-positive, alpha-beta T cell",myeloid dendritic cell,"CD8-positive, alpha-beta T cell","CD8-positive, alpha-beta T cell","CD8-positive, alpha-beta T cell","CD8-positive, alpha-beta T cell",5,"CD8-positive, alpha-beta T cell",5,"CD8-positive, alpha-beta T cell"
GCTTAACTGCTGAT-1,"CD4-positive, alpha-beta T cell","CD4-positive, alpha-beta T cell","CD4-positive, alpha-beta T cell","CD4-positive, alpha-beta T cell","CD4-positive, alpha-beta T cell","CD4-positive, alpha-beta T cell","CD4-positive, alpha-beta T cell",6,"CD4-positive, alpha-beta T cell",6,"CD4-positive, alpha-beta T cell"
GCTTAACTTAGACC-1,classical monocyte,monocyte,erythrocyte,monocyte,myeloid dendritic cell,myeloid dendritic cell,myeloid dendritic cell,2,monocyte,2,myeloid leukocyte
GCTTAACTTCAGTG-1,"CD4-positive, alpha-beta T cell","CD4-positive, alpha-beta T cell",innate lymphoid cell,innate lymphoid cell,innate lymphoid cell,T cell,innate lymphoid cell,3,innate lymphoid cell,3,lymphocyte
GGAACACTCACTTT-1,classical monocyte,non-classical monocyte,erythrocyte,neutrophil,myeloid dendritic cell,non-classical monocyte,non-classical monocyte,2,non-classical monocyte,2,myeloid leukocyte
GGAACACTTCAGAC-1,platelet,platelet,platelet,platelet,platelet,platelet,platelet,6,platelet,6,serotonin secreting cell
GGAACTACTACTTC-1,"CD4-positive, alpha-beta T cell","CD4-positive, alpha-beta thymocyte",innate lymphoid cell,innate lymphoid cell,innate lymphoid cell,innate lymphoid cell,innate lymphoid cell,4,innate lymphoid cell,4,innate lymphoid cell
GGAACTTGAAGGTA-1,monocyte,monocyte,monocyte,myeloid dendritic cell,monocyte,monocyte,monocyte,5,monocyte,5,monocyte
GGAACTTGAGAATG-1,"CD8-positive, alpha-beta T cell","CD4-positive, alpha-beta T cell","naive thymus-derived CD8-positive, alpha-beta T cell","CD4-positive, alpha-beta T cell",innate lymphoid cell,"CD8-positive, alpha-beta T cell","CD8-positive, alpha-beta T cell",2,"CD4-positive, alpha-beta T cell",2,mature alpha-beta T cell
GGAACTTGCTCCAC-1,monocyte,myeloid dendritic cell,granulocyte,myeloid dendritic cell,myeloid dendritic cell,monocyte,myeloid dendritic cell,3,myeloid dendritic cell,3,myeloid leukocyte
GGAACTTGGGTAGG-1,B cell,B cell,B cell,innate lymphoid cell,B cell,B cell,B cell,5,B cell,5,B cell
GGAAGGACATCGGT-1,classical monocyte,monocyte,basophil,myeloid dendritic cell,myeloid dendritic cell,monocyte,myeloid dendritic cell,2,monocyte,2,myeloid leukocyte
GGAAGGACCACTAG-1,"CD4-positive, alpha-beta T cell","CD8-positive, alpha-beta T cell","naive thymus-derived CD4-positive, alpha-beta T cell","naive thymus-derived CD4-positive, alpha-beta T cell","naive thymus-derived CD4-positive, alpha-beta T cell","naive thymus-derived CD4-positive, alpha-beta T cell","naive thymus-derived CD4-positive, alpha-beta T cell",4,"naive thymus-derived CD4-positive, alpha-beta T cell",4,"naive thymus-derived CD4-positive, alpha-beta T cell"
GGAAGGACGAGGGT-1,"CD4-positive, alpha-beta T cell","CD4-positive, alpha-beta T cell","naive thymus-derived CD4-positive, alpha-beta T cell","naive thymus-derived CD4-positive, alpha-beta T cell","naive thymus-derived CD4-positive, alpha-beta T cell","naive thymus-derived CD4-positive, alpha-beta T cell","naive thymus-derived CD4-positive, alpha-beta T cell",4,"naive thymus-derived CD4-positive, alpha-beta T cell",4,"naive thymus-derived CD4-positive, alpha-beta T cell"
GGAAGGACGCGAAG-1,"CD8-positive, alpha-beta T cell","CD4-positive, alpha-beta T cell","CD8-positive, alpha-beta T cell","CD8-positive, alpha-beta T cell","CD8-positive, alpha-beta T cell","CD8-positive, alpha-beta T cell","CD8-positive, alpha-beta T cell",5,"CD8-positive, alpha-beta T cell",5,"CD8-positive, alpha-beta T cell"
GGAAGGTGGCGAGA-1,natural killer cell,natural killer cell,natural killer cell,natural killer cell,natural killer cell,natural killer cell,natural killer cell,6,natural killer cell,6,natural killer cell
GGAATCTGAAGGGC-1,"CD4-positive, alpha-beta T cell",regulatory T cell,innate lymphoid cell,"CD4-positive, alpha-beta T cell",innate lymphoid cell,"CD4-positive, alpha-beta T cell","CD4-positive, alpha-beta T cell",3,"CD4-positive, alpha-beta T cell",3,mature T cell
GGAATCTGAGGAGC-1,"CD4-positive, alpha-beta T cell","CD4-positive, alpha-beta T cell",regulatory T cell,regulatory T cell,"naive thymus-derived CD4-positive, alpha-beta T cell","CD4-positive, alpha-beta T cell","CD4-positive, alpha-beta T cell",4,"CD4-positive, alpha-beta T cell",3,"CD4-positive, alpha-beta T cell"
GGAATCTGCTTAGG-1,B cell,B cell,B cell,B cell,B cell,B cell,B cell,6,B cell,6,B cell
GGAATCTGCTTGTT-1,monocyte,monocyte,monocyte,monocyte,monocyte,monocyte,monocyte,6,monocyte,6,monocyte
GGAATCTGGGAGGT-1,"CD4-positive, alpha-beta T cell","naive thymus-derived CD4-positive, alpha-beta T cell",innate lymphoid cell,"naive thymus-derived CD4-positive, alpha-beta T cell",innate lymphoid cell,innate lymphoid cell,innate lymphoid cell,3,innate lymphoid cell,3,lymphocyte
GGAATGCTTTCTAC-1,"CD4-positive, alpha-beta T cell","CD4-positive, alpha-beta thymocyte",stromal cell,"naive thymus-derived CD4-positive, alpha-beta T cell",innate lymphoid cell,innate lymphoid cell,innate lymphoid cell,2,innate lymphoid cell,2,lymphocyte
GGACAGGAAAGGGC-1,"CD4-positive, alpha-beta T cell","CD8-positive, alpha-beta T cell","CD8-positive, alpha-beta T cell","CD8-positive, alpha-beta T cell","CD8-positive, alpha-beta T cell","CD8-positive, alpha-beta T cell","CD8-positive, alpha-beta T cell",5,"CD8-positive, alpha-beta T cell",5,"CD8-positive, alpha-beta T cell"
GGACAGGAGTGCTA-1,B cell,B cell,B cell,B cell,B cell,B cell,B cell,6,B cell,6,B cell
GGACAGGATCTCGC-1,"CD4-positive, alpha-beta T cell","CD4-positive, alpha-beta T cell","naive thymus-derived CD4-positive, alpha-beta T cell","CD4-positive, alpha-beta T cell","naive thymus-derived CD4-positive, alpha-beta T cell","naive thymus-derived CD4-positive, alpha-beta T cell","CD4-positive, alpha-beta T cell",4,"CD4-positive, alpha-beta T cell",3,"CD4-positive, alpha-beta T cell"
GGACCCGAAGCTAC-1,macrophage,non-classical monocyte,monocyte,classical monocyte,monocyte,classical monocyte,classical monocyte,2,classical monocyte,2,monocyte
GGACCGTGCTTACT-1,macrophage,myeloid dendritic cell,myeloid dendritic cell,myeloid dendritic cell,myeloid dendritic cell,myeloid dendritic cell,myeloid dendritic cell,5,myeloid dendritic cell,5,conventional dendritic cell
GGACCGTGGGAACG-1,macrophage,myeloid dendritic cell,myeloid dendritic cell,myeloid dendritic cell,myeloid dendritic cell,myeloid dendritic cell,myeloid dendritic cell,5,myeloid dendritic cell,5,conventional dendritic cell
GGACCGTGTAACGC-1,"CD4-positive, alpha-beta T cell","CD4-positive, alpha-beta T cell","CD8-positive, alpha-beta thymocyte","CD4-positive, alpha-beta T cell",innate lymphoid cell,innate lymphoid cell,"CD4-positive, alpha-beta T cell",3,"CD4-positive, alpha-beta T cell",3,alpha-beta T cell
GGACCTCTGTAAGA-1,monocyte,monocyte,erythrocyte,intermediate monocyte,non-classical monocyte,non-classical monocyte,monocyte,3,monocyte,2,monocyte
GGACCTCTTTTCTG-1,"CD8-positive, alpha-beta T cell","CD8-positive, alpha-beta T cell","CD8-positive, alpha-beta T cell",myeloid dendritic cell,myeloid dendritic cell,"CD8-positive, alpha-beta T cell","CD8-positive, alpha-beta T cell",4,"CD8-positive, alpha-beta T cell",4,"CD8-positive, alpha-beta T cell"
GGACGAGAGTGTCA-1,monocyte,monocyte,basophil,granulocyte,monocyte,monocyte,monocyte,4,monocyte,4,monocyte
GGACGCTGACGCAT-1,"CD8-positive, alpha-beta T cell","CD8-positive, alpha-beta T cell",stromal cell,"CD8-positive, alpha-beta T cell","CD8-positive, alpha-beta T cell","CD8-positive, alpha-beta T cell","CD8-positive, alpha-beta T cell",5,"CD8-positive, alpha-beta T cell",5,"CD8-positive, alpha-beta T cell"
GGACGCTGCTAGCA-1,"CD4-positive, alpha-beta T cell","CD4-positive, alpha-beta T cell",innate lymphoid cell,"CD4-positive, alpha-beta T cell",innate lymphoid cell,innate lymphoid cell,"CD4-positive, alpha-beta T cell",3,"CD4-positive, alpha-beta T cell",3,lymphocyte
GGACGCTGTCCTCG-1,natural killer cell,natural killer cell,natural killer cell,natural killer cell,natural killer cell,natural killer cell,natural killer cell,6,natural killer cell,6,natural killer cell
GGAGCCACCTTCTA-1,B cell,B cell,B cell,B cell,B cell,B cell,B cell,6,B cell,6,B cell
GGAGCGCTACGCAT-1,classical monocyte,myeloid dendritic cell,intermediate monocyte,myeloid dendritic cell,myeloid dendritic cell,classical monocyte,myeloid dendritic cell,3,myeloid dendritic cell,3,myeloid leukocyte
GGAGCGCTCCGAAT-1,"CD4-positive, alpha-beta T cell","CD4-positive, alpha-beta T cell","naive thymus-derived CD4-positive, alpha-beta T cell","CD4-positive, alpha-beta T cell","naive thymus-derived CD4-positive, alpha-beta T cell","naive thymus-derived CD4-positive, alpha-beta T cell","CD4-positive, alpha-beta T cell",4,"CD4-positive, alpha-beta T cell",3,"CD4-positive, alpha-beta T cell"
GGAGGATGCCACCT-1,"CD4-positive, alpha-beta T cell","CD4-positive, alpha-beta thymocyte",stromal cell,"CD4-positive, alpha-beta T cell",myeloid dendritic cell,innate lymphoid cell,"CD4-positive, alpha-beta T cell",2,"CD4-positive, alpha-beta T cell",2,lymphocyte
GGAGGATGGTTGAC-1,macrophage,myeloid dendritic cell,basophil,myeloid dendritic cell,myeloid dendritic cell,basophil,myeloid dendritic cell,3,myeloid dendritic cell,3,professional antigen presenting cell
GGAGGATGTCAGTG-1,classical monocyte,myeloid dendritic cell,myeloid dendritic cell,granulocyte,myeloid dendritic cell,myeloid dendritic cell,myeloid dendritic cell,4,myeloid dendritic cell,4,conventional dendritic cell
GGAGGCCTCGTTGA-1,"CD8-positive, alpha-beta T cell",natural killer cell,natural killer cell,natural killer cell,natural killer cell,natural killer cell,natural killer cell,5,natural killer cell,5,natural killer cell
GGAGGCCTTTCTTG-1,"CD4-positive, alpha-beta T cell","naive thymus-derived CD4-positive, alpha-beta T cell",stromal cell,"CD4-positive, alpha-beta T cell","CD4-positive, alpha-beta T cell","CD4-positive, alpha-beta T cell","CD4-positive, alpha-beta T cell",4,"CD4-positive, alpha-beta T cell",4,"CD4-positive, alpha-beta T cell"
GGAGGTGATACGCA-1,"CD4-positive, alpha-beta T cell","CD4-positive, alpha-beta T cell",innate lymphoid cell,"CD4-positive, alpha-beta T cell",innate lymphoid cell,innate lymphoid cell,"CD4-positive, alpha-beta T cell",3,"CD4-positive, alpha-beta T cell",3,lymphocyte
GGAGGTGATCGCTC-1,"CD4-positive, alpha-beta T cell","CD4-positive, alpha-beta T cell","CD8-positive, alpha-beta thymocyte","CD4-positive, alpha-beta T cell",innate lymphoid cell,mature NK T cell,"CD4-positive, alpha-beta T cell",3,"CD4-positive, alpha-beta T cell",3,mature alpha-beta T cell
GGATACTGCAGCTA-1,"CD4-positive, alpha-beta T cell","naive thymus-derived CD4-positive, alpha-beta T cell","CD4-positive, alpha-beta T cell",neutrophil,"CD4-positive, alpha-beta T cell","CD4-positive, alpha-beta T cell","CD4-positive, alpha-beta T cell",4,"CD4-positive, alpha-beta T cell",4,"CD4-positive, alpha-beta T cell"
GGATACTGTCTAGG-1,"CD4-positive, alpha-beta T cell","CD4-positive, alpha-beta T cell",serous cell of epithelium of trachea,thymocyte,innate lymphoid cell,innate lymphoid cell,"CD4-positive, alpha-beta T cell",2,"CD4-positive, alpha-beta T cell",2,lymphocyte
GGATAGCTCGTCTC-1,"CD4-positive, alpha-beta T cell",regulatory T cell,"CD4-positive, alpha-beta T cell","CD4-positive, alpha-beta T cell","naive thymus-derived CD4-positive, alpha-beta T cell","CD4-positive, alpha-beta T cell","CD4-positive, alpha-beta T cell",5,"CD4-positive, alpha-beta T cell",4,"CD4-positive, alpha-beta T cell"
GGATAGCTCTGAAC-1,"CD8-positive, alpha-beta T cell","CD8-positive, alpha-beta T cell","naive thymus-derived CD8-positive, alpha-beta T cell","CD8-positive, alpha-beta T cell","CD8-positive, alpha-beta T cell","CD8-positive, alpha-beta T cell","CD8-positive, alpha-beta T cell",5,"CD8-positive, alpha-beta T cell",5,"CD8-positive, alpha-beta T cell"
GGATGTACCAAAGA-1,B cell,B cell,B cell,B cell,B cell,B cell,B cell,6,B cell,6,B cell
GGATGTACGCGAAG-1,"CD4-positive, alpha-beta T cell",regulatory T cell,B cell,"CD4-positive, alpha-beta thymocyte",regulatory T cell,"naive thymus-derived CD4-positive, alpha-beta T cell",regulatory T cell,2,regulatory T cell,2,mature T cell
GGATGTACGTCTTT-1,classical monocyte,monocyte,monocyte,myeloid dendritic cell,monocyte,monocyte,monocyte,4,monocyte,4,monocyte
GGATGTACGTGTCA-1,"CD8-positive, alpha-beta T cell","CD8-positive, alpha-beta T cell","CD8-positive, alpha-beta T cell","CD8-positive, alpha-beta T cell","CD8-positive, alpha-beta T cell","CD8-positive, alpha-beta T cell","CD8-positive, alpha-beta T cell",6,"CD8-positive, alpha-beta T cell",6,"CD8-positive, alpha-beta T cell"
GGATTTCTAGGTTC-1,"CD4-positive, alpha-beta T cell",regulatory T cell,plasma cell,regulatory T cell,"naive thymus-derived CD4-positive, alpha-beta T cell","CD4-positive, alpha-beta T cell","CD4-positive, alpha-beta T cell",3,"CD4-positive, alpha-beta T cell",2,mature T cell
GGATTTCTTTGTCT-1,monocyte,myeloid dendritic cell,non-classical monocyte,mononuclear phagocyte,non-classical monocyte,non-classical monocyte,non-classical monocyte,3,non-classical monocyte,3,mononuclear phagocyte
GGCAAGGAAAAAGC-1,natural killer cell,natural killer cell,natural killer cell,natural killer cell,natural killer cell,natural killer cell,natural killer cell,6,natural killer cell,6,natural killer cell
GGCAAGGAAGAAGT-1,"CD4-positive, alpha-beta T cell","CD4-positive, alpha-beta T cell",innate lymphoid cell,"CD4-positive, alpha-beta T cell",innate lymphoid cell,innate lymphoid cell,"CD4-positive, alpha-beta T cell",3,"CD4-positive, alpha-beta T cell",3,lymphocyte
GGCAAGGACTTGGA-1,macrophage,myeloid dendritic cell,monocyte,monocyte,monocyte,monocyte,monocyte,4,monocyte,4,monocyte
GGCAAGGAGGACTT-1,"CD4-positive, alpha-beta T cell","CD4-positive, alpha-beta T cell","naive thymus-derived CD4-positive, alpha-beta T cell","CD4-positive, alpha-beta T cell","naive thymus-derived CD4-positive, alpha-beta T cell","naive thymus-derived CD4-positive, alpha-beta T cell","CD4-positive, alpha-beta T cell",4,"CD4-positive, alpha-beta T cell",3,"CD4-positive, alpha-beta T cell"
GGCAATACGCTAAC-1,B cell,B cell,B cell,B cell,B cell,B cell,B cell,6,B cell,6,B cell
GGCAATACGGCATT-1,"CD8-positive, alpha-beta T cell","CD8-positive, alpha-beta T cell","CD8-positive, alpha-beta thymocyte","CD8-positive, alpha-beta thymocyte","CD8-positive, alpha-beta T cell","CD8-positive, alpha-beta thymocyte","CD8-positive, alpha-beta T cell",3,"CD8-positive, alpha-beta T cell",3,alpha-beta T cell
GGCAATACGTTTCT-1,B cell,B cell,B cell,B cell,B cell,B cell,B cell,6,B cell,6,B cell
GGCACGTGGCTTAG-1,macrophage,myeloid dendritic cell,non-classical monocyte,non-classical monocyte,non-classical monocyte,non-classical monocyte,non-classical monocyte,4,non-classical monocyte,4,non-classical monocyte
GGCACGTGTGAGAA-1,B cell,plasma cell,plasma cell,plasma cell,plasma cell,plasma cell,plasma cell,5,plasma cell,5,plasma cell
GGCACTCTTTTGTC-1,"CD4-positive, alpha-beta T cell","CD4-positive, alpha-beta T cell","naive thymus-derived CD4-positive, alpha-beta T cell","CD4-positive, alpha-beta T cell","naive thymus-derived CD4-positive, alpha-beta T cell","naive thymus-derived CD4-positive, alpha-beta T cell","CD4-positive, alpha-beta T cell",4,"CD4-positive, alpha-beta T cell",3,"CD4-positive, alpha-beta T cell"
GGCATATGCTTATC-1,natural killer cell,natural killer cell,natural killer cell,natural killer cell,natural killer cell,natural killer cell,natural killer cell,6,natural killer cell,6,natural killer cell
GGCATATGTGTGAC-1,"CD4-positive, alpha-beta T cell","CD4-positive, alpha-beta T cell",paneth cell of epithelium of small intestine,"CD8-positive, alpha-beta T cell","naive thymus-derived CD4-positive, alpha-beta T cell","naive thymus-derived CD4-positive, alpha-beta T cell","CD4-positive, alpha-beta T cell",3,"CD4-positive, alpha-beta T cell",2,"CD4-positive, alpha-beta T cell"
GGCCACGACAGAGG-1,"CD4-positive, alpha-beta T cell","CD4-positive, alpha-beta T cell",innate lymphoid cell,innate lymphoid cell,innate lymphoid cell,innate lymphoid cell,innate lymphoid cell,4,innate lymphoid cell,4,innate lymphoid cell
GGCCAGACTGGTTG-1,"CD4-positive, alpha-beta T cell","naive thymus-derived CD4-positive, alpha-beta T cell","naive thymus-derived CD4-positive, alpha-beta T cell","CD4-positive, alpha-beta T cell","naive thymus-derived CD4-positive, alpha-beta T cell","CD4-positive, alpha-beta T cell","CD4-positive, alpha-beta T cell",4,"CD4-positive, alpha-beta T cell",3,"CD4-positive, alpha-beta T cell"
GGCCCAGAAAGTAG-1,monocyte,monocyte,monocyte,myeloid dendritic cell,monocyte,monocyte,monocyte,5,monocyte,5,monocyte
GGCCGAACAACGAA-1,"CD4-positive, alpha-beta T cell","CD4-positive, alpha-beta T cell","CD4-positive, alpha-beta T cell","CD4-positive, alpha-beta T cell",innate lymphoid cell,"CD4-positive, alpha-beta T cell","CD4-positive, alpha-beta T cell",5,"CD4-positive, alpha-beta T cell",5,"CD4-positive, alpha-beta T cell"
GGCCGAACGCAGAG-1,"CD4-positive, alpha-beta T cell","CD4-positive, alpha-beta T cell",innate lymphoid cell,T cell,innate lymphoid cell,innate lymphoid cell,innate lymphoid cell,3,innate lymphoid cell,3,lymphocyte
GGCCGAACGTAGGG-1,"CD4-positive, alpha-beta T cell","CD4-positive, alpha-beta thymocyte","CD8-positive, alpha-beta thymocyte","CD4-positive, alpha-beta T cell","naive thymus-derived CD4-positive, alpha-beta T cell","CD4-positive, alpha-beta thymocyte","CD4-positive, alpha-beta T cell",3,"CD4-positive, alpha-beta T cell",2,alpha-beta T cell
GGCCGAACTCTAGG-1,"CD8-positive, alpha-beta T cell",natural killer cell,natural killer cell,natural killer cell,natural killer cell,natural killer cell,natural killer cell,5,natural killer cell,5,natural killer cell
GGCCGATGCAGGAG-1,"CD4-positive, alpha-beta T cell","naive thymus-derived CD4-positive, alpha-beta T cell","CD4-positive, alpha-beta thymocyte","CD4-positive, alpha-beta T cell","naive thymus-derived CD4-positive, alpha-beta T cell","CD4-positive, alpha-beta T cell","CD4-positive, alpha-beta T cell",4,"CD4-positive, alpha-beta T cell",3,"CD4-positive, alpha-beta T cell"
GGCCGATGCCGAAT-1,"CD4-positive, alpha-beta T cell","CD4-positive, alpha-beta T cell","CD4-positive, alpha-beta T cell","CD4-positive, alpha-beta T cell","naive thymus-derived CD4-positive, alpha-beta T cell","CD4-positive, alpha-beta T cell","CD4-positive, alpha-beta T cell",6,"CD4-positive, alpha-beta T cell",5,"CD4-positive, alpha-beta T cell"
GGCCGATGTACTCT-1,"CD8-positive, alpha-beta T cell","CD8-positive, alpha-beta T cell","CD8-positive, alpha-beta thymocyte","CD8-positive, alpha-beta T cell","CD8-positive, alpha-beta T cell","CD8-positive, alpha-beta thymocyte","CD8-positive, alpha-beta T cell",4,"CD8-positive, alpha-beta T cell",4,"CD8-positive, alpha-beta T cell"
GGCGACACTGCCCT-1,"CD8-positive, alpha-beta T cell",mature NK T cell,mature NK T cell,"naive thymus-derived CD8-positive, alpha-beta T cell","CD8-positive, alpha-beta T cell","CD8-positive, alpha-beta T cell","CD8-positive, alpha-beta T cell",3,"CD8-positive, alpha-beta T cell",3,"CD8-positive, alpha-beta T cell"
GGCGACTGCGTAAC-1,"CD4-positive, alpha-beta T cell","CD4-positive, alpha-beta T cell","CD4-positive, alpha-beta thymocyte","CD4-positive, alpha-beta T cell","naive thymus-derived CD4-positive, alpha-beta T cell",innate lymphoid cell,"CD4-positive, alpha-beta T cell",4,"CD4-positive, alpha-beta T cell",3,"CD4-positive, alpha-beta T cell"
GGCGCATGCCTAAG-1,macrophage,non-classical monocyte,plasma cell,non-classical monocyte,non-classical monocyte,monocyte,non-classical monocyte,3,non-classical monocyte,3,monocyte
GGCGCATGCTCCAC-1,"CD4-positive, alpha-beta T cell","naive thymus-derived CD4-positive, alpha-beta T cell","naive thymus-derived CD4-positive, alpha-beta T cell",innate lymphoid cell,innate lymphoid cell,"naive thymus-derived CD4-positive, alpha-beta T cell","naive thymus-derived CD4-positive, alpha-beta T cell",3,"naive thymus-derived CD4-positive, alpha-beta T cell",3,"CD4-positive, alpha-beta T cell"
GGCGCATGTGGAAA-1,"CD4-positive, alpha-beta T cell","CD4-positive, alpha-beta T cell",innate lymphoid cell,"CD4-positive, alpha-beta T cell",innate lymphoid cell,innate lymphoid cell,"CD4-positive, alpha-beta T cell",3,"CD4-positive, alpha-beta T cell",3,lymphocyte
GGCGGACTAGAGGC-1,"CD4-positive, alpha-beta T cell","CD4-positive, alpha-beta T cell","CD4-positive, alpha-beta T cell",innate lymphoid cell,"naive thymus-derived CD4-positive, alpha-beta T cell",innate lymphoid cell,"CD4-positive, alpha-beta T cell",4,"CD4-positive, alpha-beta T cell",3,"CD4-positive, alpha-beta T cell"
GGCGGACTAGGAGC-1,"CD4-positive, alpha-beta T cell","CD8-positive, alpha-beta T cell","CD8-positive, alpha-beta thymocyte","CD8-positive, alpha-beta T cell","CD8-positive, alpha-beta T cell","CD8-positive, alpha-beta thymocyte","CD8-positive, alpha-beta T cell",3,"CD8-positive, alpha-beta T cell",3,mature alpha-beta T cell
GGCGGACTCTGACA-1,"CD4-positive, alpha-beta T cell","naive thymus-derived CD4-positive, alpha-beta T cell",innate lymphoid cell,"CD4-positive, alpha-beta T cell","naive thymus-derived CD4-positive, alpha-beta T cell",innate lymphoid cell,"CD4-positive, alpha-beta T cell",3,"CD4-positive, alpha-beta T cell",2,"CD4-positive, alpha-beta T cell"
GGCGGACTCTTGGA-1,"CD8-positive, alpha-beta T cell","CD8-positive, alpha-beta T cell","CD8-positive, alpha-beta T cell","CD8-positive, alpha-beta T cell","CD8-positive, alpha-beta T cell","CD8-positive, alpha-beta T cell","CD8-positive, alpha-beta T cell",6,"CD8-positive, alpha-beta T cell",6,"CD8-positive, alpha-beta T cell"
GGCGGACTTACTGG-1,"CD8-positive, alpha-beta T cell","CD8-positive, alpha-beta T cell","CD8-positive, alpha-beta thymocyte","CD8-positive, alpha-beta T cell",innate lymphoid cell,innate lymphoid cell,"CD8-positive, alpha-beta T cell",3,"CD8-positive, alpha-beta T cell",3,alpha-beta T cell
GGCGGACTTGAACC-1,"CD4-positive, alpha-beta T cell","naive thymus-derived CD4-positive, alpha-beta T cell",innate lymphoid cell,innate lymphoid cell,"naive thymus-derived CD4-positive, alpha-beta T cell",innate lymphoid cell,innate lymphoid cell,3,innate lymphoid cell,3,lymphocyte
GGCTAAACACCTGA-1,natural killer cell,natural killer cell,mature NK T cell,mature NK T cell,natural killer cell,mature NK T cell,mature NK T cell,3,mature NK T cell,3,lymphocyte
GGCTAAACTCTTAC-1,"CD4-positive, alpha-beta T cell","naive thymus-derived CD4-positive, alpha-beta T cell","CD4-positive, alpha-beta T cell","CD4-positive, alpha-beta T cell","naive thymus-derived CD4-positive, alpha-beta T cell","CD4-positive, alpha-beta T cell","CD4-positive, alpha-beta T cell",5,"CD4-positive, alpha-beta T cell",4,"CD4-positive, alpha-beta T cell"
GGCTAATGAGCACT-1,"CD8-positive, alpha-beta T cell","CD8-positive, alpha-beta T cell","CD8-positive, alpha-beta T cell","CD8-positive, alpha-beta T cell","CD8-positive, alpha-beta T cell","CD8-positive, alpha-beta T cell","CD8-positive, alpha-beta T cell",6,"CD8-positive, alpha-beta T cell",6,"CD8-positive, alpha-beta T cell"
GGCTAATGGTCTAG-1,"CD4-positive, alpha-beta T cell","CD4-positive, alpha-beta thymocyte","naive thymus-derived CD4-positive, alpha-beta T cell","CD4-positive, alpha-beta T cell","naive thymus-derived CD4-positive, alpha-beta T cell","naive thymus-derived CD4-positive, alpha-beta T cell","CD4-positive, alpha-beta T cell",3,"naive thymus-derived CD4-positive, alpha-beta T cell",3,"CD4-positive, alpha-beta T cell"
GGCTCACTACTCAG-1,monocyte,monocyte,monocyte,myeloid dendritic cell,myeloid dendritic cell,classical monocyte,monocyte,3,monocyte,3,monocyte
GGGAACGAAGCTCA-1,macrophage,myeloid dendritic cell,non-classical monocyte,non-classical monocyte,non-classical monocyte,non-classical monocyte,non-classical monocyte,4,non-classical monocyte,4,non-classical monocyte
GGGAACGACACAAC-1,B cell,B cell,B cell,B cell,B cell,B cell,B cell,6,B cell,6,B cell
GGGAACGAGTGTCA-1,classical monocyte,myeloid dendritic cell,monocyte,monocyte,myeloid dendritic cell,monocyte,monocyte,3,monocyte,3,monocyte
GGGAAGTGTTGAGC-1,classical monocyte,monocyte,monocyte,myeloid dendritic cell,monocyte,monocyte,monocyte,4,monocyte,4,monocyte
GGGACCACACGTTG-1,"CD8-positive, alpha-beta T cell","CD8-positive, alpha-beta T cell",mature NK T cell,natural killer cell,myeloid dendritic cell,"naive thymus-derived CD8-positive, alpha-beta T cell","CD8-positive, alpha-beta T cell",2,"CD8-positive, alpha-beta T cell",2,mature alpha-beta T cell
GGGACCACAGAACA-1,"CD4-positive, alpha-beta T cell","CD4-positive, alpha-beta thymocyte",innate lymphoid cell,"CD4-positive, alpha-beta T cell",innate lymphoid cell,innate lymphoid cell,innate lymphoid cell,3,innate lymphoid cell,3,lymphocyte
GGGACCACGAATAG-1,"CD4-positive, alpha-beta T cell","naive thymus-derived CD4-positive, alpha-beta T cell","naive thymus-derived CD4-positive, alpha-beta T cell","CD4-positive, alpha-beta T cell","naive thymus-derived CD4-positive, alpha-beta T cell","naive thymus-derived CD4-positive, alpha-beta T cell","naive thymus-derived CD4-positive, alpha-beta T cell",4,"naive thymus-derived CD4-positive, alpha-beta T cell",4,"naive thymus-derived CD4-positive, alpha-beta T cell"
GGGACCACGTCATG-1,"CD4-positive, alpha-beta T cell","naive thymus-derived CD4-positive, alpha-beta T cell",enterocyte of epithelium proper of small intestine,"CD4-positive, alpha-beta thymocyte","CD4-positive, alpha-beta T cell","CD8-positive, alpha-beta thymocyte","CD4-positive, alpha-beta T cell",2,"CD4-positive, alpha-beta T cell",2,alpha-beta T cell
GGGACCACTCAAGC-1,"CD4-positive, alpha-beta T cell",regulatory T cell,thymocyte,"naive thymus-derived CD4-positive, alpha-beta T cell",innate lymphoid cell,thymocyte,thymocyte,2,thymocyte,2,T cell
GGGACCACTCGTGA-1,"CD4-positive, alpha-beta T cell","naive thymus-derived CD4-positive, alpha-beta T cell",innate lymphoid cell,"CD4-positive, alpha-beta T cell",innate lymphoid cell,innate lymphoid cell,innate lymphoid cell,3,innate lymphoid cell,3,lymphocyte
GGGACCACTGCATG-1,"CD4-positive, alpha-beta T cell","naive thymus-derived CD4-positive, alpha-beta T cell",innate lymphoid cell,innate lymphoid cell,innate lymphoid cell,innate lymphoid cell,innate lymphoid cell,4,innate lymphoid cell,4,innate lymphoid cell
GGGACCTGACCCTC-1,monocyte,monocyte,basophil,myeloid dendritic cell,monocyte,monocyte,monocyte,4,monocyte,4,monocyte
GGGACCTGCTTGCC-1,"CD4-positive, alpha-beta T cell","naive thymus-derived CD4-positive, alpha-beta T cell","naive thymus-derived CD4-positive, alpha-beta T cell","CD4-positive, alpha-beta T cell","naive thymus-derived CD4-positive, alpha-beta T cell","naive thymus-derived CD4-positive, alpha-beta T cell","naive thymus-derived CD4-positive, alpha-beta T cell",4,"naive thymus-derived CD4-positive, alpha-beta T cell",4,"naive thymus-derived CD4-positive, alpha-beta T cell"
GGGACCTGTGGAGG-1,B cell,B cell,B cell,B cell,B cell,B cell,B cell,6,B cell,6,B cell
GGGATGGACGACAT-1,B cell,B cell,serous cell of epithelium of trachea,B cell,myeloid dendritic cell,innate lymphoid cell,B cell,3,B cell,3,lymphocyte
GGGATGGATACTTC-1,"CD4-positive, alpha-beta T cell","CD4-positive, alpha-beta T cell","CD8-positive, alpha-beta T cell","naive thymus-derived CD4-positive, alpha-beta T cell","naive thymus-derived CD4-positive, alpha-beta T cell","CD8-positive, alpha-beta T cell","CD4-positive, alpha-beta T cell",3,"CD4-positive, alpha-beta T cell",2,"CD4-positive, alpha-beta T cell"
GGGATGGATGGTTG-1,macrophage,myeloid dendritic cell,monocyte,intermediate monocyte,monocyte,monocyte,monocyte,3,monocyte,3,monocyte
GGGATTACGTCTAG-1,"CD4-positive, alpha-beta T cell","naive thymus-derived CD4-positive, alpha-beta T cell","CD8-positive, alpha-beta T cell","CD4-positive, alpha-beta thymocyte",innate lymphoid cell,"CD8-positive, alpha-beta T cell","CD8-positive, alpha-beta T cell",2,"CD8-positive, alpha-beta T cell",2,mature alpha-beta T cell
GGGCAAGATGCATG-1,classical monocyte,classical monocyte,non-classical monocyte,neutrophil,monocyte,monocyte,classical monocyte,2,classical monocyte,2,monocyte
GGGCACACGTTGCA-1,"CD4-positive, alpha-beta T cell","CD4-positive, alpha-beta T cell","CD4-positive, alpha-beta T cell","CD4-positive, alpha-beta T cell","naive thymus-derived CD4-positive, alpha-beta T cell","naive thymus-derived CD4-positive, alpha-beta T cell","CD4-positive, alpha-beta T cell",5,"CD4-positive, alpha-beta T cell",4,"CD4-positive, alpha-beta T cell"
GGGCAGCTTGGGAG-1,"CD8-positive, alpha-beta T cell","CD8-positive, alpha-beta T cell",mature NK T cell,"CD4-positive, alpha-beta T cell","CD8-positive, alpha-beta T cell",mature NK T cell,"CD8-positive, alpha-beta T cell",3,"CD8-positive, alpha-beta T cell",3,mature alpha-beta T cell
GGGCAGCTTTTCTG-1,"CD4-positive, alpha-beta T cell",regulatory T cell,innate lymphoid cell,"CD4-positive, alpha-beta T cell","naive thymus-derived CD4-positive, alpha-beta T cell","naive thymus-derived CD4-positive, alpha-beta T cell","CD4-positive, alpha-beta T cell",3,"CD4-positive, alpha-beta T cell",2,"CD4-positive, alpha-beta T cell"
GGGCCAACCTTGGA-1,monocyte,myeloid dendritic cell,B cell,myeloid dendritic cell,myeloid dendritic cell,myeloid dendritic cell,myeloid dendritic cell,4,myeloid dendritic cell,4,conventional dendritic cell
GGGCCAACGCGTTA-1,B cell,B cell,B cell,B cell,B cell,B cell,B cell,6,B cell,6,B cell
GGGCCAACTACGCA-1,monocyte,myeloid dendritic cell,monocyte,monocyte,monocyte,monocyte,monocyte,5,monocyte,5,monocyte
GGGCCAACTCCAAG-1,B cell,B cell,B cell,B cell,B cell,B cell,B cell,6,B cell,6,B cell
GGGCCATGATGGTC-1,"CD4-positive, alpha-beta T cell","CD4-positive, alpha-beta T cell","CD8-positive, alpha-beta thymocyte","CD8-positive, alpha-beta T cell","CD8-positive, alpha-beta T cell","CD8-positive, alpha-beta thymocyte","CD4-positive, alpha-beta T cell",2,"CD4-positive, alpha-beta T cell",2,mature alpha-beta T cell
GGGCCATGTTGACG-1,"CD4-positive, alpha-beta T cell","CD4-positive, alpha-beta T cell","CD8-positive, alpha-beta T cell","naive thymus-derived CD4-positive, alpha-beta T cell","naive thymus-derived CD4-positive, alpha-beta T cell","CD4-positive, alpha-beta T cell","CD4-positive, alpha-beta T cell",4,"CD4-positive, alpha-beta T cell",3,"CD4-positive, alpha-beta T cell"
GGGTAACTCAGCTA-1,"CD4-positive, alpha-beta T cell","CD4-positive, alpha-beta thymocyte",innate lymphoid cell,"CD8-positive, alpha-beta T cell",innate lymphoid cell,innate lymphoid cell,innate lymphoid cell,3,innate lymphoid cell,3,lymphocyte
GGGTAACTCTAGTG-1,B cell,B cell,B cell,B cell,B cell,B cell,B cell,6,B cell,6,B cell
GGGTAACTCTGGAT-1,"CD4-positive, alpha-beta thymocyte","naive thymus-derived CD4-positive, alpha-beta T cell",innate lymphoid cell,"CD4-positive, alpha-beta T cell",innate lymphoid cell,innate lymphoid cell,innate lymphoid cell,3,innate lymphoid cell,3,lymphocyte
GGGTTAACGTGCAT-1,natural killer cell,natural killer cell,natural killer cell,natural killer cell,natural killer cell,natural killer cell,natural killer cell,6,natural killer cell,6,natural killer cell
GGTAAAGAGCTAAC-1,"CD8-positive, alpha-beta T cell","CD8-positive, alpha-beta T cell","naive thymus-derived CD8-positive, alpha-beta T cell",natural killer cell,"naive thymus-derived CD8-positive, alpha-beta T cell","naive thymus-derived CD8-positive, alpha-beta T cell","CD8-positive, alpha-beta T cell",3,"naive thymus-derived CD8-positive, alpha-beta T cell",3,"CD8-positive, alpha-beta T cell"
GGTACAACTGCAAC-1,"CD4-positive, alpha-beta T cell","CD4-positive, alpha-beta thymocyte","CD4-positive, alpha-beta T cell","CD4-positive, alpha-beta T cell",innate lymphoid cell,"CD4-positive, alpha-beta thymocyte","CD4-positive, alpha-beta T cell",3,"CD4-positive, alpha-beta T cell",3,alpha-beta T cell
GGTACATGAAAGCA-1,B cell,B cell,B cell,B cell,B cell,B cell,B cell,6,B cell,6,B cell
GGTACATGAGCTCA-1,"CD4-positive, alpha-beta T cell","CD8-positive, alpha-beta T cell","CD8-positive, alpha-beta T cell","CD4-positive, alpha-beta T cell","CD8-positive, alpha-beta T cell","CD8-positive, alpha-beta T cell","CD8-positive, alpha-beta T cell",4,"CD8-positive, alpha-beta T cell",4,"CD8-positive, alpha-beta T cell"
GGTACATGCGGTAT-1,"CD4-positive, alpha-beta T cell",regulatory T cell,thymocyte,"CD4-positive, alpha-beta T cell","naive thymus-derived CD4-positive, alpha-beta T cell",thymocyte,"CD4-positive, alpha-beta T cell",3,"CD4-positive, alpha-beta T cell",2,mature T cell
GGTACATGGTTACG-1,regulatory T cell,"CD4-positive, alpha-beta T cell",stromal cell,"CD8-positive, alpha-beta T cell","CD8-positive, alpha-beta T cell",innate lymphoid cell,"CD8-positive, alpha-beta T cell",2,"CD8-positive, alpha-beta T cell",2,mature T cell
GGTACATGTGGGAG-1,"CD4-positive, alpha-beta T cell","CD4-positive, alpha-beta T cell",myo-medullary thymic epithelial cell,"CD4-positive, alpha-beta T cell","naive thymus-derived CD4-positive, alpha-beta T cell",innate lymphoid cell,"CD4-positive, alpha-beta T cell",4,"CD4-positive, alpha-beta T cell",3,"CD4-positive, alpha-beta T cell"
GGTACTGAACTCTT-1,classical monocyte,monocyte,monocyte,monocyte,monocyte,monocyte,monocyte,5,monocyte,5,monocyte
GGTAGTACACCACA-1,"CD8-positive, alpha-beta T cell","CD8-positive, alpha-beta T cell","CD8-positive, alpha-beta T cell","CD8-positive, alpha-beta T cell","CD8-positive, alpha-beta T cell","CD8-positive, alpha-beta T cell","CD8-positive, alpha-beta T cell",6,"CD8-positive, alpha-beta T cell",6,"CD8-positive, alpha-beta T cell"
GGTAGTACACTAGC-1,macrophage,myeloid dendritic cell,non-classical monocyte,monocyte,non-classical monocyte,monocyte,monocyte,3,monocyte,2,monocyte
GGTAGTACCCTGTC-1,"CD4-positive, alpha-beta T cell","CD4-positive, alpha-beta thymocyte","CD8-positive, alpha-beta thymocyte",innate lymphoid cell,innate lymphoid cell,innate lymphoid cell,innate lymphoid cell,3,innate lymphoid cell,3,lymphocyte
GGTAGTACGCCATA-1,monocyte,monocyte,monocyte,monocyte,monocyte,monocyte,monocyte,6,monocyte,6,monocyte
GGTAGTACTGTCTT-1,"CD4-positive, alpha-beta T cell","CD8-positive, alpha-beta T cell","CD8-positive, alpha-beta T cell","naive thymus-derived CD8-positive, alpha-beta T cell","CD8-positive, alpha-beta T cell","CD8-positive, alpha-beta T cell","CD8-positive, alpha-beta T cell",4,"CD8-positive, alpha-beta T cell",4,"CD8-positive, alpha-beta T cell"
GGTATCGAGACAAA-1,monocyte,myeloid dendritic cell,monocyte,myeloid dendritic cell,myeloid dendritic cell,monocyte,myeloid dendritic cell,3,monocyte,3,myeloid leukocyte
GGTATCGATGAACC-1,B cell,B cell,B cell,B cell,B cell,B cell,B cell,6,B cell,6,B cell
GGTCAAACCAAAGA-1,"CD4-positive, alpha-beta T cell","CD4-positive, alpha-beta T cell",non-classical monocyte,"CD4-positive, alpha-beta thymocyte",innate lymphoid cell,innate lymphoid cell,"CD4-positive, alpha-beta T cell",2,"CD4-positive, alpha-beta T cell",2,lymphocyte
GGTCTAGAGAAACA-1,classical monocyte,monocyte,monocyte,myeloid dendritic cell,monocyte,monocyte,monocyte,4,monocyte,4,monocyte
GGTCTAGATAGCGT-1,macrophage,myeloid dendritic cell,mononuclear phagocyte,myeloid dendritic cell,myeloid dendritic cell,myeloid dendritic cell,myeloid dendritic cell,4,myeloid dendritic cell,4,conventional dendritic cell
GGTGATACCGACTA-1,B cell,B cell,B cell,B cell,B cell,B cell,B cell,6,B cell,6,B cell
GGTGATACGACTAC-1,monocyte,monocyte,monocyte,myeloid dendritic cell,classical monocyte,monocyte,monocyte,5,monocyte,4,monocyte
GGTGATACTGTTTC-1,"CD4-positive, alpha-beta T cell","naive thymus-derived CD4-positive, alpha-beta T cell","CD4-positive, alpha-beta T cell","naive thymus-derived CD4-positive, alpha-beta T cell","naive thymus-derived CD4-positive, alpha-beta T cell","CD4-positive, alpha-beta T cell","CD4-positive, alpha-beta T cell",4,"CD4-positive, alpha-beta T cell",3,"CD4-positive, alpha-beta T cell"
GGTGGAGAAACGGG-1,natural killer cell,natural killer cell,smooth muscle cell,natural killer cell,myeloid dendritic cell,mature NK T cell,natural killer cell,3,natural killer cell,3,lymphocyte
GGTGGAGAAGTAGA-1,"CD4-positive, alpha-beta T cell","CD4-positive, alpha-beta T cell","CD4-positive, alpha-beta T cell","CD4-positive, alpha-beta T cell","CD4-positive, alpha-beta T cell","CD4-positive, alpha-beta T cell","CD4-positive, alpha-beta T cell",6,"CD4-positive, alpha-beta T cell",6,"CD4-positive, alpha-beta T cell"
GGTGGAGACAGATC-1,natural killer cell,natural killer cell,mature NK T cell,natural killer cell,natural killer cell,natural killer cell,natural killer cell,5,natural killer cell,5,natural killer cell
GGTGGAGATCGATG-1,"CD4-positive, alpha-beta T cell","CD4-positive, alpha-beta T cell",plasma cell,"CD4-positive, alpha-beta T cell","CD4-positive, alpha-beta T cell",innate lymphoid cell,"CD4-positive, alpha-beta T cell",4,"CD4-positive, alpha-beta T cell",4,"CD4-positive, alpha-beta T cell"
GGTGGAGATCTCTA-1,monocyte,classical monocyte,basophil,monocyte,monocyte,monocyte,monocyte,4,monocyte,4,monocyte
GGTGGAGATTACTC-1,"CD8-positive, alpha-beta T cell","CD8-positive, alpha-beta T cell","naive thymus-derived CD8-positive, alpha-beta T cell",natural killer cell,natural killer cell,"CD8-positive, alpha-beta T cell","CD8-positive, alpha-beta T cell",3,"CD8-positive, alpha-beta T cell",3,"CD8-positive, alpha-beta T cell"
GGTTTACTACGCAT-1,"CD8-positive, alpha-beta T cell","CD8-positive, alpha-beta T cell","CD8-positive, alpha-beta thymocyte","CD8-positive, alpha-beta T cell","CD8-positive, alpha-beta T cell","CD8-positive, alpha-beta T cell","CD8-positive, alpha-beta T cell",5,"CD8-positive, alpha-beta T cell",5,"CD8-positive, alpha-beta T cell"
GTAACGTGACCTCC-1,classical monocyte,myeloid dendritic cell,classical monocyte,granulocyte,monocyte,classical monocyte,classical monocyte,3,classical monocyte,3,monocyte
GTAACGTGATCGGT-1,B cell,B cell,B cell,B cell,B cell,B cell,B cell,6,B cell,6,B cell
GTAACGTGCAGCTA-1,B cell,B cell,B cell,B cell,B cell,B cell,B cell,6,B cell,6,B cell
GTAACGTGGTTGAC-1,B cell,B cell,B cell,B cell,B cell,B cell,B cell,6,B cell,6,B cell
GTAAGCACAACGGG-1,"CD4-positive, alpha-beta T cell","naive thymus-derived CD4-positive, alpha-beta T cell",stromal cell,"CD4-positive, alpha-beta T cell","naive thymus-derived CD4-positive, alpha-beta T cell","naive thymus-derived CD4-positive, alpha-beta T cell","CD4-positive, alpha-beta T cell",3,"naive thymus-derived CD4-positive, alpha-beta T cell",3,"CD4-positive, alpha-beta T cell"
GTAAGCACTCATTC-1,B cell,B cell,B cell,B cell,B cell,B cell,B cell,6,B cell,6,B cell
GTAAGCTGGTACCA-1,monocyte,monocyte,monocyte,monocyte,monocyte,monocyte,monocyte,6,monocyte,6,monocyte
GTAATAACCTTCTA-1,classical monocyte,myeloid dendritic cell,myeloid dendritic cell,intermediate monocyte,myeloid dendritic cell,classical monocyte,myeloid dendritic cell,3,myeloid dendritic cell,3,myeloid leukocyte
GTAATAACGTTGTG-1,"CD4-positive, alpha-beta T cell",regulatory T cell,innate lymphoid cell,"CD8-positive, alpha-beta thymocyte",innate lymphoid cell,innate lymphoid cell,innate lymphoid cell,3,innate lymphoid cell,3,lymphocyte
GTACCCTGACAGTC-1,macrophage,non-classical monocyte,non-classical monocyte,non-classical monocyte,non-classical monocyte,non-classical monocyte,non-classical monocyte,5,non-classical monocyte,5,non-classical monocyte
GTACCCTGGAGCTT-1,"CD4-positive, alpha-beta T cell","CD4-positive, alpha-beta T cell",stromal cell,innate lymphoid cell,"naive thymus-derived CD4-positive, alpha-beta T cell",innate lymphoid cell,"CD4-positive, alpha-beta T cell",3,"CD4-positive, alpha-beta T cell",2,lymphocyte
GTACCCTGTCCTTA-1,"CD8-positive, alpha-beta T cell","CD8-positive, alpha-beta T cell","CD8-positive, alpha-beta thymocyte","CD8-positive, alpha-beta T cell","CD8-positive, alpha-beta T cell","CD8-positive, alpha-beta T cell","CD8-positive, alpha-beta T cell",5,"CD8-positive, alpha-beta T cell",5,"CD8-positive, alpha-beta T cell"
GTACCCTGTGAACC-1,"CD4-positive, alpha-beta T cell","CD4-positive, alpha-beta T cell","CD8-positive, alpha-beta thymocyte","CD4-positive, alpha-beta T cell","naive thymus-derived CD4-positive, alpha-beta T cell",innate lymphoid cell,"CD4-positive, alpha-beta T cell",4,"CD4-positive, alpha-beta T cell",3,"CD4-positive, alpha-beta T cell"
GTACGTGAACGTTG-1,"CD8-positive, alpha-beta T cell","CD8-positive, alpha-beta T cell","CD8-positive, alpha-beta thymocyte","CD8-positive, alpha-beta T cell","CD8-positive, alpha-beta T cell","CD8-positive, alpha-beta T cell","CD8-positive, alpha-beta T cell",5,"CD8-positive, alpha-beta T cell",5,"CD8-positive, alpha-beta T cell"
GTACTTTGTCGACA-1,"CD8-positive, alpha-beta T cell","CD8-positive, alpha-beta T cell","CD8-positive, alpha-beta thymocyte",natural killer cell,innate lymphoid cell,leukocyte,"CD8-positive, alpha-beta T cell",2,"CD8-positive, alpha-beta T cell",2,lymphocyte
GTAGACTGAGATGA-1,macrophage,myeloid dendritic cell,classical monocyte,monocyte,classical monocyte,classical monocyte,classical monocyte,3,classical monocyte,3,monocyte
GTAGACTGTATTCC-1,"CD4-positive, alpha-beta T cell","CD4-positive, alpha-beta T cell",innate lymphoid cell,"naive thymus-derived CD8-positive, alpha-beta T cell",innate lymphoid cell,innate lymphoid cell,innate lymphoid cell,3,innate lymphoid cell,3,lymphocyte
GTAGCAACAGTCGT-1,monocyte,monocyte,monocyte,monocyte,monocyte,monocyte,monocyte,6,monocyte,6,monocyte
GTAGCAACCATTTC-1,B cell,B cell,B cell,B cell,B cell,B cell,B cell,6,B cell,6,B cell
GTAGCAACGGTAGG-1,monocyte,monocyte,monocyte,monocyte,monocyte,monocyte,monocyte,6,monocyte,6,monocyte
GTAGCATGCACTCC-1,B cell,B cell,B cell,B cell,B cell,B cell,B cell,6,B cell,6,B cell
GTAGCATGTAAGCC-1,monocyte,monocyte,monocyte,monocyte,monocyte,monocyte,monocyte,6,monocyte,6,monocyte
GTAGCCCTGACGTT-1,"CD4-positive, alpha-beta T cell","CD4-positive, alpha-beta T cell",stromal cell,B cell,"naive thymus-derived CD4-positive, alpha-beta T cell","CD4-positive, alpha-beta T cell","CD4-positive, alpha-beta T cell",4,"CD4-positive, alpha-beta T cell",3,"CD4-positive, alpha-beta T cell"
GTAGCTGAAGCTAC-1,macrophage,non-classical monocyte,non-classical monocyte,non-classical monocyte,non-classical monocyte,non-classical monocyte,non-classical monocyte,5,non-classical monocyte,5,non-classical monocyte
GTAGCTGAATTCGG-1,"CD4-positive, alpha-beta T cell","CD4-positive, alpha-beta thymocyte","naive thymus-derived CD4-positive, alpha-beta T cell","CD4-positive, alpha-beta T cell","naive thymus-derived CD4-positive, alpha-beta T cell","CD4-positive, alpha-beta T cell","CD4-positive, alpha-beta T cell",4,"CD4-positive, alpha-beta T cell",3,"CD4-positive, alpha-beta T cell"
GTAGGTACACGGGA-1,classical monocyte,monocyte,erythrocyte,myeloid dendritic cell,monocyte,classical monocyte,classical monocyte,2,classical monocyte,2,monocyte
GTAGTGACCTCATT-1,"CD4-positive, alpha-beta T cell","CD4-positive, alpha-beta T cell",erythrocyte,"CD8-positive, alpha-beta thymocyte","CD8-positive, alpha-beta thymocyte","CD8-positive, alpha-beta thymocyte","CD8-positive, alpha-beta thymocyte",3,"CD8-positive, alpha-beta thymocyte",3,alpha-beta T cell
GTAGTGTGAGCGGA-1,"CD8-positive, alpha-beta T cell",natural killer cell,natural killer cell,natural killer cell,natural killer cell,natural killer cell,natural killer cell,5,natural killer cell,5,natural killer cell
GTAGTGTGAGGCGA-1,classical monocyte,myeloid dendritic cell,erythrocyte,myeloid dendritic cell,myeloid dendritic cell,monocyte,myeloid dendritic cell,3,myeloid dendritic cell,3,myeloid leukocyte
GTAGTGTGTGGTTG-1,regulatory T cell,"CD4-positive, alpha-beta thymocyte",regulatory T cell,thymocyte,"CD8-positive, alpha-beta T cell",leukocyte,regulatory T cell,2,regulatory T cell,2,T cell
GTATCACTGGTAGG-1,macrophage,monocyte,monocyte,monocyte,myeloid dendritic cell,monocyte,monocyte,4,monocyte,4,monocyte
GTATCTACAGAAGT-1,"CD8-positive, alpha-beta T cell","CD8-positive, alpha-beta T cell","CD8-positive, alpha-beta T cell","CD8-positive, alpha-beta T cell","CD8-positive, alpha-beta T cell","CD8-positive, alpha-beta T cell","CD8-positive, alpha-beta T cell",6,"CD8-positive, alpha-beta T cell",6,"CD8-positive, alpha-beta T cell"
GTATCTACGACGAG-1,"CD8-positive, alpha-beta T cell","CD8-positive, alpha-beta T cell","CD8-positive, alpha-beta thymocyte","CD8-positive, alpha-beta T cell","CD8-positive, alpha-beta T cell","CD8-positive, alpha-beta thymocyte","CD8-positive, alpha-beta T cell",4,"CD8-positive, alpha-beta T cell",4,"CD8-positive, alpha-beta T cell"
GTATCTACGTTACG-1,"CD4-positive, alpha-beta T cell","CD4-positive, alpha-beta T cell","CD4-positive, alpha-beta T cell","CD4-positive, alpha-beta T cell",innate lymphoid cell,"CD4-positive, alpha-beta T cell","CD4-positive, alpha-beta T cell",5,"CD4-positive, alpha-beta T cell",5,"CD4-positive, alpha-beta T cell"
GTATTAGAAACAGA-1,"CD4-positive, alpha-beta T cell","CD4-positive, alpha-beta T cell","CD4-positive, alpha-beta T cell","naive thymus-derived CD4-positive, alpha-beta T cell","naive thymus-derived CD4-positive, alpha-beta T cell","CD4-positive, alpha-beta T cell","CD4-positive, alpha-beta T cell",5,"CD4-positive, alpha-beta T cell",4,"CD4-positive, alpha-beta T cell"
GTATTAGAGGTCTA-1,"CD4-positive, alpha-beta T cell","CD4-positive, alpha-beta thymocyte",erythrocyte,innate lymphoid cell,"CD4-positive, alpha-beta T cell","CD4-positive, alpha-beta T cell","CD4-positive, alpha-beta T cell",3,"CD4-positive, alpha-beta T cell",3,alpha-beta T cell
GTATTCACACAGCT-1,"CD4-positive, alpha-beta T cell","CD4-positive, alpha-beta T cell",thymocyte,"CD8-positive, alpha-beta T cell",innate lymphoid cell,thymocyte,"CD4-positive, alpha-beta T cell",2,"CD4-positive, alpha-beta T cell",2,T cell
GTATTCACGGGTGA-1,"CD8-positive, alpha-beta T cell","CD8-positive, alpha-beta T cell","CD8-positive, alpha-beta thymocyte","CD8-positive, alpha-beta T cell","CD8-positive, alpha-beta T cell","CD8-positive, alpha-beta thymocyte","CD8-positive, alpha-beta T cell",4,"CD8-positive, alpha-beta T cell",4,"CD8-positive, alpha-beta T cell"
GTCAACGACACTGA-1,"CD4-positive, alpha-beta T cell","CD4-positive, alpha-beta T cell",stromal cell,"naive thymus-derived CD4-positive, alpha-beta T cell","naive thymus-derived CD4-positive, alpha-beta T cell","naive thymus-derived CD4-positive, alpha-beta T cell","CD4-positive, alpha-beta T cell",3,"naive thymus-derived CD4-positive, alpha-beta T cell",3,"CD4-positive, alpha-beta T cell"
GTCAACGAGTGTAC-1,classical monocyte,monocyte,monocyte,non-classical monocyte,myeloid dendritic cell,monocyte,monocyte,3,monocyte,3,monocyte
GTCAATCTACACCA-1,"CD8-positive, alpha-beta T cell","CD8-positive, alpha-beta T cell","CD8-positive, alpha-beta T cell","CD4-positive, alpha-beta T cell","CD8-positive, alpha-beta T cell","CD8-positive, alpha-beta T cell","CD8-positive, alpha-beta T cell",5,"CD8-positive, alpha-beta T cell",5,"CD8-positive, alpha-beta T cell"
GTCAATCTGTAGCT-1,"CD4-positive, alpha-beta T cell","CD8-positive, alpha-beta T cell","CD8-positive, alpha-beta T cell","CD8-positive, alpha-beta T cell","CD8-positive, alpha-beta T cell","CD8-positive, alpha-beta T cell","CD8-positive, alpha-beta T cell",5,"CD8-positive, alpha-beta T cell",5,"CD8-positive, alpha-beta T cell"
GTCAATCTTGTGGT-1,"CD4-positive, alpha-beta T cell","naive thymus-derived CD4-positive, alpha-beta T cell",innate lymphoid cell,"CD4-positive, alpha-beta T cell","naive thymus-derived CD4-positive, alpha-beta T cell",innate lymphoid cell,"CD4-positive, alpha-beta T cell",3,"CD4-positive, alpha-beta T cell",2,"CD4-positive, alpha-beta T cell"
GTCACCTGCCTCCA-1,"CD4-positive, alpha-beta T cell","naive thymus-derived CD4-positive, alpha-beta T cell",stromal cell,"CD4-positive, alpha-beta thymocyte","naive thymus-derived CD4-positive, alpha-beta T cell","naive thymus-derived CD4-positive, alpha-beta T cell","naive thymus-derived CD4-positive, alpha-beta T cell",3,"naive thymus-derived CD4-positive, alpha-beta T cell",3,"CD4-positive, alpha-beta T cell"
GTCACCTGTCCCGT-1,"CD4-positive, alpha-beta T cell",T follicular helper cell,stromal cell,"CD8-positive, alpha-beta T cell","CD8-positive, alpha-beta thymocyte","CD4-positive, alpha-beta T cell","CD4-positive, alpha-beta T cell",2,"CD4-positive, alpha-beta T cell",2,mature alpha-beta T cell
GTCATACTAATCGC-1,B cell,B cell,B cell,B cell,B cell,B cell,B cell,6,B cell,6,B cell
GTCATACTGCGATT-1,"CD8-positive, alpha-beta T cell","CD8-positive, alpha-beta T cell",natural killer cell,"CD4-positive, alpha-beta T cell",natural killer cell,natural killer cell,natural killer cell,3,natural killer cell,3,lymphocyte
GTCATACTTCGCCT-1,platelet,platelet,platelet,platelet,platelet,platelet,platelet,6,platelet,6,serotonin secreting cell
GTCATACTTTACCT-1,"CD8-positive, alpha-beta T cell","CD8-positive, alpha-beta T cell","CD8-positive, alpha-beta T cell","CD8-positive, alpha-beta T cell","CD8-positive, alpha-beta T cell","CD8-positive, alpha-beta T cell","CD8-positive, alpha-beta T cell",6,"CD8-positive, alpha-beta T cell",6,"CD8-positive, alpha-beta T cell"
GTCATACTTTGACG-1,"CD4-positive, alpha-beta T cell","naive thymus-derived CD4-positive, alpha-beta T cell","CD4-positive, alpha-beta thymocyte","CD4-positive, alpha-beta T cell","naive thymus-derived CD4-positive, alpha-beta T cell","naive thymus-derived CD4-positive, alpha-beta T cell","CD4-positive, alpha-beta T cell",3,"naive thymus-derived CD4-positive, alpha-beta T cell",3,"CD4-positive, alpha-beta T cell"
GTCCAAGAAAAACG-1,"CD4-positive, alpha-beta T cell","naive thymus-derived CD4-positive, alpha-beta T cell","CD4-positive, alpha-beta thymocyte","CD4-positive, alpha-beta thymocyte","naive thymus-derived CD4-positive, alpha-beta T cell","CD4-positive, alpha-beta thymocyte","CD4-positive, alpha-beta thymocyte",3,"CD4-positive, alpha-beta thymocyte",3,alpha-beta T cell
GTCCACTGACCTCC-1,"CD4-positive, alpha-beta T cell","CD4-positive, alpha-beta T cell",thymocyte,innate lymphoid cell,innate lymphoid cell,innate lymphoid cell,innate lymphoid cell,3,innate lymphoid cell,3,lymphocyte
GTCCACTGGGTACT-1,macrophage,myeloid dendritic cell,non-classical monocyte,non-classical monocyte,non-classical monocyte,non-classical monocyte,non-classical monocyte,4,non-classical monocyte,4,non-classical monocyte
GTCCAGCTACGGGA-1,"CD4-positive, alpha-beta T cell","naive thymus-derived CD4-positive, alpha-beta T cell","CD4-positive, alpha-beta T cell","CD4-positive, alpha-beta T cell","naive thymus-derived CD4-positive, alpha-beta T cell","CD4-positive, alpha-beta T cell","CD4-positive, alpha-beta T cell",5,"CD4-positive, alpha-beta T cell",4,"CD4-positive, alpha-beta T cell"
GTCCCATGTGGTGT-1,macrophage,myeloid dendritic cell,monocyte,myeloid dendritic cell,monocyte,monocyte,monocyte,3,monocyte,3,myeloid leukocyte
GTCGAATGAAGGCG-1,classical monocyte,myeloid dendritic cell,myeloid dendritic cell,classical monocyte,myeloid dendritic cell,myeloid dendritic cell,myeloid dendritic cell,4,myeloid dendritic cell,4,conventional dendritic cell
GTCGACCTGAATGA-1,natural killer cell,natural killer cell,natural killer cell,natural killer cell,natural killer cell,natural killer cell,natural killer cell,6,natural killer cell,6,natural killer cell
GTCGACCTGTTCAG-1,"CD4-positive, alpha-beta T cell","CD4-positive, alpha-beta T cell",stromal cell,"CD4-positive, alpha-beta T cell","CD4-positive, alpha-beta T cell","CD4-positive, alpha-beta T cell","CD4-positive, alpha-beta T cell",5,"CD4-positive, alpha-beta T cell",5,"CD4-positive, alpha-beta T cell"
GTCGCACTTGAGAA-1,B cell,B cell,B cell,B cell,B cell,myeloid dendritic cell,B cell,5,B cell,5,B cell
GTCTAACTGGTCTA-1,intermediate monocyte,non-classical monocyte,non-classical monocyte,non-classical monocyte,non-classical monocyte,non-classical monocyte,non-classical monocyte,5,non-classical monocyte,5,non-classical monocyte
GTCTAGGAGCTTCC-1,classical monocyte,monocyte,myeloid leukocyte,classical monocyte,monocyte,monocyte,monocyte,3,monocyte,3,monocyte
GTGAACACACTCTT-1,"CD4-positive, alpha-beta T cell","CD4-positive, alpha-beta thymocyte",stromal cell,innate lymphoid cell,"naive thymus-derived CD4-positive, alpha-beta T cell","naive thymus-derived CD4-positive, alpha-beta T cell","CD4-positive, alpha-beta T cell",2,"naive thymus-derived CD4-positive, alpha-beta T cell",2,alpha-beta T cell
GTGAACACTCAGGT-1,"CD4-positive, alpha-beta T cell","CD4-positive, alpha-beta T cell","naive thymus-derived CD4-positive, alpha-beta T cell",innate lymphoid cell,innate lymphoid cell,innate lymphoid cell,innate lymphoid cell,3,innate lymphoid cell,3,lymphocyte
GTGACCCTTAAGCC-1,"CD8-positive, alpha-beta T cell","CD8-positive, alpha-beta T cell","CD8-positive, alpha-beta thymocyte","CD8-positive, alpha-beta T cell","CD8-positive, alpha-beta T cell","CD8-positive, alpha-beta T cell","CD8-positive, alpha-beta T cell",5,"CD8-positive, alpha-beta T cell",5,"CD8-positive, alpha-beta T cell"
GTGATGACAAGTGA-1,"CD4-positive, alpha-beta T cell","CD4-positive, alpha-beta T cell","naive thymus-derived CD8-positive, alpha-beta T cell","naive thymus-derived CD8-positive, alpha-beta T cell","naive thymus-derived CD4-positive, alpha-beta T cell","CD4-positive, alpha-beta thymocyte","CD4-positive, alpha-beta T cell",3,"CD4-positive, alpha-beta T cell",2,mature alpha-beta T cell
GTGATGACCTGAGT-1,B cell,B cell,B cell,B cell,B cell,B cell,B cell,6,B cell,6,B cell
GTGATGACGGTTTG-1,"CD8-positive, alpha-beta T cell","CD8-positive, alpha-beta T cell","CD8-positive, alpha-beta thymocyte","CD8-positive, alpha-beta T cell","CD8-positive, alpha-beta T cell","CD8-positive, alpha-beta thymocyte","CD8-positive, alpha-beta T cell",4,"CD8-positive, alpha-beta T cell",4,"CD8-positive, alpha-beta T cell"
GTGATTCTCATTTC-1,regulatory T cell,"CD4-positive, alpha-beta T cell","CD4-positive, alpha-beta T cell","CD4-positive, alpha-beta T cell","naive thymus-derived CD4-positive, alpha-beta T cell","CD4-positive, alpha-beta T cell","CD4-positive, alpha-beta T cell",5,"CD4-positive, alpha-beta T cell",4,"CD4-positive, alpha-beta T cell"
GTGATTCTCTCTCG-1,monocyte,monocyte,monocyte,monocyte,monocyte,monocyte,monocyte,6,monocyte,6,monocyte
GTGATTCTGGTTCA-1,natural killer cell,natural killer cell,mature NK T cell,natural killer cell,natural killer cell,"naive thymus-derived CD8-positive, alpha-beta T cell",natural killer cell,4,natural killer cell,4,natural killer cell
GTGATTCTGTCGAT-1,"CD4-positive, alpha-beta T cell","CD4-positive, alpha-beta thymocyte",innate lymphoid cell,innate lymphoid cell,innate lymphoid cell,innate lymphoid cell,innate lymphoid cell,4,innate lymphoid cell,4,innate lymphoid cell
GTGATTCTTAGCGT-1,B cell,B cell,B cell,B cell,B cell,B cell,B cell,6,B cell,6,B cell
GTGCCACTCAGGAG-1,"CD4-positive, alpha-beta T cell","CD4-positive, alpha-beta thymocyte",stromal cell,"CD4-positive, alpha-beta T cell",hematopoietic stem cell,"CD4-positive, alpha-beta T cell","CD4-positive, alpha-beta T cell",3,"CD4-positive, alpha-beta T cell",3,alpha-beta T cell
GTGGATTGCACTAG-1,macrophage,non-classical monocyte,non-classical monocyte,non-classical monocyte,non-classical monocyte,non-classical monocyte,non-classical monocyte,5,non-classical monocyte,5,non-classical monocyte
GTGGATTGCGGAGA-1,"CD4-positive, alpha-beta T cell","CD4-positive, alpha-beta T cell","CD8-positive, alpha-beta T cell","CD4-positive, alpha-beta T cell","CD4-positive, alpha-beta T cell","CD8-positive, alpha-beta T cell","CD4-positive, alpha-beta T cell",4,"CD4-positive, alpha-beta T cell",4,"CD4-positive, alpha-beta T cell"
GTGGATTGTAACGC-1,"CD4-positive, alpha-beta thymocyte","naive thymus-derived CD4-positive, alpha-beta T cell","naive thymus-derived CD4-positive, alpha-beta T cell","CD4-positive, alpha-beta T cell","naive thymus-derived CD4-positive, alpha-beta T cell","CD4-positive, alpha-beta T cell","naive thymus-derived CD4-positive, alpha-beta T cell",3,"naive thymus-derived CD4-positive, alpha-beta T cell",3,"CD4-positive, alpha-beta T cell"
GTGTACGATCAGTG-1,"CD4-positive, alpha-beta T cell","naive thymus-derived CD4-positive, alpha-beta T cell",mature NK T cell,innate lymphoid cell,innate lymphoid cell,innate lymphoid cell,innate lymphoid cell,3,innate lymphoid cell,3,lymphocyte
GTGTAGTGGGTACT-1,"CD4-positive, alpha-beta T cell","CD4-positive, alpha-beta T cell",stromal cell,"CD4-positive, alpha-beta T cell",innate lymphoid cell,innate lymphoid cell,"CD4-positive, alpha-beta T cell",3,"CD4-positive, alpha-beta T cell",3,lymphocyte
GTGTATCTAGCCTA-1,B cell,B cell,B cell,innate lymphoid cell,B cell,innate lymphoid cell,B cell,4,B cell,4,B cell
GTGTATCTAGTAGA-1,"CD4-positive, alpha-beta T cell",natural killer cell,natural killer cell,natural killer cell,natural killer cell,natural killer cell,natural killer cell,5,natural killer cell,5,natural killer cell
GTGTATCTGTTACG-1,B cell,B cell,B cell,B cell,B cell,B cell,B cell,6,B cell,6,B cell
GTGTCAGAAGCGTT-1,"CD8-positive, alpha-beta T cell","CD8-positive, alpha-beta T cell",natural killer cell,mature NK T cell,"CD8-positive, alpha-beta T cell",natural killer cell,"CD8-positive, alpha-beta T cell",3,"CD8-positive, alpha-beta T cell",3,mature alpha-beta T cell
GTTAAAACCGAGAG-1,natural killer cell,natural killer cell,natural killer cell,natural killer cell,natural killer cell,natural killer cell,natural killer cell,6,natural killer cell,6,natural killer cell
GTTAAATGCTCGAA-1,"CD4-positive, alpha-beta T cell","CD4-positive, alpha-beta T cell","CD8-positive, alpha-beta thymocyte","CD4-positive, alpha-beta T cell","naive thymus-derived CD4-positive, alpha-beta T cell","CD4-positive, alpha-beta T cell","CD4-positive, alpha-beta T cell",5,"CD4-positive, alpha-beta T cell",4,"CD4-positive, alpha-beta T cell"
GTTAAATGTCGACA-1,B cell,B cell,B cell,B cell,B cell,B cell,B cell,6,B cell,6,B cell
GTTAACCTAGCTAC-1,"CD4-positive, alpha-beta T cell","CD4-positive, alpha-beta T cell",erythrocyte,"CD4-positive, alpha-beta T cell",innate lymphoid cell,"CD4-positive, alpha-beta T cell","CD4-positive, alpha-beta T cell",4,"CD4-positive, alpha-beta T cell",4,"CD4-positive, alpha-beta T cell"
GTTAACCTTGCTTT-1,monocyte,myeloid dendritic cell,myeloid dendritic cell,myeloid dendritic cell,myeloid dendritic cell,myeloid dendritic cell,myeloid dendritic cell,5,myeloid dendritic cell,5,conventional dendritic cell
GTTAGGTGCACTCC-1,"CD4-positive, alpha-beta T cell","CD4-positive, alpha-beta T cell","CD4-positive, alpha-beta T cell",innate lymphoid cell,"CD4-positive, alpha-beta T cell","CD4-positive, alpha-beta T cell","CD4-positive, alpha-beta T cell",5,"CD4-positive, alpha-beta T cell",5,"CD4-positive, alpha-beta T cell"
GTTAGGTGCCAGTA-1,monocyte,monocyte,classical monocyte,classical monocyte,monocyte,classical monocyte,classical monocyte,3,classical monocyte,3,monocyte
GTTAGGTGCCCAAA-1,macrophage,non-classical monocyte,non-classical monocyte,non-classical monocyte,non-classical monocyte,non-classical monocyte,non-classical monocyte,5,non-classical monocyte,5,non-classical monocyte
GTTAGGTGGAACTC-1,B cell,B cell,B cell,B cell,myeloid dendritic cell,B cell,B cell,5,B cell,5,B cell
GTTAGTCTAAGAAC-1,"CD8-positive, alpha-beta T cell","CD8-positive, alpha-beta T cell","CD8-positive, alpha-beta T cell","CD8-positive, alpha-beta T cell","CD8-positive, alpha-beta T cell","CD8-positive, alpha-beta T cell","CD8-positive, alpha-beta T cell",6,"CD8-positive, alpha-beta T cell",6,"CD8-positive, alpha-beta T cell"
GTTATAGAGGACAG-1,"CD4-positive, alpha-beta T cell","CD8-positive, alpha-beta T cell","CD8-positive, alpha-beta thymocyte",non-classical monocyte,"CD8-positive, alpha-beta T cell","CD8-positive, alpha-beta T cell","CD8-positive, alpha-beta T cell",3,"CD8-positive, alpha-beta T cell",3,mature alpha-beta T cell
GTTATGCTTTCATC-1,"CD4-positive, alpha-beta T cell",regulatory T cell,plasma cell,"naive thymus-derived CD4-positive, alpha-beta T cell",innate lymphoid cell,"CD4-positive, alpha-beta thymocyte","CD4-positive, alpha-beta T cell",1,"CD4-positive, alpha-beta T cell",1,T cell
GTTCAACTGGGACA-1,natural killer cell,natural killer cell,natural killer cell,natural killer cell,natural killer cell,natural killer cell,natural killer cell,6,natural killer cell,6,natural killer cell
GTTCAACTTATGCG-1,"CD4-positive, alpha-beta T cell","CD8-positive, alpha-beta thymocyte","naive thymus-derived CD8-positive, alpha-beta T cell","CD8-positive, alpha-beta T cell","CD8-positive, alpha-beta thymocyte","naive thymus-derived CD8-positive, alpha-beta T cell","CD8-positive, alpha-beta thymocyte",2,"CD8-positive, alpha-beta thymocyte",2,mature alpha-beta T cell
GTTGACGAGCCCTT-1,"CD8-positive, alpha-beta T cell","CD8-positive, alpha-beta T cell","CD8-positive, alpha-beta thymocyte","CD8-positive, alpha-beta T cell","CD8-positive, alpha-beta T cell","CD8-positive, alpha-beta T cell","CD8-positive, alpha-beta T cell",5,"CD8-positive, alpha-beta T cell",5,"CD8-positive, alpha-beta T cell"
GTTGACGATATCGG-1,"CD8-positive, alpha-beta T cell",natural killer cell,natural killer cell,natural killer cell,natural killer cell,natural killer cell,natural killer cell,5,natural killer cell,5,natural killer cell
GTTGAGTGGTCTTT-1,monocyte,myeloid dendritic cell,monocyte,myeloid dendritic cell,monocyte,classical monocyte,monocyte,3,monocyte,3,monocyte
GTTGAGTGTGCTTT-1,"CD4-positive, alpha-beta T cell",regulatory T cell,plasma cell,"CD4-positive, alpha-beta T cell","naive thymus-derived CD4-positive, alpha-beta T cell","naive thymus-derived CD4-positive, alpha-beta T cell","CD4-positive, alpha-beta T cell",3,"CD4-positive, alpha-beta T cell",2,"CD4-positive, alpha-beta T cell"
GTTGATCTGGGACA-1,"CD4-positive, alpha-beta T cell",B cell,innate lymphoid cell,innate lymphoid cell,innate lymphoid cell,innate lymphoid cell,innate lymphoid cell,4,innate lymphoid cell,4,innate lymphoid cell
GTTGATCTTTTCAC-1,"CD8-positive, alpha-beta T cell","CD8-positive, alpha-beta T cell","CD8-positive, alpha-beta thymocyte","CD8-positive, alpha-beta T cell","CD8-positive, alpha-beta T cell","CD8-positive, alpha-beta thymocyte","CD8-positive, alpha-beta T cell",4,"CD8-positive, alpha-beta T cell",4,"CD8-positive, alpha-beta T cell"
GTTGGATGTTTACC-1,macrophage,non-classical monocyte,non-classical monocyte,non-classical monocyte,non-classical monocyte,non-classical monocyte,non-classical monocyte,5,non-classical monocyte,5,non-classical monocyte
GTTGTACTATTCCT-1,macrophage,monocyte,monocyte,classical monocyte,monocyte,monocyte,monocyte,4,monocyte,4,monocyte
GTTGTACTTTTGGG-1,"CD4-positive, alpha-beta T cell","CD4-positive, alpha-beta T cell","CD8-positive, alpha-beta thymocyte","naive thymus-derived CD4-positive, alpha-beta T cell","naive thymus-derived CD4-positive, alpha-beta T cell","CD8-positive, alpha-beta thymocyte","CD4-positive, alpha-beta T cell",3,"CD4-positive, alpha-beta T cell",2,"CD4-positive, alpha-beta T cell"
GTTTAAGACCATGA-1,classical monocyte,myeloid dendritic cell,non-classical monocyte,monocyte,myeloid dendritic cell,monocyte,myeloid dendritic cell,2,monocyte,2,monocyte
GTTTAAGACTGTCC-1,"CD8-positive, alpha-beta T cell","CD8-positive, alpha-beta T cell",monocyte,"CD8-positive, alpha-beta T cell","CD8-positive, alpha-beta T cell","CD8-positive, alpha-beta T cell","CD8-positive, alpha-beta T cell",5,"CD8-positive, alpha-beta T cell",5,"CD8-positive, alpha-beta T cell"
TAAACAACCAACCA-1,"CD4-positive, alpha-beta T cell","CD4-positive, alpha-beta T cell","CD8-positive, alpha-beta thymocyte","naive thymus-derived CD4-positive, alpha-beta T cell","CD4-positive, alpha-beta T cell","CD8-positive, alpha-beta thymocyte","CD4-positive, alpha-beta T cell",3,"CD4-positive, alpha-beta T cell",3,"CD4-positive, alpha-beta T cell"
TAAACAACGAATCC-1,B cell,B cell,B cell,B cell,B cell,B cell,B cell,6,B cell,6,B cell
TAAAGACTCAGGAG-1,"CD4-positive, alpha-beta T cell",innate lymphoid cell,T follicular helper cell,"CD4-positive, alpha-beta T cell","naive thymus-derived CD4-positive, alpha-beta T cell","CD4-positive, alpha-beta T cell","CD4-positive, alpha-beta T cell",4,"CD4-positive, alpha-beta T cell",3,"CD4-positive, alpha-beta T cell"
TAAATCGATGAGGG-1,"CD4-positive, alpha-beta T cell","CD4-positive, alpha-beta T cell",monocyte,"CD4-positive, alpha-beta T cell","naive thymus-derived CD4-positive, alpha-beta T cell","naive thymus-derived CD4-positive, alpha-beta T cell","CD4-positive, alpha-beta T cell",4,"CD4-positive, alpha-beta T cell",3,"CD4-positive, alpha-beta T cell"
TAACAATGTGCCCT-1,B cell,B cell,B cell,B cell,B cell,B cell,B cell,6,B cell,6,B cell
TAACACCTTCGCTC-1,classical monocyte,myeloid dendritic cell,myeloid leukocyte,microglial cell,myeloid dendritic cell,classical monocyte,classical monocyte,2,classical monocyte,2,myeloid leukocyte
TAACACCTTCGTAG-1,classical monocyte,myeloid dendritic cell,monocyte,classical monocyte,monocyte,monocyte,monocyte,3,monocyte,3,monocyte
TAACACCTTGTTTC-1,platelet,platelet,platelet,platelet,platelet,platelet,platelet,6,platelet,6,serotonin secreting cell
TAACCGGACTTACT-1,"CD4-positive, alpha-beta T cell","CD4-positive, alpha-beta thymocyte",endothelial cell of vascular tree,"CD4-positive, alpha-beta T cell",innate lymphoid cell,innate lymphoid cell,"CD4-positive, alpha-beta T cell",2,"CD4-positive, alpha-beta T cell",2,lymphocyte
TAACGTCTCAACCA-1,classical monocyte,monocyte,monocyte,monocyte,monocyte,monocyte,monocyte,5,monocyte,5,monocyte
TAACGTCTCATTGG-1,"CD4-positive, alpha-beta T cell","CD4-positive, alpha-beta T cell","CD8-positive, alpha-beta thymocyte",glandular epithelial cell,innate lymphoid cell,"CD4-positive, alpha-beta T cell","CD4-positive, alpha-beta T cell",3,"CD4-positive, alpha-beta T cell",3,alpha-beta T cell
TAACTAGAATTTCC-1,"CD4-positive, alpha-beta T cell","CD4-positive, alpha-beta T cell",intestinal crypt stem cell of small intestine,"naive thymus-derived CD4-positive, alpha-beta T cell","naive thymus-derived CD4-positive, alpha-beta T cell","CD8-positive, alpha-beta thymocyte","CD4-positive, alpha-beta T cell",3,"CD4-positive, alpha-beta T cell",2,"CD4-positive, alpha-beta T cell"
TAACTAGACTTAGG-1,"CD4-positive, alpha-beta T cell","CD4-positive, alpha-beta T cell","naive thymus-derived CD4-positive, alpha-beta T cell","naive thymus-derived CD4-positive, alpha-beta T cell","naive thymus-derived CD4-positive, alpha-beta T cell","naive thymus-derived CD4-positive, alpha-beta T cell","naive thymus-derived CD4-positive, alpha-beta T cell",4,"naive thymus-derived CD4-positive, alpha-beta T cell",4,"naive thymus-derived CD4-positive, alpha-beta T cell"
TAACTAGATCTGGA-1,"CD4-positive, alpha-beta T cell","CD4-positive, alpha-beta thymocyte","naive thymus-derived CD4-positive, alpha-beta T cell","naive thymus-derived CD4-positive, alpha-beta T cell","naive thymus-derived CD4-positive, alpha-beta T cell","CD4-positive, alpha-beta thymocyte","naive thymus-derived CD4-positive, alpha-beta T cell",3,"naive thymus-derived CD4-positive, alpha-beta T cell",3,"CD4-positive, alpha-beta T cell"
TAACTCACGAGGAC-1,classical monocyte,monocyte,endothelial cell of lymphatic vessel,macrophage,myeloid dendritic cell,monocyte,monocyte,2,monocyte,2,myeloid leukocyte
TAACTCACGTACAC-1,B cell,B cell,B cell,B cell,B cell,B cell,B cell,6,B cell,6,B cell
TAACTCACGTATCG-1,classical monocyte,myeloid dendritic cell,mononuclear phagocyte,myeloid dendritic cell,classical monocyte,classical monocyte,classical monocyte,3,classical monocyte,3,mononuclear phagocyte
TAACTCACTCTACT-1,natural killer cell,natural killer cell,"naive thymus-derived CD8-positive, alpha-beta T cell",natural killer cell,natural killer cell,natural killer cell,natural killer cell,5,natural killer cell,5,natural killer cell
TAAGAACTGTGTCA-1,monocyte,monocyte,monocyte,monocyte,monocyte,monocyte,monocyte,6,monocyte,6,monocyte
TAAGAGGACTAAGC-1,B cell,B cell,non-classical monocyte,B cell,B cell,B cell,B cell,5,B cell,5,B cell
TAAGAGGACTTGTT-1,natural killer cell,natural killer cell,natural killer cell,natural killer cell,natural killer cell,natural killer cell,natural killer cell,6,natural killer cell,6,natural killer cell
TAAGATACGGTTCA-1,macrophage,myeloid dendritic cell,monocyte,monocyte,monocyte,monocyte,monocyte,4,monocyte,4,monocyte
TAAGATTGCGTAGT-1,"CD4-positive, alpha-beta T cell","naive thymus-derived CD4-positive, alpha-beta T cell","naive thymus-derived CD4-positive, alpha-beta T cell","naive thymus-derived CD4-positive, alpha-beta T cell","naive thymus-derived CD4-positive, alpha-beta T cell",innate lymphoid cell,"naive thymus-derived CD4-positive, alpha-beta T cell",4,"naive thymus-derived CD4-positive, alpha-beta T cell",4,"naive thymus-derived CD4-positive, alpha-beta T cell"
TAAGATTGTTGCTT-1,"CD4-positive, alpha-beta T cell","CD4-positive, alpha-beta T cell",regulatory T cell,"CD4-positive, alpha-beta T cell",innate lymphoid cell,innate lymphoid cell,"CD4-positive, alpha-beta T cell",3,"CD4-positive, alpha-beta T cell",3,mature T cell
TAAGCGTGAGGTTC-1,classical monocyte,monocyte,monocyte,non-classical monocyte,monocyte,intermediate monocyte,monocyte,3,monocyte,3,monocyte
TAAGCGTGGACAAA-1,intermediate monocyte,non-classical monocyte,classical monocyte,mononuclear phagocyte,classical monocyte,classical monocyte,classical monocyte,3,classical monocyte,3,mononuclear phagocyte
TAAGCGTGGGAAAT-1,"CD4-positive, alpha-beta T cell","CD4-positive, alpha-beta T cell","naive thymus-derived CD4-positive, alpha-beta T cell","CD4-positive, alpha-beta T cell","naive thymus-derived CD4-positive, alpha-beta T cell","naive thymus-derived CD4-positive, alpha-beta T cell","CD4-positive, alpha-beta T cell",4,"CD4-positive, alpha-beta T cell",3,"CD4-positive, alpha-beta T cell"
TAAGCGTGTGCTCC-1,macrophage,non-classical monocyte,non-classical monocyte,non-classical monocyte,non-classical monocyte,non-classical monocyte,non-classical monocyte,5,non-classical monocyte,5,non-classical monocyte
TAAGGCTGCCATGA-1,"CD4-positive, alpha-beta T cell","CD4-positive, alpha-beta T cell","CD8-positive, alpha-beta thymocyte","CD4-positive, alpha-beta T cell","CD8-positive, alpha-beta thymocyte","CD8-positive, alpha-beta thymocyte","CD4-positive, alpha-beta T cell",3,"CD4-positive, alpha-beta T cell",3,alpha-beta T cell
TAAGGCTGCTGCTC-1,"CD4-positive, alpha-beta T cell","CD4-positive, alpha-beta T cell","naive thymus-derived CD4-positive, alpha-beta T cell",innate lymphoid cell,"naive thymus-derived CD4-positive, alpha-beta T cell",innate lymphoid cell,"CD4-positive, alpha-beta T cell",3,"CD4-positive, alpha-beta T cell",2,"CD4-positive, alpha-beta T cell"
TAAGGCTGTCTCGC-1,classical monocyte,myeloid dendritic cell,monocyte,monocyte,monocyte,non-classical monocyte,monocyte,3,monocyte,3,monocyte
TAAGGGCTGCTGTA-1,"CD4-positive, alpha-beta T cell","CD4-positive, alpha-beta T cell","CD8-positive, alpha-beta T cell","CD8-positive, alpha-beta T cell",innate lymphoid cell,innate lymphoid cell,"CD4-positive, alpha-beta T cell",2,"CD4-positive, alpha-beta T cell",2,mature alpha-beta T cell
TAAGGGCTTTACTC-1,"CD4-positive, alpha-beta T cell","CD4-positive, alpha-beta T cell","CD8-positive, alpha-beta thymocyte","naive thymus-derived CD4-positive, alpha-beta T cell",innate lymphoid cell,innate lymphoid cell,"CD4-positive, alpha-beta T cell",2,"CD4-positive, alpha-beta T cell",2,alpha-beta T cell
TAAGTAACCGAGAG-1,B cell,B cell,serous cell of epithelium of trachea,B cell,B cell,B cell,B cell,5,B cell,5,B cell
TAAGTAACCTCCAC-1,B cell,B cell,B cell,B cell,B cell,B cell,B cell,6,B cell,6,B cell
TAAGTAACCTGTAG-1,"CD4-positive, alpha-beta T cell","CD4-positive, alpha-beta T cell",T cell,"CD4-positive, alpha-beta T cell","naive thymus-derived CD4-positive, alpha-beta T cell","CD8-positive, alpha-beta T cell","CD4-positive, alpha-beta T cell",4,"CD4-positive, alpha-beta T cell",3,"CD4-positive, alpha-beta T cell"
TAAGTAACTTGTCT-1,"CD4-positive, alpha-beta T cell","CD8-positive, alpha-beta T cell","CD8-positive, alpha-beta T cell","CD8-positive, alpha-beta T cell","CD8-positive, alpha-beta T cell","CD8-positive, alpha-beta T cell","CD8-positive, alpha-beta T cell",5,"CD8-positive, alpha-beta T cell",5,"CD8-positive, alpha-beta T cell"
TAATGATGAGCGGA-1,"CD4-positive, alpha-beta T cell","CD4-positive, alpha-beta T cell","CD4-positive, alpha-beta thymocyte","naive thymus-derived CD4-positive, alpha-beta T cell","naive thymus-derived CD4-positive, alpha-beta T cell","CD4-positive, alpha-beta thymocyte","CD4-positive, alpha-beta T cell",3,"CD4-positive, alpha-beta T cell",2,"CD4-positive, alpha-beta T cell"
TAATGCCTCATGAC-1,"CD4-positive, alpha-beta T cell","CD4-positive, alpha-beta T cell","CD4-positive, alpha-beta T cell",innate lymphoid cell,"naive thymus-derived CD4-positive, alpha-beta T cell","naive thymus-derived CD4-positive, alpha-beta T cell","CD4-positive, alpha-beta T cell",4,"CD4-positive, alpha-beta T cell",3,"CD4-positive, alpha-beta T cell"
TAATGCCTCGTCTC-1,"CD8-positive, alpha-beta T cell",natural killer cell,natural killer cell,natural killer cell,natural killer cell,natural killer cell,natural killer cell,5,natural killer cell,5,natural killer cell
TAATGTGAAGATGA-1,"CD4-positive, alpha-beta T cell",regulatory T cell,innate lymphoid cell,innate lymphoid cell,innate lymphoid cell,innate lymphoid cell,innate lymphoid cell,4,innate lymphoid cell,4,innate lymphoid cell
TAATGTGACTGCAA-1,classical monocyte,myeloid dendritic cell,monocyte,monocyte,myeloid dendritic cell,monocyte,monocyte,3,monocyte,3,monocyte
TAATGTGATTACTC-1,"CD4-positive, alpha-beta T cell","CD8-positive, alpha-beta T cell","CD8-positive, alpha-beta thymocyte","activated CD8-positive, alpha-beta T cell","CD8-positive, alpha-beta T cell","CD8-positive, alpha-beta thymocyte","CD8-positive, alpha-beta T cell",2,"CD8-positive, alpha-beta T cell",2,mature alpha-beta T cell
TACAAATGGGTACT-1,"CD4-positive, alpha-beta T cell","CD4-positive, alpha-beta T cell","CD8-positive, alpha-beta T cell","CD4-positive, alpha-beta T cell","CD8-positive, alpha-beta T cell","CD4-positive, alpha-beta T cell","CD4-positive, alpha-beta T cell",4,"CD4-positive, alpha-beta T cell",4,"CD4-positive, alpha-beta T cell"
TACAATGAAAACAG-1,classical monocyte,monocyte,monocyte,myeloid dendritic cell,monocyte,monocyte,monocyte,4,monocyte,4,monocyte
TACAATGACTTAGG-1,"CD4-positive, alpha-beta T cell","CD4-positive, alpha-beta thymocyte","CD4-positive, alpha-beta T cell","CD4-positive, alpha-beta T cell","CD4-positive, alpha-beta T cell","CD4-positive, alpha-beta T cell","CD4-positive, alpha-beta T cell",5,"CD4-positive, alpha-beta T cell",5,"CD4-positive, alpha-beta T cell"
TACAATGATGCTAG-1,"CD8-positive, alpha-beta T cell","CD8-positive, alpha-beta T cell","CD8-positive, alpha-beta T cell","CD8-positive, alpha-beta T cell","CD8-positive, alpha-beta T cell","CD8-positive, alpha-beta T cell","CD8-positive, alpha-beta T cell",6,"CD8-positive, alpha-beta T cell",6,"CD8-positive, alpha-beta T cell"
TACACACTCACACA-1,"CD4-positive, alpha-beta T cell","CD4-positive, alpha-beta thymocyte","CD8-positive, alpha-beta thymocyte","CD4-positive, alpha-beta T cell",innate lymphoid cell,"CD4-positive, alpha-beta thymocyte","CD4-positive, alpha-beta T cell",2,"CD4-positive, alpha-beta T cell",2,alpha-beta T cell
TACACACTCTTACT-1,"CD4-positive, alpha-beta T cell","CD4-positive, alpha-beta T cell","CD8-positive, alpha-beta T cell",innate lymphoid cell,"CD8-positive, alpha-beta T cell","CD8-positive, alpha-beta T cell","CD8-positive, alpha-beta T cell",3,"CD8-positive, alpha-beta T cell",3,mature alpha-beta T cell
TACATAGAACGCAT-1,"CD8-positive, alpha-beta T cell","CD8-positive, alpha-beta T cell","CD8-positive, alpha-beta thymocyte","CD8-positive, alpha-beta T cell","CD8-positive, alpha-beta T cell","CD8-positive, alpha-beta thymocyte","CD8-positive, alpha-beta T cell",4,"CD8-positive, alpha-beta T cell",4,"CD8-positive, alpha-beta T cell"
TACATCACACGGGA-1,"CD4-positive, alpha-beta T cell","CD4-positive, alpha-beta thymocyte","CD4-positive, alpha-beta T cell","CD4-positive, alpha-beta T cell","CD4-positive, alpha-beta T cell","CD4-positive, alpha-beta T cell","CD4-positive, alpha-beta T cell",5,"CD4-positive, alpha-beta T cell",5,"CD4-positive, alpha-beta T cell"
TACATCACCTGTTT-1,intermediate monocyte,non-classical monocyte,non-classical monocyte,non-classical monocyte,non-classical monocyte,non-classical monocyte,non-classical monocyte,5,non-classical monocyte,5,non-classical monocyte
TACATCACGCTAAC-1,B cell,B cell,B cell,B cell,B cell,B cell,B cell,6,B cell,6,B cell
TACATCACTGAACC-1,macrophage,non-classical monocyte,non-classical monocyte,non-classical monocyte,non-classical monocyte,non-classical monocyte,non-classical monocyte,5,non-classical monocyte,5,non-classical monocyte
TACCATTGAGGTTC-1,"CD4-positive, alpha-beta T cell","CD4-positive, alpha-beta thymocyte","CD8-positive, alpha-beta thymocyte","CD4-positive, alpha-beta T cell",innate lymphoid cell,"CD8-positive, alpha-beta thymocyte","CD4-positive, alpha-beta T cell",2,"CD4-positive, alpha-beta T cell",2,alpha-beta T cell
TACCATTGCGGGAA-1,monocyte,myeloid dendritic cell,basophil,granulocyte,non-classical monocyte,monocyte,monocyte,3,monocyte,2,myeloid leukocyte
TACCATTGGGGATG-1,classical monocyte,monocyte,monocyte,granulocyte,monocyte,monocyte,monocyte,4,monocyte,4,monocyte
TACCGGCTGTTGGT-1,"CD4-positive, alpha-beta T cell","naive thymus-derived CD4-positive, alpha-beta T cell","CD8-positive, alpha-beta thymocyte","CD8-positive, alpha-beta T cell","CD8-positive, alpha-beta thymocyte","naive thymus-derived CD4-positive, alpha-beta T cell","naive thymus-derived CD4-positive, alpha-beta T cell",2,"CD8-positive, alpha-beta thymocyte",2,mature alpha-beta T cell
TACGAGTGATCTCT-1,"CD4-positive, alpha-beta T cell","CD4-positive, alpha-beta T cell","CD4-positive, alpha-beta T cell","CD4-positive, alpha-beta T cell","naive thymus-derived CD4-positive, alpha-beta T cell",thymocyte,"CD4-positive, alpha-beta T cell",5,"CD4-positive, alpha-beta T cell",4,"CD4-positive, alpha-beta T cell"
TACGAGTGATGCTG-1,macrophage,myeloid dendritic cell,non-classical monocyte,non-classical monocyte,non-classical monocyte,non-classical monocyte,non-classical monocyte,4,non-classical monocyte,4,non-classical monocyte
TACGAGTGCGGAGA-1,"CD4-positive, alpha-beta T cell","CD4-positive, alpha-beta T cell","CD4-positive, alpha-beta T cell","CD4-positive, alpha-beta T cell","CD4-positive, alpha-beta T cell","CD4-positive, alpha-beta T cell","CD4-positive, alpha-beta T cell",6,"CD4-positive, alpha-beta T cell",6,"CD4-positive, alpha-beta T cell"
TACGAGTGGTTGGT-1,"CD4-positive, alpha-beta T cell",regulatory T cell,"CD8-positive, alpha-beta thymocyte","CD4-positive, alpha-beta T cell",innate lymphoid cell,innate lymphoid cell,"CD4-positive, alpha-beta T cell",2,"CD4-positive, alpha-beta T cell",2,T cell
TACGATCTAGTGTC-1,"CD4-positive, alpha-beta T cell","CD4-positive, alpha-beta T cell","CD8-positive, alpha-beta thymocyte",non-classical monocyte,innate lymphoid cell,innate lymphoid cell,"CD4-positive, alpha-beta T cell",2,"CD4-positive, alpha-beta T cell",2,lymphocyte
TACGATCTCACTGA-1,classical monocyte,myeloid dendritic cell,classical monocyte,granulocyte,myeloid dendritic cell,classical monocyte,classical monocyte,3,classical monocyte,3,myeloid leukocyte
TACGATCTTACGAC-1,"CD8-positive, alpha-beta T cell","CD8-positive, alpha-beta T cell",natural killer cell,natural killer cell,natural killer cell,natural killer cell,natural killer cell,4,natural killer cell,4,natural killer cell
TACGCAGAGAATCC-1,natural killer cell,natural killer cell,"CD8-positive, alpha-beta T cell",mature NK T cell,mature NK T cell,"CD8-positive, alpha-beta T cell","CD8-positive, alpha-beta T cell",2,"CD8-positive, alpha-beta T cell",2,mature alpha-beta T cell
TACGCCACATTCCT-1,"CD4-positive, alpha-beta T cell","CD4-positive, alpha-beta T cell",macrophage,"CD4-positive, alpha-beta T cell","naive thymus-derived CD4-positive, alpha-beta T cell","CD4-positive, alpha-beta thymocyte","CD4-positive, alpha-beta T cell",4,"CD4-positive, alpha-beta T cell",3,"CD4-positive, alpha-beta T cell"
TACGCCACTCCCAC-1,macrophage,non-classical monocyte,non-classical monocyte,non-classical monocyte,non-classical monocyte,non-classical monocyte,non-classical monocyte,5,non-classical monocyte,5,non-classical monocyte
TACGCCACTCCGAA-1,B cell,B cell,B cell,B cell,B cell,B cell,B cell,6,B cell,6,B cell
TACGGAACGCGTTA-1,B cell,B cell,B cell,plasma cell,B cell,B cell,B cell,5,B cell,5,B cell
TACGGCCTGGGACA-1,natural killer cell,natural killer cell,natural killer cell,natural killer cell,natural killer cell,natural killer cell,natural killer cell,6,natural killer cell,6,natural killer cell
TACGTACTACGGAG-1,"CD8-positive, alpha-beta T cell","CD8-positive, alpha-beta T cell",thymocyte,"CD8-positive, alpha-beta T cell","CD8-positive, alpha-beta T cell",thymocyte,"CD8-positive, alpha-beta T cell",4,"CD8-positive, alpha-beta T cell",4,"CD8-positive, alpha-beta T cell"
TACGTACTCAGTTG-1,"CD4-positive, alpha-beta T cell","CD4-positive, alpha-beta T cell","CD4-positive, alpha-beta thymocyte","CD4-positive, alpha-beta T cell","naive thymus-derived CD4-positive, alpha-beta T cell","CD4-positive, alpha-beta thymocyte","CD4-positive, alpha-beta T cell",4,"CD4-positive, alpha-beta T cell",3,"CD4-positive, alpha-beta T cell"
TACGTACTCCCGTT-1,B cell,B cell,B cell,plasmacytoid dendritic cell,B cell,B cell,B cell,5,B cell,5,B cell
TACGTTACAGAAGT-1,"CD4-positive, alpha-beta T cell","naive thymus-derived CD4-positive, alpha-beta T cell","CD4-positive, alpha-beta T cell","CD4-positive, alpha-beta T cell","naive thymus-derived CD4-positive, alpha-beta T cell","CD4-positive, alpha-beta T cell","CD4-positive, alpha-beta T cell",5,"CD4-positive, alpha-beta T cell",4,"CD4-positive, alpha-beta T cell"
TACGTTACCAAGCT-1,classical monocyte,monocyte,"naive thymus-derived CD4-positive, alpha-beta T cell",fast muscle cell,myeloid dendritic cell,monocyte,monocyte,2,monocyte,2,myeloid leukocyte
TACTAAGAAAGGTA-1,B cell,B cell,B cell,B cell,B cell,B cell,B cell,6,B cell,6,B cell
TACTAAGAATCACG-1,"CD4-positive, alpha-beta T cell","CD4-positive, alpha-beta T cell",innate lymphoid cell,innate lymphoid cell,innate lymphoid cell,innate lymphoid cell,innate lymphoid cell,4,innate lymphoid cell,4,innate lymphoid cell
TACTAAGATGATGC-1,macrophage,monocyte,monocyte,classical monocyte,myeloid dendritic cell,monocyte,monocyte,3,monocyte,3,monocyte
TACTAAGATTGCGA-1,"CD4-positive, alpha-beta T cell","CD4-positive, alpha-beta T cell","CD4-positive, alpha-beta T cell","CD4-positive, alpha-beta T cell","naive thymus-derived CD4-positive, alpha-beta T cell","CD4-positive, alpha-beta T cell","CD4-positive, alpha-beta T cell",6,"CD4-positive, alpha-beta T cell",5,"CD4-positive, alpha-beta T cell"
TACTACACGAGAGC-1,"CD4-positive, alpha-beta T cell","CD4-positive, alpha-beta thymocyte","CD4-positive, alpha-beta thymocyte","CD4-positive, alpha-beta T cell","naive thymus-derived CD4-positive, alpha-beta T cell","CD4-positive, alpha-beta thymocyte","CD4-positive, alpha-beta T cell",3,"CD4-positive, alpha-beta thymocyte",3,alpha-beta T cell
TACTACTGAACCTG-1,classical monocyte,myeloid dendritic cell,"naive thymus-derived CD4-positive, alpha-beta T cell",non-classical monocyte,myeloid dendritic cell,myeloid dendritic cell,myeloid dendritic cell,3,myeloid dendritic cell,3,myeloid leukocyte
TACTACTGATGTCG-1,"CD8-positive, alpha-beta T cell","CD8-positive, alpha-beta T cell","CD8-positive, alpha-beta thymocyte",natural killer cell,"naive thymus-derived CD8-positive, alpha-beta T cell","CD8-positive, alpha-beta thymocyte","CD8-positive, alpha-beta T cell",3,"CD8-positive, alpha-beta T cell",2,alpha-beta T cell
TACTACTGATTCTC-1,"CD4-positive, alpha-beta T cell","naive thymus-derived CD4-positive, alpha-beta T cell",innate lymphoid cell,innate lymphoid cell,innate lymphoid cell,innate lymphoid cell,innate lymphoid cell,4,innate lymphoid cell,4,innate lymphoid cell
TACTACTGTATGGC-1,"CD4-positive, alpha-beta T cell","CD4-positive, alpha-beta T cell","naive thymus-derived CD4-positive, alpha-beta T cell","naive thymus-derived CD4-positive, alpha-beta T cell","naive thymus-derived CD4-positive, alpha-beta T cell","naive thymus-derived CD4-positive, alpha-beta T cell","naive thymus-derived CD4-positive, alpha-beta T cell",4,"naive thymus-derived CD4-positive, alpha-beta T cell",4,"naive thymus-derived CD4-positive, alpha-beta T cell"
TACTCAACGGTCTA-1,classical monocyte,monocyte,monocyte,classical monocyte,monocyte,monocyte,monocyte,4,monocyte,4,monocyte
TACTCAACTGCTAG-1,B cell,B cell,B cell,B cell,B cell,B cell,B cell,6,B cell,6,B cell
TACTCCCTCAGTTG-1,"CD4-positive, alpha-beta T cell","CD4-positive, alpha-beta thymocyte",stromal cell,"CD4-positive, alpha-beta thymocyte",innate lymphoid cell,leukocyte,"CD4-positive, alpha-beta thymocyte",2,"CD4-positive, alpha-beta thymocyte",2,lymphocyte
TACTCTGAATCGAC-1,natural killer cell,natural killer cell,natural killer cell,natural killer cell,myeloid dendritic cell,natural killer cell,natural killer cell,5,natural killer cell,5,natural killer cell
TACTCTGACGAGTT-1,"CD4-positive, alpha-beta T cell","CD4-positive, alpha-beta T cell","CD8-positive, alpha-beta thymocyte","CD4-positive, alpha-beta T cell",innate lymphoid cell,innate lymphoid cell,"CD4-positive, alpha-beta T cell",3,"CD4-positive, alpha-beta T cell",3,alpha-beta T cell
TACTCTGATTGACG-1,B cell,B cell,B cell,B cell,B cell,B cell,B cell,6,B cell,6,B cell
TACTGGGATCGATG-1,"CD4-positive, alpha-beta T cell","CD4-positive, alpha-beta T cell","naive thymus-derived CD4-positive, alpha-beta T cell","CD4-positive, alpha-beta T cell","naive thymus-derived CD4-positive, alpha-beta T cell","CD4-positive, alpha-beta T cell","CD4-positive, alpha-beta T cell",5,"CD4-positive, alpha-beta T cell",4,"CD4-positive, alpha-beta T cell"
TACTGTTGAAAGCA-1,"CD4-positive, alpha-beta T cell","CD4-positive, alpha-beta thymocyte",non-classical monocyte,"CD4-positive, alpha-beta T cell","naive thymus-derived CD4-positive, alpha-beta T cell","CD4-positive, alpha-beta T cell","CD4-positive, alpha-beta T cell",4,"CD4-positive, alpha-beta T cell",3,"CD4-positive, alpha-beta T cell"
TACTGTTGAGGCGA-1,natural killer cell,natural killer cell,natural killer cell,natural killer cell,natural killer cell,natural killer cell,natural killer cell,6,natural killer cell,6,natural killer cell
TACTGTTGCTGAAC-1,plasma cell,plasma cell,plasma cell,plasma cell,plasma cell,plasma cell,plasma cell,6,plasma cell,6,plasma cell
TACTTGACTCCTCG-1,"CD8-positive, alpha-beta T cell","CD8-positive, alpha-beta T cell","CD8-positive, alpha-beta T cell","CD8-positive, alpha-beta T cell","CD8-positive, alpha-beta T cell","CD8-positive, alpha-beta T cell","CD8-positive, alpha-beta T cell",6,"CD8-positive, alpha-beta T cell",6,"CD8-positive, alpha-beta T cell"
TACTTGACTGGTGT-1,B cell,B cell,B cell,B cell,B cell,B cell,B cell,6,B cell,6,B cell
TACTTTCTTTTGGG-1,"CD4-positive, alpha-beta T cell","CD8-positive, alpha-beta T cell",serous cell of epithelium of trachea,"CD8-positive, alpha-beta T cell","CD8-positive, alpha-beta T cell","CD8-positive, alpha-beta T cell","CD8-positive, alpha-beta T cell",4,"CD8-positive, alpha-beta T cell",4,"CD8-positive, alpha-beta T cell"
TAGAAACTAATCGC-1,"CD4-positive, alpha-beta T cell","CD4-positive, alpha-beta thymocyte","CD4-positive, alpha-beta T cell","CD4-positive, alpha-beta T cell","naive thymus-derived CD4-positive, alpha-beta T cell","naive thymus-derived CD4-positive, alpha-beta T cell","CD4-positive, alpha-beta T cell",4,"CD4-positive, alpha-beta T cell",3,"CD4-positive, alpha-beta T cell"
TAGAAACTGCTTCC-1,monocyte,monocyte,monocyte,monocyte,myeloid dendritic cell,classical monocyte,monocyte,4,monocyte,4,monocyte
TAGAAACTGGGATG-1,"CD8-positive, alpha-beta T cell","CD8-positive, alpha-beta T cell",natural killer cell,"naive thymus-derived CD8-positive, alpha-beta T cell","CD8-positive, alpha-beta T cell",natural killer cell,"CD8-positive, alpha-beta T cell",3,"CD8-positive, alpha-beta T cell",3,"CD8-positive, alpha-beta T cell"
TAGAATTGCGACAT-1,"CD4-positive, alpha-beta T cell",regulatory T cell,erythrocyte,"CD4-positive, alpha-beta T cell","CD4-positive, alpha-beta T cell",innate lymphoid cell,"CD4-positive, alpha-beta T cell",3,"CD4-positive, alpha-beta T cell",3,mature T cell
TAGAATTGTATCGG-1,"CD4-positive, alpha-beta T cell","naive thymus-derived CD4-positive, alpha-beta T cell","CD4-positive, alpha-beta thymocyte","CD4-positive, alpha-beta T cell",innate lymphoid cell,"CD4-positive, alpha-beta thymocyte","CD4-positive, alpha-beta T cell",2,"CD4-positive, alpha-beta T cell",2,alpha-beta T cell
TAGACGTGCTTGAG-1,"CD4-positive, alpha-beta T cell","CD4-positive, alpha-beta thymocyte",stromal cell,"CD4-positive, alpha-beta T cell","CD4-positive, alpha-beta T cell",innate lymphoid cell,"CD4-positive, alpha-beta T cell",3,"CD4-positive, alpha-beta T cell",3,alpha-beta T cell
TAGACGTGTCGCTC-1,"CD4-positive, alpha-beta T cell","CD4-positive, alpha-beta T cell","CD8-positive, alpha-beta T cell","CD4-positive, alpha-beta T cell","naive thymus-derived CD4-positive, alpha-beta T cell","CD8-positive, alpha-beta T cell","CD4-positive, alpha-beta T cell",4,"CD4-positive, alpha-beta T cell",3,"CD4-positive, alpha-beta T cell"
TAGAGCACCTTACT-1,B cell,B cell,B cell,B cell,B cell,B cell,B cell,6,B cell,6,B cell
TAGATTGACTTGTT-1,B cell,B cell,B cell,B cell,B cell,B cell,B cell,6,B cell,6,B cell
TAGATTGAGGCATT-1,"CD8-positive, alpha-beta T cell","CD8-positive, alpha-beta T cell","CD8-positive, alpha-beta thymocyte",natural killer cell,myeloid dendritic cell,natural killer cell,"CD8-positive, alpha-beta T cell",2,"CD8-positive, alpha-beta T cell",2,lymphocyte
TAGCATCTCAGCTA-1,"CD8-positive, alpha-beta T cell",natural killer cell,natural killer cell,natural killer cell,natural killer cell,natural killer cell,natural killer cell,5,natural killer cell,5,natural killer cell
TAGCATCTCCCTCA-1,"CD4-positive, alpha-beta T cell","CD4-positive, alpha-beta T cell","CD8-positive, alpha-beta thymocyte","CD8-positive, alpha-beta thymocyte","CD8-positive, alpha-beta thymocyte","CD8-positive, alpha-beta thymocyte","CD8-positive, alpha-beta thymocyte",4,"CD8-positive, alpha-beta thymocyte",4,"CD8-positive, alpha-beta thymocyte"
TAGCATCTGCTGTA-1,intermediate monocyte,non-classical monocyte,mature NK T cell,non-classical monocyte,non-classical monocyte,non-classical monocyte,non-classical monocyte,4,non-classical monocyte,4,non-classical monocyte
TAGCATCTGGGACA-1,"CD4-positive, alpha-beta T cell","naive thymus-derived CD4-positive, alpha-beta T cell",innate lymphoid cell,innate lymphoid cell,"naive thymus-derived CD4-positive, alpha-beta T cell",innate lymphoid cell,innate lymphoid cell,3,innate lymphoid cell,3,lymphocyte
TAGCATCTTGTCGA-1,"CD4-positive, alpha-beta T cell","naive thymus-derived CD4-positive, alpha-beta T cell","naive thymus-derived CD4-positive, alpha-beta T cell","CD4-positive, alpha-beta T cell","naive thymus-derived CD4-positive, alpha-beta T cell","naive thymus-derived CD4-positive, alpha-beta T cell","naive thymus-derived CD4-positive, alpha-beta T cell",4,"naive thymus-derived CD4-positive, alpha-beta T cell",4,"naive thymus-derived CD4-positive, alpha-beta T cell"
TAGCCCACAAAAGC-1,"CD4-positive, alpha-beta T cell","CD4-positive, alpha-beta T cell",serous cell of epithelium of trachea,"CD4-positive, alpha-beta T cell",innate lymphoid cell,innate lymphoid cell,"CD4-positive, alpha-beta T cell",3,"CD4-positive, alpha-beta T cell",3,lymphocyte
TAGCCCACAGCCAT-1,"CD8-positive, alpha-beta T cell","CD8-positive, alpha-beta T cell","CD8-positive, alpha-beta thymocyte",natural killer cell,"CD8-positive, alpha-beta T cell","CD8-positive, alpha-beta thymocyte","CD8-positive, alpha-beta T cell",3,"CD8-positive, alpha-beta T cell",3,alpha-beta T cell
TAGCCCACAGCTAC-1,"CD8-positive, alpha-beta T cell",natural killer cell,natural killer cell,natural killer cell,natural killer cell,natural killer cell,natural killer cell,5,natural killer cell,5,natural killer cell
TAGCCCACCCACAA-1,"CD4-positive, alpha-beta T cell","naive thymus-derived CD4-positive, alpha-beta T cell","CD8-positive, alpha-beta thymocyte",innate lymphoid cell,innate lymphoid cell,innate lymphoid cell,innate lymphoid cell,3,innate lymphoid cell,3,lymphocyte
TAGCCCTGCGGAGA-1,"CD4-positive, alpha-beta T cell","CD8-positive, alpha-beta thymocyte","CD8-positive, alpha-beta thymocyte","CD8-positive, alpha-beta T cell",innate lymphoid cell,"CD8-positive, alpha-beta thymocyte","CD8-positive, alpha-beta thymocyte",3,"CD8-positive, alpha-beta thymocyte",3,alpha-beta T cell
TAGCCGCTTACGAC-1,"CD4-positive, alpha-beta T cell","CD4-positive, alpha-beta T cell","CD4-positive, alpha-beta T cell","CD4-positive, alpha-beta T cell",innate lymphoid cell,"CD4-positive, alpha-beta T cell","CD4-positive, alpha-beta T cell",5,"CD4-positive, alpha-beta T cell",5,"CD4-positive, alpha-beta T cell"
TAGCCGCTTACTTC-1,"CD8-positive, alpha-beta T cell","CD8-positive, alpha-beta T cell",mature NK T cell,"CD8-positive, alpha-beta T cell","CD8-positive, alpha-beta T cell","CD8-positive, alpha-beta T cell","CD8-positive, alpha-beta T cell",5,"CD8-positive, alpha-beta T cell",5,"CD8-positive, alpha-beta T cell"
TAGCCGCTTTCCAT-1,macrophage,myeloid dendritic cell,basophil,granulocyte,non-classical monocyte,monocyte,monocyte,2,basophil,1,myeloid leukocyte
TAGCTACTGAATAG-1,B cell,B cell,B cell,innate lymphoid cell,B cell,B cell,B cell,5,B cell,5,B cell
TAGCTACTGTAGCT-1,regulatory T cell,"CD4-positive, alpha-beta thymocyte",innate lymphoid cell,"naive thymus-derived CD4-positive, alpha-beta T cell","naive thymus-derived CD4-positive, alpha-beta T cell","CD4-positive, alpha-beta T cell","naive thymus-derived CD4-positive, alpha-beta T cell",2,"naive thymus-derived CD4-positive, alpha-beta T cell",2,mature T cell
TAGCTACTTTTGCT-1,"CD4-positive, alpha-beta T cell","CD8-positive, alpha-beta thymocyte","CD4-positive, alpha-beta T cell","CD4-positive, alpha-beta T cell",innate lymphoid cell,"CD8-positive, alpha-beta T cell","CD4-positive, alpha-beta T cell",3,"CD4-positive, alpha-beta T cell",3,mature alpha-beta T cell
TAGGACTGTGCTGA-1,"CD8-positive, alpha-beta T cell","CD8-positive, alpha-beta T cell","CD8-positive, alpha-beta T cell","CD8-positive, alpha-beta T cell","CD8-positive, alpha-beta T cell","CD8-positive, alpha-beta T cell","CD8-positive, alpha-beta T cell",6,"CD8-positive, alpha-beta T cell",6,"CD8-positive, alpha-beta T cell"
TAGGAGCTAAGGCG-1,B cell,B cell,serous cell of epithelium of trachea,B cell,B cell,B cell,B cell,5,B cell,5,B cell
TAGGAGCTGAGGGT-1,"CD4-positive, alpha-beta T cell","CD4-positive, alpha-beta T cell",innate lymphoid cell,"CD4-positive, alpha-beta T cell",innate lymphoid cell,innate lymphoid cell,"CD4-positive, alpha-beta T cell",3,"CD4-positive, alpha-beta T cell",3,lymphocyte
TAGGAGCTTGCATG-1,B cell,B cell,B cell,B cell,B cell,B cell,B cell,6,B cell,6,B cell
TAGGCAACCGTCTC-1,B cell,B cell,B cell,microglial cell,B cell,B cell,B cell,5,B cell,5,B cell
TAGGCATGCTCTCG-1,macrophage,plasmacytoid dendritic cell,granulocyte,plasmacytoid dendritic cell,plasmacytoid dendritic cell,plasmacytoid dendritic cell,plasmacytoid dendritic cell,4,plasmacytoid dendritic cell,4,plasmacytoid dendritic cell
TAGGCATGGCGAGA-1,"CD8-positive, alpha-beta T cell","CD8-positive, alpha-beta T cell","CD8-positive, alpha-beta thymocyte","CD8-positive, alpha-beta T cell","CD8-positive, alpha-beta T cell","CD8-positive, alpha-beta thymocyte","CD8-positive, alpha-beta T cell",4,"CD8-positive, alpha-beta T cell",4,"CD8-positive, alpha-beta T cell"
TAGGCTGATGCCTC-1,classical monocyte,myeloid dendritic cell,monocyte,classical monocyte,myeloid dendritic cell,non-classical monocyte,classical monocyte,2,classical monocyte,2,monocyte
TAGGGACTGAACTC-1,"CD8-positive, alpha-beta T cell",natural killer cell,natural killer cell,natural killer cell,natural killer cell,natural killer cell,natural killer cell,5,natural killer cell,5,natural killer cell
TAGGTCGACACTGA-1,"CD4-positive, alpha-beta T cell","CD4-positive, alpha-beta thymocyte",innate lymphoid cell,"CD4-positive, alpha-beta T cell",innate lymphoid cell,innate lymphoid cell,innate lymphoid cell,3,innate lymphoid cell,3,lymphocyte
TAGGTCGAGGATCT-1,B cell,B cell,B cell,B cell,B cell,B cell,B cell,6,B cell,6,B cell
TAGGTGACACACTG-1,"CD4-positive, alpha-beta T cell",regulatory T cell,serous cell of epithelium of trachea,regulatory T cell,"naive thymus-derived CD4-positive, alpha-beta T cell","CD4-positive, alpha-beta T cell","CD4-positive, alpha-beta T cell",3,"CD4-positive, alpha-beta T cell",2,mature T cell
TAGGTGACACGTTG-1,B cell,B cell,B cell,myeloid dendritic cell,B cell,B cell,B cell,5,B cell,5,B cell
TAGGTGTGTTCTGT-1,"CD4-positive, alpha-beta T cell","CD4-positive, alpha-beta T cell",mature NK T cell,"CD8-positive, alpha-beta T cell",innate lymphoid cell,"CD8-positive, alpha-beta thymocyte","CD4-positive, alpha-beta T cell",2,"CD4-positive, alpha-beta T cell",2,mature alpha-beta T cell
TAGGTTCTGAAGGC-1,B cell,"CD4-positive, alpha-beta T cell","CD8-positive, alpha-beta T cell","CD8-positive, alpha-beta T cell","naive thymus-derived CD4-positive, alpha-beta T cell","CD4-positive, alpha-beta T cell","CD4-positive, alpha-beta T cell",3,"CD4-positive, alpha-beta T cell",2,mature alpha-beta T cell
TAGGTTCTTCTTAC-1,macrophage,non-classical monocyte,non-classical monocyte,non-classical monocyte,non-classical monocyte,non-classical monocyte,non-classical monocyte,5,non-classical monocyte,5,non-classical monocyte
TAGGTTCTTGCTGA-1,monocyte,monocyte,myeloid cell,monocyte,monocyte,monocyte,monocyte,5,monocyte,5,monocyte
TAGTAAACCTCGCT-1,"CD4-positive, alpha-beta T cell","naive thymus-derived CD4-positive, alpha-beta T cell","naive thymus-derived CD4-positive, alpha-beta T cell","CD4-positive, alpha-beta thymocyte","naive thymus-derived CD4-positive, alpha-beta T cell","naive thymus-derived CD4-positive, alpha-beta T cell","naive thymus-derived CD4-positive, alpha-beta T cell",4,"naive thymus-derived CD4-positive, alpha-beta T cell",4,"naive thymus-derived CD4-positive, alpha-beta T cell"
TAGTAAACGTCACA-1,"CD4-positive, alpha-beta T cell","CD8-positive, alpha-beta T cell","CD8-positive, alpha-beta thymocyte","naive thymus-derived CD8-positive, alpha-beta T cell","CD8-positive, alpha-beta T cell","CD8-positive, alpha-beta thymocyte","CD8-positive, alpha-beta T cell",2,"CD8-positive, alpha-beta T cell",2,mature alpha-beta T cell
TAGTAATGAGATCC-1,"CD4-positive, alpha-beta T cell","CD4-positive, alpha-beta T cell","CD4-positive, alpha-beta thymocyte",innate lymphoid cell,"naive thymus-derived CD4-positive, alpha-beta T cell","CD4-positive, alpha-beta T cell","CD4-positive, alpha-beta T cell",4,"CD4-positive, alpha-beta T cell",3,"CD4-positive, alpha-beta T cell"
TAGTACCTAAGAAC-1,macrophage,monocyte,basophil,myeloid dendritic cell,monocyte,monocyte,monocyte,3,monocyte,3,myeloid leukocyte
TAGTATGATCTTAC-1,B cell,B cell,B cell,B cell,B cell,B cell,B cell,6,B cell,6,B cell
TAGTATGATTCTCA-1,"CD4-positive, alpha-beta T cell",regulatory T cell,monocyte,"CD4-positive, alpha-beta T cell","naive thymus-derived CD4-positive, alpha-beta T cell","CD4-positive, alpha-beta T cell","CD4-positive, alpha-beta T cell",4,"CD4-positive, alpha-beta T cell",3,"CD4-positive, alpha-beta T cell"
TAGTCTTGGCTGTA-1,"CD4-positive, alpha-beta T cell","CD8-positive, alpha-beta thymocyte","CD8-positive, alpha-beta T cell",innate lymphoid cell,innate lymphoid cell,innate lymphoid cell,innate lymphoid cell,3,innate lymphoid cell,3,lymphocyte
TAGTCTTGGGACTT-1,"CD8-positive, alpha-beta T cell","CD8-positive, alpha-beta T cell",mature NK T cell,innate lymphoid cell,innate lymphoid cell,mature NK T cell,"CD8-positive, alpha-beta T cell",2,"CD8-positive, alpha-beta T cell",2,mature alpha-beta T cell
TAGTCTTGTGGAAA-1,"CD8-positive, alpha-beta T cell","CD8-positive, alpha-beta T cell","CD8-positive, alpha-beta T cell",natural killer cell,"CD8-positive, alpha-beta T cell","CD8-positive, alpha-beta T cell","CD8-positive, alpha-beta T cell",5,"CD8-positive, alpha-beta T cell",5,"CD8-positive, alpha-beta T cell"
TAGTGGTGAAGTGA-1,natural killer cell,natural killer cell,natural killer cell,natural killer cell,natural killer cell,natural killer cell,natural killer cell,6,natural killer cell,6,natural killer cell
TAGTTAGAACCACA-1,natural killer cell,natural killer cell,natural killer cell,natural killer cell,natural killer cell,natural killer cell,natural killer cell,6,natural killer cell,6,natural killer cell
TAGTTAGATGAACC-1,"CD4-positive, alpha-beta T cell","CD4-positive, alpha-beta thymocyte","CD4-positive, alpha-beta T cell","CD4-positive, alpha-beta T cell","CD4-positive, alpha-beta T cell","CD4-positive, alpha-beta T cell","CD4-positive, alpha-beta T cell",5,"CD4-positive, alpha-beta T cell",5,"CD4-positive, alpha-beta T cell"
TATAAGACAACAGA-1,"CD8-positive, alpha-beta T cell","CD8-positive, alpha-beta T cell",leukocyte,innate lymphoid cell,myeloid dendritic cell,leukocyte,leukocyte,3,"CD8-positive, alpha-beta T cell",2,mononuclear cell
TATAAGACAGCTCA-1,macrophage,non-classical monocyte,non-classical monocyte,non-classical monocyte,non-classical monocyte,non-classical monocyte,non-classical monocyte,5,non-classical monocyte,5,non-classical monocyte
TATAAGTGACACCA-1,macrophage,non-classical monocyte,non-classical monocyte,non-classical monocyte,non-classical monocyte,non-classical monocyte,non-classical monocyte,5,non-classical monocyte,5,non-classical monocyte
TATAAGTGTATCGG-1,monocyte,monocyte,monocyte,myeloid dendritic cell,monocyte,monocyte,monocyte,5,monocyte,5,monocyte
TATAAGTGTGGTGT-1,macrophage,non-classical monocyte,non-classical monocyte,non-classical monocyte,non-classical monocyte,non-classical monocyte,non-classical monocyte,5,non-classical monocyte,5,non-classical monocyte
TATACAGAACCCTC-1,"CD8-positive, alpha-beta T cell","CD8-positive, alpha-beta T cell","CD8-positive, alpha-beta thymocyte","CD8-positive, alpha-beta T cell","CD8-positive, alpha-beta T cell","CD8-positive, alpha-beta T cell","CD8-positive, alpha-beta T cell",5,"CD8-positive, alpha-beta T cell",5,"CD8-positive, alpha-beta T cell"
TATACAGAAGAACA-1,"CD4-positive, alpha-beta T cell","CD4-positive, alpha-beta thymocyte",innate lymphoid cell,innate lymphoid cell,innate lymphoid cell,innate lymphoid cell,innate lymphoid cell,4,innate lymphoid cell,4,innate lymphoid cell
TATACAGATCCAGA-1,"CD4-positive, alpha-beta T cell","CD4-positive, alpha-beta T cell","CD4-positive, alpha-beta T cell","CD4-positive, alpha-beta thymocyte",innate lymphoid cell,"naive thymus-derived CD4-positive, alpha-beta T cell","CD4-positive, alpha-beta T cell",3,"CD4-positive, alpha-beta T cell",3,"CD4-positive, alpha-beta T cell"
TATACCACCTGATG-1,B cell,B cell,B cell,B cell,B cell,B cell,B cell,6,B cell,6,B cell
TATACGCTACCAAC-1,"CD4-positive, alpha-beta T cell","CD4-positive, alpha-beta T cell",stromal cell,"CD8-positive, alpha-beta thymocyte","CD8-positive, alpha-beta T cell","CD8-positive, alpha-beta T cell","CD4-positive, alpha-beta T cell",2,"CD4-positive, alpha-beta T cell",2,mature alpha-beta T cell
TATAGATGGACGGA-1,"CD4-positive, alpha-beta T cell",regulatory T cell,stromal cell,"CD4-positive, alpha-beta thymocyte",regulatory T cell,"CD4-positive, alpha-beta T cell","CD4-positive, alpha-beta T cell",2,"CD4-positive, alpha-beta T cell",2,mature T cell
TATAGATGTTCCGC-1,macrophage,myeloid dendritic cell,non-classical monocyte,mononuclear phagocyte,non-classical monocyte,non-classical monocyte,non-classical monocyte,3,non-classical monocyte,3,mononuclear phagocyte
TATCCAACCAGCTA-1,classical monocyte,myeloid dendritic cell,non-classical monocyte,plasmacytoid dendritic cell,myeloid dendritic cell,classical monocyte,classical monocyte,2,classical monocyte,2,myeloid leukocyte
TATCCAACTCTCTA-1,"CD8-positive, alpha-beta T cell","CD8-positive, alpha-beta T cell","CD8-positive, alpha-beta T cell","CD4-positive, alpha-beta T cell","CD8-positive, alpha-beta T cell","CD8-positive, alpha-beta T cell","CD8-positive, alpha-beta T cell",5,"CD8-positive, alpha-beta T cell",5,"CD8-positive, alpha-beta T cell"
TATCGACTACTAGC-1,"CD8-positive, alpha-beta T cell",mature NK T cell,"CD8-positive, alpha-beta T cell","naive thymus-derived CD8-positive, alpha-beta T cell",mature NK T cell,mature NK T cell,mature NK T cell,3,mature NK T cell,3,mature alpha-beta T cell
TATCGACTCGATAC-1,macrophage,non-classical monocyte,non-classical monocyte,non-classical monocyte,non-classical monocyte,non-classical monocyte,non-classical monocyte,5,non-classical monocyte,5,non-classical monocyte
TATCGTACAGATGA-1,"CD8-positive, alpha-beta T cell","CD8-positive, alpha-beta T cell","CD8-positive, alpha-beta thymocyte","CD8-positive, alpha-beta T cell","CD8-positive, alpha-beta T cell","CD8-positive, alpha-beta T cell","CD8-positive, alpha-beta T cell",5,"CD8-positive, alpha-beta T cell",5,"CD8-positive, alpha-beta T cell"
TATCGTACATTCCT-1,classical monocyte,myeloid dendritic cell,classical monocyte,granulocyte,myeloid dendritic cell,monocyte,classical monocyte,2,classical monocyte,2,myeloid leukocyte
TATCTCGAGAGATA-1,"CD4-positive, alpha-beta T cell","CD4-positive, alpha-beta thymocyte",stromal cell,innate lymphoid cell,innate lymphoid cell,innate lymphoid cell,innate lymphoid cell,3,innate lymphoid cell,3,lymphocyte
TATCTGACAGGTTC-1,"CD8-positive, alpha-beta T cell","CD8-positive, alpha-beta T cell",myeloid dendritic cell,natural killer cell,"CD8-positive, alpha-beta T cell","CD8-positive, alpha-beta thymocyte","CD8-positive, alpha-beta T cell",3,"CD8-positive, alpha-beta T cell",3,alpha-beta T cell
TATCTGACTGTTTC-1,"CD8-positive, alpha-beta T cell","CD8-positive, alpha-beta T cell","CD8-positive, alpha-beta thymocyte","CD8-positive, alpha-beta T cell","CD8-positive, alpha-beta thymocyte","CD8-positive, alpha-beta thymocyte","CD8-positive, alpha-beta T cell",3,"CD8-positive, alpha-beta T cell",3,alpha-beta T cell
TATCTTCTAAACAG-1,"CD4-positive, alpha-beta T cell","CD4-positive, alpha-beta T cell",stromal cell,"CD4-positive, alpha-beta thymocyte","CD8-positive, alpha-beta thymocyte","CD8-positive, alpha-beta T cell","CD4-positive, alpha-beta T cell",2,"CD4-positive, alpha-beta T cell",2,alpha-beta T cell
TATGAATGGAGGAC-1,"CD8-positive, alpha-beta T cell","CD8-positive, alpha-beta T cell",myeloid dendritic cell,"CD8-positive, alpha-beta T cell","naive thymus-derived CD8-positive, alpha-beta T cell","naive thymus-derived CD8-positive, alpha-beta T cell","CD8-positive, alpha-beta T cell",4,"CD8-positive, alpha-beta T cell",3,"CD8-positive, alpha-beta T cell"
TATGAATGTTTGCT-1,macrophage,non-classical monocyte,non-classical monocyte,non-classical monocyte,non-classical monocyte,non-classical monocyte,non-classical monocyte,5,non-classical monocyte,5,non-classical monocyte
TATGCGGATAACCG-1,"CD4-positive, alpha-beta T cell",regulatory T cell,regulatory T cell,innate lymphoid cell,"naive thymus-derived CD4-positive, alpha-beta T cell",regulatory T cell,regulatory T cell,3,regulatory T cell,3,mature T cell
TATGGGTGCATCAG-1,mature NK T cell,natural killer cell,natural killer cell,natural killer cell,natural killer cell,natural killer cell,natural killer cell,5,natural killer cell,5,natural killer cell
TATGGGTGCTAGCA-1,B cell,B cell,B cell,B cell,B cell,"CD4-positive, alpha-beta T cell",B cell,5,B cell,5,B cell
TATGGTCTCTACCC-1,"CD4-positive, alpha-beta T cell","CD4-positive, alpha-beta T cell","naive thymus-derived CD4-positive, alpha-beta T cell","naive thymus-derived CD4-positive, alpha-beta T cell",innate lymphoid cell,innate lymphoid cell,"CD4-positive, alpha-beta T cell",2,"CD4-positive, alpha-beta T cell",2,"CD4-positive, alpha-beta T cell"
TATGTCACGGAACG-1,B cell,B cell,B cell,B cell,B cell,B cell,B cell,6,B cell,6,B cell
TATGTCACTAACCG-1,monocyte,myeloid dendritic cell,hematopoietic stem cell,myeloid dendritic cell,myeloid dendritic cell,myeloid dendritic cell,myeloid dendritic cell,4,myeloid dendritic cell,4,conventional dendritic cell
TATGTCACTTCTCA-1,B cell,B cell,B cell,B cell,B cell,B cell,B cell,6,B cell,6,B cell
TATGTGCTCCGATA-1,classical monocyte,monocyte,mature NK T cell,myeloid dendritic cell,myeloid dendritic cell,classical monocyte,classical monocyte,2,classical monocyte,2,myeloid leukocyte
TATGTGCTGGATTC-1,"CD4-positive, alpha-beta T cell","CD4-positive, alpha-beta T cell","CD4-positive, alpha-beta T cell","CD4-positive, alpha-beta T cell","naive thymus-derived CD4-positive, alpha-beta T cell","CD4-positive, alpha-beta T cell","CD4-positive, alpha-beta T cell",6,"CD4-positive, alpha-beta T cell",5,"CD4-positive, alpha-beta T cell"
TATTGCTGAAGAAC-1,macrophage,myeloid dendritic cell,erythrocyte,neutrophil,myeloid dendritic cell,classical monocyte,myeloid dendritic cell,2,myeloid dendritic cell,2,myeloid leukocyte
TATTGCTGTCTGGA-1,"CD4-positive, alpha-beta T cell","CD4-positive, alpha-beta T cell",innate lymphoid cell,"CD4-positive, alpha-beta T cell","naive thymus-derived CD4-positive, alpha-beta T cell",innate lymphoid cell,"CD4-positive, alpha-beta T cell",4,"CD4-positive, alpha-beta T cell",3,"CD4-positive, alpha-beta T cell"
TATTGCTGTGCACA-1,"CD8-positive, alpha-beta T cell","CD8-positive, alpha-beta T cell","CD8-positive, alpha-beta thymocyte","CD8-positive, alpha-beta thymocyte","CD8-positive, alpha-beta thymocyte","CD8-positive, alpha-beta thymocyte","CD8-positive, alpha-beta thymocyte",4,"CD8-positive, alpha-beta thymocyte",4,"CD8-positive, alpha-beta thymocyte"
TATTTCCTATTGGC-1,macrophage,myeloid dendritic cell,non-classical monocyte,myeloid dendritic cell,myeloid dendritic cell,"CD8-positive, alpha-beta T cell",myeloid dendritic cell,3,myeloid dendritic cell,3,professional antigen presenting cell
TATTTCCTGGAGGT-1,"CD8-positive, alpha-beta T cell","CD8-positive, alpha-beta T cell","naive thymus-derived CD8-positive, alpha-beta T cell","CD8-positive, alpha-beta T cell",natural killer cell,"naive thymus-derived CD8-positive, alpha-beta T cell","CD8-positive, alpha-beta T cell",3,"CD8-positive, alpha-beta T cell",3,"CD8-positive, alpha-beta T cell"
TATTTCCTGGTGTT-1,"CD4-positive, alpha-beta T cell","CD4-positive, alpha-beta T cell","CD8-positive, alpha-beta thymocyte","naive thymus-derived CD4-positive, alpha-beta T cell",innate lymphoid cell,"CD8-positive, alpha-beta T cell","CD4-positive, alpha-beta T cell",2,"CD4-positive, alpha-beta T cell",2,mature alpha-beta T cell
TCAACACTGTTTGG-1,"CD8-positive, alpha-beta T cell",natural killer cell,mature NK T cell,natural killer cell,natural killer cell,mature NK T cell,natural killer cell,3,natural killer cell,3,lymphocyte
TCAAGGACAGCGTT-1,"CD4-positive, alpha-beta T cell","naive thymus-derived CD4-positive, alpha-beta T cell","naive thymus-derived CD4-positive, alpha-beta T cell","CD4-positive, alpha-beta thymocyte","naive thymus-derived CD4-positive, alpha-beta T cell","naive thymus-derived CD4-positive, alpha-beta T cell","naive thymus-derived CD4-positive, alpha-beta T cell",4,"naive thymus-derived CD4-positive, alpha-beta T cell",4,"naive thymus-derived CD4-positive, alpha-beta T cell"
TCAAGGACATTCTC-1,"CD8-positive, alpha-beta T cell","CD8-positive, alpha-beta T cell","CD8-positive, alpha-beta thymocyte",natural killer cell,myeloid dendritic cell,"CD8-positive, alpha-beta thymocyte","CD8-positive, alpha-beta T cell",2,"CD8-positive, alpha-beta T cell",2,alpha-beta T cell
TCAAGGACGGTGTT-1,classical monocyte,myeloid dendritic cell,myeloid dendritic cell,myeloid dendritic cell,myeloid dendritic cell,myeloid dendritic cell,myeloid dendritic cell,5,myeloid dendritic cell,5,conventional dendritic cell
TCAATCACACTCTT-1,"CD8-positive, alpha-beta T cell","CD8-positive, alpha-beta T cell","CD8-positive, alpha-beta thymocyte","CD8-positive, alpha-beta T cell","CD8-positive, alpha-beta T cell","CD8-positive, alpha-beta T cell","CD8-positive, alpha-beta T cell",5,"CD8-positive, alpha-beta T cell",5,"CD8-positive, alpha-beta T cell"
TCAATCACAGTCGT-1,intermediate monocyte,non-classical monocyte,non-classical monocyte,non-classical monocyte,non-classical monocyte,non-classical monocyte,non-classical monocyte,5,non-classical monocyte,5,non-classical monocyte
TCACAACTATGTGC-1,"CD4-positive, alpha-beta T cell","CD4-positive, alpha-beta T cell",innate lymphoid cell,myeloid dendritic cell,innate lymphoid cell,innate lymphoid cell,innate lymphoid cell,3,innate lymphoid cell,3,lymphocyte
TCACAACTTTGCTT-1,monocyte,monocyte,basophil,myeloid dendritic cell,myeloid dendritic cell,"CD4-positive, alpha-beta T cell",myeloid dendritic cell,2,monocyte,2,myeloid leukocyte
TCACATACACTTTC-1,"CD8-positive, alpha-beta T cell","CD8-positive, alpha-beta T cell","CD8-positive, alpha-beta thymocyte","CD8-positive, alpha-beta T cell","CD8-positive, alpha-beta T cell","CD8-positive, alpha-beta thymocyte","CD8-positive, alpha-beta T cell",4,"CD8-positive, alpha-beta T cell",4,"CD8-positive, alpha-beta T cell"
TCACATACAGGGTG-1,"CD4-positive, alpha-beta T cell","naive thymus-derived CD4-positive, alpha-beta T cell",innate lymphoid cell,"CD4-positive, alpha-beta T cell",innate lymphoid cell,innate lymphoid cell,innate lymphoid cell,3,innate lymphoid cell,3,lymphocyte
TCACCCGAGACGGA-1,classical monocyte,myeloid dendritic cell,monocyte,non-classical monocyte,myeloid dendritic cell,monocyte,myeloid dendritic cell,2,monocyte,2,monocyte
TCACCGTGCTCGCT-1,macrophage,myeloid dendritic cell,non-classical monocyte,non-classical monocyte,non-classical monocyte,non-classical monocyte,non-classical monocyte,4,non-classical monocyte,4,non-classical monocyte
TCACCTCTACGACT-1,"CD8-positive, alpha-beta T cell","CD8-positive, alpha-beta T cell","CD8-positive, alpha-beta T cell","CD8-positive, alpha-beta T cell","CD8-positive, alpha-beta T cell","CD8-positive, alpha-beta T cell","CD8-positive, alpha-beta T cell",6,"CD8-positive, alpha-beta T cell",6,"CD8-positive, alpha-beta T cell"
TCACCTCTTCCAAG-1,macrophage,non-classical monocyte,non-classical monocyte,non-classical monocyte,non-classical monocyte,monocyte,non-classical monocyte,4,non-classical monocyte,4,non-classical monocyte
TCACGAGAGGAGGT-1,B cell,B cell,B cell,B cell,B cell,B cell,B cell,6,B cell,6,B cell
TCACTATGGGGCAA-1,"CD8-positive, alpha-beta T cell","CD8-positive, alpha-beta T cell","CD8-positive, alpha-beta T cell","CD8-positive, alpha-beta T cell","CD8-positive, alpha-beta T cell","CD8-positive, alpha-beta T cell","CD8-positive, alpha-beta T cell",6,"CD8-positive, alpha-beta T cell",6,"CD8-positive, alpha-beta T cell"
TCAGACGACGCTAA-1,"CD4-positive, alpha-beta T cell","CD4-positive, alpha-beta T cell",plasma cell,"CD4-positive, alpha-beta thymocyte","naive thymus-derived CD4-positive, alpha-beta T cell",innate lymphoid cell,"CD4-positive, alpha-beta T cell",3,"CD4-positive, alpha-beta T cell",2,alpha-beta T cell
TCAGACGACGTTAG-1,natural killer cell,natural killer cell,natural killer cell,"CD8-positive, alpha-beta T cell",natural killer cell,natural killer cell,natural killer cell,5,natural killer cell,5,natural killer cell
TCAGAGACTCCAGA-1,"CD4-positive, alpha-beta T cell","CD4-positive, alpha-beta thymocyte","CD8-positive, alpha-beta T cell","CD4-positive, alpha-beta T cell","CD8-positive, alpha-beta T cell","CD4-positive, alpha-beta T cell","CD4-positive, alpha-beta T cell",3,"CD4-positive, alpha-beta T cell",3,mature alpha-beta T cell
TCAGCAGACTCCAC-1,"CD4-positive, alpha-beta T cell","naive thymus-derived CD4-positive, alpha-beta T cell","naive thymus-derived CD4-positive, alpha-beta T cell","CD4-positive, alpha-beta T cell","naive thymus-derived CD4-positive, alpha-beta T cell","naive thymus-derived CD4-positive, alpha-beta T cell","naive thymus-derived CD4-positive, alpha-beta T cell",4,"naive thymus-derived CD4-positive, alpha-beta T cell",4,"naive thymus-derived CD4-positive, alpha-beta T cell"
TCAGCGCTCTAGTG-1,"CD4-positive, alpha-beta T cell","CD8-positive, alpha-beta T cell","CD8-positive, alpha-beta thymocyte","CD8-positive, alpha-beta T cell","CD8-positive, alpha-beta T cell","CD8-positive, alpha-beta T cell","CD8-positive, alpha-beta T cell",4,"CD8-positive, alpha-beta T cell",4,"CD8-positive, alpha-beta T cell"
TCAGCGCTGGATCT-1,B cell,B cell,B cell,B cell,B cell,B cell,B cell,6,B cell,6,B cell
TCAGCGCTGGTATC-1,"CD8-positive, alpha-beta T cell","CD8-positive, alpha-beta T cell","CD8-positive, alpha-beta T cell","CD8-positive, alpha-beta T cell","CD8-positive, alpha-beta T cell","CD8-positive, alpha-beta thymocyte","CD8-positive, alpha-beta T cell",5,"CD8-positive, alpha-beta T cell",5,"CD8-positive, alpha-beta T cell"
TCAGGATGAAGTAG-1,"CD4-positive, alpha-beta T cell","CD4-positive, alpha-beta thymocyte",stromal cell,"CD4-positive, alpha-beta T cell",innate lymphoid cell,"naive thymus-derived CD4-positive, alpha-beta T cell","CD4-positive, alpha-beta T cell",2,"CD4-positive, alpha-beta T cell",2,alpha-beta T cell
TCAGGATGCCTTTA-1,macrophage,non-classical monocyte,non-classical monocyte,non-classical monocyte,non-classical monocyte,non-classical monocyte,non-classical monocyte,5,non-classical monocyte,5,non-classical monocyte
TCAGTGGAAGATCC-1,"CD8-positive, alpha-beta T cell","CD8-positive, alpha-beta T cell",stromal cell,natural killer cell,innate lymphoid cell,innate lymphoid cell,"CD8-positive, alpha-beta T cell",2,"CD8-positive, alpha-beta T cell",2,lymphocyte
TCAGTTACCTACGA-1,monocyte,monocyte,monocyte,monocyte,monocyte,monocyte,monocyte,6,monocyte,6,monocyte
TCAGTTACTAGAAG-1,"CD4-positive, alpha-beta T cell","CD4-positive, alpha-beta T cell",monocyte,"naive thymus-derived CD4-positive, alpha-beta T cell",innate lymphoid cell,non-classical monocyte,"CD4-positive, alpha-beta T cell",2,"CD4-positive, alpha-beta T cell",2,lymphocyte
TCATCAACCCGATA-1,"CD4-positive, alpha-beta T cell","CD4-positive, alpha-beta T cell","CD4-positive, alpha-beta thymocyte","CD4-positive, alpha-beta T cell","naive thymus-derived CD4-positive, alpha-beta T cell",innate lymphoid cell,"CD4-positive, alpha-beta T cell",4,"CD4-positive, alpha-beta T cell",3,"CD4-positive, alpha-beta T cell"
TCATCAACTGTTCT-1,macrophage,myeloid dendritic cell,basophil,non-classical monocyte,non-classical monocyte,myeloid cell,non-classical monocyte,2,non-classical monocyte,2,myeloid leukocyte
TCATCATGCAGTTG-1,"CD4-positive, alpha-beta T cell","CD4-positive, alpha-beta thymocyte","CD8-positive, alpha-beta thymocyte",T cell,"CD4-positive, alpha-beta T cell","CD4-positive, alpha-beta T cell","CD4-positive, alpha-beta T cell",3,"CD4-positive, alpha-beta T cell",3,alpha-beta T cell
TCATCCCTTACTGG-1,"CD4-positive, alpha-beta T cell","CD4-positive, alpha-beta T cell",stromal cell,innate lymphoid cell,"naive thymus-derived CD4-positive, alpha-beta T cell","CD4-positive, alpha-beta thymocyte","CD4-positive, alpha-beta T cell",3,"CD4-positive, alpha-beta T cell",2,alpha-beta T cell
TCATTCGATACAGC-1,macrophage,myeloid dendritic cell,non-classical monocyte,non-classical monocyte,non-classical monocyte,non-classical monocyte,non-classical monocyte,4,non-classical monocyte,4,non-classical monocyte
TCCACGTGGAAACA-1,"CD4-positive, alpha-beta T cell","CD4-positive, alpha-beta T cell",serous cell of epithelium of trachea,"CD4-positive, alpha-beta T cell","naive thymus-derived CD4-positive, alpha-beta T cell","naive thymus-derived CD4-positive, alpha-beta T cell","CD4-positive, alpha-beta T cell",4,"CD4-positive, alpha-beta T cell",3,"CD4-positive, alpha-beta T cell"
TCCACTCTACACTG-1,regulatory T cell,"CD4-positive, alpha-beta T cell","CD8-positive, alpha-beta T cell","naive thymus-derived CD8-positive, alpha-beta T cell",innate lymphoid cell,myeloid dendritic cell,"CD4-positive, alpha-beta T cell",1,"CD4-positive, alpha-beta T cell",1,mature T cell
TCCACTCTGAGCTT-1,macrophage,myeloid dendritic cell,monocyte,granulocyte,myeloid dendritic cell,monocyte,myeloid dendritic cell,2,monocyte,2,myeloid leukocyte
TCCACTCTTACTTC-1,B cell,B cell,B cell,B cell,B cell,B cell,B cell,6,B cell,6,B cell
TCCATAACAAAGTG-1,"CD4-positive, alpha-beta T cell","CD4-positive, alpha-beta T cell","naive thymus-derived CD4-positive, alpha-beta T cell",B cell,"naive thymus-derived CD4-positive, alpha-beta T cell","naive thymus-derived CD4-positive, alpha-beta T cell","CD4-positive, alpha-beta T cell",3,"naive thymus-derived CD4-positive, alpha-beta T cell",3,"CD4-positive, alpha-beta T cell"
TCCATAACCGTAGT-1,B cell,B cell,B cell,B cell,B cell,B cell,B cell,6,B cell,6,B cell
TCCATAACGATGAA-1,"CD4-positive, alpha-beta T cell","CD4-positive, alpha-beta T cell","CD4-positive, alpha-beta T cell","naive thymus-derived CD4-positive, alpha-beta T cell","CD4-positive, alpha-beta T cell","CD4-positive, alpha-beta T cell","CD4-positive, alpha-beta T cell",5,"CD4-positive, alpha-beta T cell",5,"CD4-positive, alpha-beta T cell"
TCCATAACTACGCA-1,"CD4-positive, alpha-beta T cell","CD4-positive, alpha-beta T cell",T follicular helper cell,"CD4-positive, alpha-beta T cell",innate lymphoid cell,innate lymphoid cell,"CD4-positive, alpha-beta T cell",3,"CD4-positive, alpha-beta T cell",3,"CD4-positive, alpha-beta T cell"
TCCATCCTCCCTAC-1,"CD8-positive, alpha-beta T cell","CD8-positive, alpha-beta T cell","naive thymus-derived CD8-positive, alpha-beta T cell","CD8-positive, alpha-beta T cell","naive thymus-derived CD8-positive, alpha-beta T cell","naive thymus-derived CD8-positive, alpha-beta T cell","CD8-positive, alpha-beta T cell",4,"CD8-positive, alpha-beta T cell",3,"CD8-positive, alpha-beta T cell"
TCCCACGATCATTC-1,"CD4-positive, alpha-beta T cell","naive thymus-derived CD4-positive, alpha-beta T cell",innate lymphoid cell,"CD4-positive, alpha-beta T cell",innate lymphoid cell,innate lymphoid cell,innate lymphoid cell,3,innate lymphoid cell,3,lymphocyte
TCCCATCTCAAAGA-1,classical monocyte,monocyte,classical monocyte,monocyte,classical monocyte,monocyte,monocyte,4,classical monocyte,3,monocyte
TCCCGAACACAGTC-1,natural killer cell,natural killer cell,mature NK T cell,"naive thymus-derived CD8-positive, alpha-beta T cell",natural killer cell,mature NK T cell,natural killer cell,3,natural killer cell,3,lymphocyte
TCCCGAACTTCGCC-1,intermediate monocyte,non-classical monocyte,non-classical monocyte,non-classical monocyte,non-classical monocyte,non-classical monocyte,non-classical monocyte,5,non-classical monocyte,5,non-classical monocyte
TCCCGATGAGATCC-1,"CD4-positive, alpha-beta T cell","CD4-positive, alpha-beta thymocyte","naive thymus-derived CD4-positive, alpha-beta T cell","CD4-positive, alpha-beta T cell","naive thymus-derived CD4-positive, alpha-beta T cell","naive thymus-derived CD4-positive, alpha-beta T cell","CD4-positive, alpha-beta T cell",3,"naive thymus-derived CD4-positive, alpha-beta T cell",3,"CD4-positive, alpha-beta T cell"
TCCCGATGCCTGAA-1,classical monocyte,monocyte,erythrocyte,myeloid dendritic cell,myeloid dendritic cell,non-classical monocyte,myeloid dendritic cell,2,myeloid dendritic cell,2,myeloid leukocyte
TCCCTACTCAACTG-1,B cell,B cell,B cell,B cell,B cell,B cell,B cell,6,B cell,6,B cell
TCCGAAGACAATCG-1,classical monocyte,monocyte,myeloid dendritic cell,myeloid dendritic cell,myeloid dendritic cell,monocyte,myeloid dendritic cell,3,myeloid dendritic cell,3,myeloid leukocyte
TCCGAAGACGTTAG-1,"CD4-positive, alpha-beta thymocyte","naive thymus-derived CD4-positive, alpha-beta T cell","naive thymus-derived CD4-positive, alpha-beta T cell","naive thymus-derived CD4-positive, alpha-beta T cell","naive thymus-derived CD4-positive, alpha-beta T cell","naive thymus-derived CD4-positive, alpha-beta T cell","naive thymus-derived CD4-positive, alpha-beta T cell",5,"naive thymus-derived CD4-positive, alpha-beta T cell",5,"naive thymus-derived CD4-positive, alpha-beta T cell"
TCCGGACTGAGGTG-1,"CD4-positive, alpha-beta T cell","CD4-positive, alpha-beta T cell",stromal cell,"naive thymus-derived CD4-positive, alpha-beta T cell","CD4-positive, alpha-beta T cell",innate lymphoid cell,"CD4-positive, alpha-beta T cell",3,"CD4-positive, alpha-beta T cell",3,"CD4-positive, alpha-beta T cell"
TCCGGACTGTACGT-1,"CD8-positive, alpha-beta T cell","CD8-positive, alpha-beta T cell",myeloid dendritic cell,"CD8-positive, alpha-beta T cell","CD8-positive, alpha-beta T cell","CD8-positive, alpha-beta T cell","CD8-positive, alpha-beta T cell",5,"CD8-positive, alpha-beta T cell",5,"CD8-positive, alpha-beta T cell"
TCCTAAACATCGAC-1,"CD4-positive, alpha-beta T cell","CD8-positive, alpha-beta T cell",thymocyte,"CD8-positive, alpha-beta T cell","CD8-positive, alpha-beta thymocyte",thymocyte,thymocyte,3,"CD8-positive, alpha-beta T cell",2,alpha-beta T cell
TCCTAAACCGAGAG-1,"CD4-positive, alpha-beta T cell","CD4-positive, alpha-beta T cell",plasma cell,"CD4-positive, alpha-beta T cell","naive thymus-derived CD4-positive, alpha-beta T cell",plasma cell,"CD4-positive, alpha-beta T cell",4,"CD4-positive, alpha-beta T cell",3,"CD4-positive, alpha-beta T cell"
TCCTAAACCGCATA-1,natural killer cell,natural killer cell,natural killer cell,natural killer cell,natural killer cell,natural killer cell,natural killer cell,6,natural killer cell,6,natural killer cell
TCCTAATGGTTTGG-1,"CD8-positive, alpha-beta T cell","CD8-positive, alpha-beta T cell","naive thymus-derived CD8-positive, alpha-beta T cell","CD8-positive, alpha-beta T cell","CD8-positive, alpha-beta T cell","naive thymus-derived CD8-positive, alpha-beta T cell","CD8-positive, alpha-beta T cell",4,"CD8-positive, alpha-beta T cell",4,"CD8-positive, alpha-beta T cell"
TCCTACCTGTCGTA-1,"CD4-positive, alpha-beta T cell","CD4-positive, alpha-beta T cell","CD4-positive, alpha-beta thymocyte","CD4-positive, alpha-beta T cell",innate lymphoid cell,innate lymphoid cell,"CD4-positive, alpha-beta T cell",3,"CD4-positive, alpha-beta T cell",3,alpha-beta T cell
TCCTATGAAAAGCA-1,"CD8-positive, alpha-beta T cell","CD8-positive, alpha-beta T cell","CD8-positive, alpha-beta T cell","CD8-positive, alpha-beta T cell",myeloid dendritic cell,"CD4-positive, alpha-beta T cell","CD8-positive, alpha-beta T cell",4,"CD8-positive, alpha-beta T cell",4,"CD8-positive, alpha-beta T cell"
TCGAATCTCTGGTA-1,"CD8-positive, alpha-beta T cell","CD8-positive, alpha-beta T cell","CD8-positive, alpha-beta thymocyte","CD8-positive, alpha-beta thymocyte","naive thymus-derived CD8-positive, alpha-beta T cell","CD8-positive, alpha-beta thymocyte","CD8-positive, alpha-beta T cell",3,"CD8-positive, alpha-beta thymocyte",3,alpha-beta T cell
TCGACCTGCCGATA-1,monocyte,myeloid dendritic cell,non-classical monocyte,non-classical monocyte,non-classical monocyte,non-classical monocyte,non-classical monocyte,4,non-classical monocyte,4,non-classical monocyte
TCGACGCTTCTATC-1,classical monocyte,myeloid dendritic cell,monocyte,classical monocyte,myeloid dendritic cell,classical monocyte,classical monocyte,3,classical monocyte,3,monocyte
TCGACGCTTTGACG-1,"CD4-positive, alpha-beta T cell","CD4-positive, alpha-beta thymocyte",regulatory T cell,"CD4-positive, alpha-beta T cell",innate lymphoid cell,innate lymphoid cell,"CD4-positive, alpha-beta T cell",2,"CD4-positive, alpha-beta T cell",2,T cell
TCGAGAACGACAGG-1,"CD4-positive, alpha-beta T cell","CD4-positive, alpha-beta T cell",myeloid dendritic cell,"CD4-positive, alpha-beta T cell",innate lymphoid cell,myeloid dendritic cell,"CD4-positive, alpha-beta T cell",3,"CD4-positive, alpha-beta T cell",3,lymphocyte
TCGAGAACGTTAGC-1,regulatory T cell,regulatory T cell,stromal cell,regulatory T cell,regulatory T cell,"CD4-positive, alpha-beta T cell",regulatory T cell,4,regulatory T cell,4,regulatory T cell
TCGAGCCTATCAGC-1,B cell,B cell,B cell,B cell,B cell,B cell,B cell,6,B cell,6,B cell
TCGAGCCTGCGAGA-1,"CD8-positive, alpha-beta T cell","CD8-positive, alpha-beta T cell","CD8-positive, alpha-beta thymocyte","CD8-positive, alpha-beta T cell","CD8-positive, alpha-beta T cell","CD8-positive, alpha-beta T cell","CD8-positive, alpha-beta T cell",5,"CD8-positive, alpha-beta T cell",5,"CD8-positive, alpha-beta T cell"
TCGAGCCTTGTGAC-1,"CD4-positive, alpha-beta T cell","CD4-positive, alpha-beta T cell",basophil,"CD8-positive, alpha-beta T cell","naive thymus-derived CD4-positive, alpha-beta T cell",innate lymphoid cell,"CD4-positive, alpha-beta T cell",3,"CD4-positive, alpha-beta T cell",2,mature alpha-beta T cell
TCGATACTATTCCT-1,"CD4-positive, alpha-beta T cell","CD8-positive, alpha-beta T cell",innate lymphoid cell,"CD4-positive, alpha-beta T cell",innate lymphoid cell,innate lymphoid cell,innate lymphoid cell,3,innate lymphoid cell,3,lymphocyte
TCGATACTTGCACA-1,"CD4-positive, alpha-beta T cell","CD4-positive, alpha-beta T cell","CD8-positive, alpha-beta thymocyte",T cell,innate lymphoid cell,innate lymphoid cell,"CD4-positive, alpha-beta T cell",2,"CD4-positive, alpha-beta T cell",2,T cell
TCGATTTGATGCCA-1,classical monocyte,monocyte,myeloid dendritic cell,myeloid dendritic cell,myeloid dendritic cell,myeloid dendritic cell,myeloid dendritic cell,4,myeloid dendritic cell,4,conventional dendritic cell
TCGATTTGCACTCC-1,"CD4-positive, alpha-beta T cell","CD4-positive, alpha-beta thymocyte","CD4-positive, alpha-beta T cell","CD4-positive, alpha-beta T cell","naive thymus-derived CD4-positive, alpha-beta T cell","CD4-positive, alpha-beta T cell","CD4-positive, alpha-beta T cell",5,"CD4-positive, alpha-beta T cell",4,"CD4-positive, alpha-beta T cell"
TCGATTTGCAGCTA-1,natural killer cell,natural killer cell,natural killer cell,natural killer cell,natural killer cell,natural killer cell,natural killer cell,6,natural killer cell,6,natural killer cell
TCGATTTGCCTACC-1,macrophage,monocyte,erythrocyte,monocyte,myeloid dendritic cell,classical monocyte,monocyte,2,monocyte,2,myeloid leukocyte
TCGATTTGTCGTGA-1,B cell,B cell,B cell,B cell,B cell,B cell,B cell,6,B cell,6,B cell
TCGCAGCTAGATCC-1,"CD8-positive, alpha-beta T cell","CD8-positive, alpha-beta T cell","CD8-positive, alpha-beta T cell","CD8-positive, alpha-beta T cell","CD8-positive, alpha-beta T cell","CD8-positive, alpha-beta T cell","CD8-positive, alpha-beta T cell",6,"CD8-positive, alpha-beta T cell",6,"CD8-positive, alpha-beta T cell"
TCGCCATGAGACTC-1,"CD4-positive, alpha-beta T cell","CD4-positive, alpha-beta T cell","CD4-positive, alpha-beta T cell","CD4-positive, alpha-beta T cell","naive thymus-derived CD4-positive, alpha-beta T cell","CD4-positive, alpha-beta T cell","CD4-positive, alpha-beta T cell",6,"CD4-positive, alpha-beta T cell",5,"CD4-positive, alpha-beta T cell"
TCGCCATGTGGTCA-1,B cell,B cell,B cell,B cell,B cell,B cell,B cell,6,B cell,6,B cell
TCGGACCTAACAGA-1,"CD4-positive, alpha-beta T cell","CD4-positive, alpha-beta T cell","naive thymus-derived CD4-positive, alpha-beta T cell",innate lymphoid cell,"naive thymus-derived CD4-positive, alpha-beta T cell","naive thymus-derived CD4-positive, alpha-beta T cell","CD4-positive, alpha-beta T cell",3,"naive thymus-derived CD4-positive, alpha-beta T cell",3,"CD4-positive, alpha-beta T cell"
TCGGACCTATAAGG-1,B cell,B cell,B cell,B cell,B cell,B cell,B cell,6,B cell,6,B cell
TCGGACCTGTACAC-1,"CD4-positive, alpha-beta T cell","naive thymus-derived CD4-positive, alpha-beta T cell","CD4-positive, alpha-beta thymocyte","naive thymus-derived CD4-positive, alpha-beta T cell","naive thymus-derived CD4-positive, alpha-beta T cell","CD4-positive, alpha-beta thymocyte","naive thymus-derived CD4-positive, alpha-beta T cell",3,"naive thymus-derived CD4-positive, alpha-beta T cell",3,"CD4-positive, alpha-beta T cell"
TCGGTAGAGTAGGG-1,"CD4-positive, alpha-beta T cell","naive thymus-derived CD4-positive, alpha-beta T cell",hematopoietic stem cell,innate lymphoid cell,"naive thymus-derived CD4-positive, alpha-beta T cell","CD4-positive, alpha-beta T cell","CD4-positive, alpha-beta T cell",3,"CD4-positive, alpha-beta T cell",2,"CD4-positive, alpha-beta T cell"
TCGGTAGATCCCAC-1,B cell,B cell,B cell,B cell,B cell,B cell,B cell,6,B cell,6,B cell
TCGTAGGATCGACA-1,"CD4-positive, alpha-beta T cell","naive thymus-derived CD4-positive, alpha-beta T cell","CD8-positive, alpha-beta thymocyte",T cell,"naive thymus-derived CD4-positive, alpha-beta T cell","naive thymus-derived CD4-positive, alpha-beta T cell","naive thymus-derived CD4-positive, alpha-beta T cell",3,"naive thymus-derived CD4-positive, alpha-beta T cell",3,"CD4-positive, alpha-beta T cell"
TCGTTATGGACAAA-1,"CD4-positive, alpha-beta T cell","CD4-positive, alpha-beta T cell","CD8-positive, alpha-beta thymocyte","CD4-positive, alpha-beta T cell","CD4-positive, alpha-beta T cell","CD4-positive, alpha-beta T cell","CD4-positive, alpha-beta T cell",5,"CD4-positive, alpha-beta T cell",5,"CD4-positive, alpha-beta T cell"
TCTAACACCAGTTG-1,natural killer cell,"CD8-positive, alpha-beta T cell",natural killer cell,natural killer cell,myeloid dendritic cell,myeloid dendritic cell,natural killer cell,3,natural killer cell,3,lymphocyte
TCTAACACGAGCAG-1,monocyte,myeloid dendritic cell,non-classical monocyte,myeloid dendritic cell,myeloid dendritic cell,myeloid dendritic cell,myeloid dendritic cell,4,myeloid dendritic cell,4,conventional dendritic cell
TCTAACTGAACCAC-1,"CD4-positive, alpha-beta T cell","CD4-positive, alpha-beta T cell",T cell,"CD4-positive, alpha-beta T cell","CD4-positive, alpha-beta T cell","CD4-positive, alpha-beta T cell","CD4-positive, alpha-beta T cell",5,"CD4-positive, alpha-beta T cell",5,"CD4-positive, alpha-beta T cell"
TCTAAGCTAATGCC-1,"CD4-positive, alpha-beta T cell","CD4-positive, alpha-beta thymocyte",plasma cell,"CD4-positive, alpha-beta T cell","naive thymus-derived CD4-positive, alpha-beta T cell","CD8-positive, alpha-beta T cell","CD4-positive, alpha-beta T cell",3,"CD4-positive, alpha-beta T cell",2,mature alpha-beta T cell
TCTAAGCTTAGTCG-1,"CD8-positive, alpha-beta T cell","CD8-positive, alpha-beta T cell","CD8-positive, alpha-beta thymocyte",natural killer cell,natural killer cell,"CD8-positive, alpha-beta thymocyte","CD8-positive, alpha-beta T cell",2,"CD8-positive, alpha-beta T cell",2,alpha-beta T cell
TCTAAGCTTCTAGG-1,macrophage,non-classical monocyte,non-classical monocyte,non-classical monocyte,non-classical monocyte,non-classical monocyte,non-classical monocyte,5,non-classical monocyte,5,non-classical monocyte
TCTAAGCTTGTTCT-1,monocyte,monocyte,classical monocyte,myeloid dendritic cell,classical monocyte,classical monocyte,classical monocyte,3,classical monocyte,3,monocyte
TCTAAGCTTTCGCC-1,B cell,B cell,B cell,B cell,B cell,B cell,B cell,6,B cell,6,B cell
TCTACAACGACTAC-1,monocyte,monocyte,classical monocyte,monocyte,classical monocyte,classical monocyte,monocyte,4,classical monocyte,3,monocyte
TCTAGACTTAGAAG-1,monocyte,classical monocyte,erythrocyte,monocyte,monocyte,monocyte,monocyte,4,monocyte,4,monocyte
TCTAGTTGCACCAA-1,macrophage,myeloid dendritic cell,myeloid cell,myeloid dendritic cell,non-classical monocyte,monocyte,myeloid dendritic cell,2,myeloid dendritic cell,2,myeloid leukocyte
TCTATGTGAAGAGT-1,classical monocyte,myeloid dendritic cell,monocyte,monocyte,monocyte,monocyte,monocyte,4,monocyte,4,monocyte
TCTATGTGAGTCTG-1,"CD8-positive, alpha-beta T cell","CD8-positive, alpha-beta T cell","naive thymus-derived CD4-positive, alpha-beta T cell","CD8-positive, alpha-beta T cell","CD8-positive, alpha-beta T cell","CD8-positive, alpha-beta T cell","CD8-positive, alpha-beta T cell",5,"CD8-positive, alpha-beta T cell",5,"CD8-positive, alpha-beta T cell"
TCTCAAACCTAAGC-1,B cell,B cell,B cell,innate lymphoid cell,B cell,B cell,B cell,5,B cell,5,B cell
TCTCTAGAATTTCC-1,"CD4-positive, alpha-beta T cell","CD4-positive, alpha-beta T cell","CD8-positive, alpha-beta T cell","CD8-positive, alpha-beta T cell","CD8-positive, alpha-beta T cell","CD8-positive, alpha-beta T cell","CD8-positive, alpha-beta T cell",4,"CD8-positive, alpha-beta T cell",4,"CD8-positive, alpha-beta T cell"
TCTGATACACGTGT-1,"CD4-positive, alpha-beta T cell","CD4-positive, alpha-beta T cell",non-classical monocyte,"CD4-positive, alpha-beta thymocyte","naive thymus-derived CD4-positive, alpha-beta T cell","CD4-positive, alpha-beta thymocyte","CD4-positive, alpha-beta T cell",3,"CD4-positive, alpha-beta T cell",2,alpha-beta T cell
TCTGATACTCGCCT-1,"CD4-positive, alpha-beta T cell","naive thymus-derived CD4-positive, alpha-beta T cell",innate lymphoid cell,innate lymphoid cell,innate lymphoid cell,innate lymphoid cell,innate lymphoid cell,4,innate lymphoid cell,4,innate lymphoid cell
TCTTACGAACCTGA-1,classical monocyte,monocyte,monocyte,myeloid dendritic cell,monocyte,monocyte,monocyte,4,monocyte,4,monocyte
TCTTCAGAGCTACA-1,monocyte,myeloid dendritic cell,basophil,myeloid dendritic cell,myeloid dendritic cell,monocyte,myeloid dendritic cell,3,myeloid dendritic cell,3,myeloid leukocyte
TCTTGATGCGGAGA-1,"CD8-positive, alpha-beta T cell","CD8-positive, alpha-beta T cell","CD8-positive, alpha-beta T cell","CD8-positive, alpha-beta T cell","CD8-positive, alpha-beta T cell","CD8-positive, alpha-beta T cell","CD8-positive, alpha-beta T cell",6,"CD8-positive, alpha-beta T cell",6,"CD8-positive, alpha-beta T cell"
TGAAATTGGTGAGG-1,classical monocyte,monocyte,monocyte,classical monocyte,monocyte,classical monocyte,classical monocyte,3,classical monocyte,3,monocyte
TGAACCGAAAACGA-1,"CD4-positive, alpha-beta T cell","CD4-positive, alpha-beta T cell",innate lymphoid cell,"CD4-positive, alpha-beta T cell","CD4-positive, alpha-beta T cell",innate lymphoid cell,"CD4-positive, alpha-beta T cell",4,"CD4-positive, alpha-beta T cell",4,"CD4-positive, alpha-beta T cell"
TGAACCGACTACTT-1,macrophage,non-classical monocyte,non-classical monocyte,non-classical monocyte,non-classical monocyte,non-classical monocyte,non-classical monocyte,5,non-classical monocyte,5,non-classical monocyte
TGAACCGATTCGGA-1,macrophage,non-classical monocyte,non-classical monocyte,non-classical monocyte,non-classical monocyte,non-classical monocyte,non-classical monocyte,5,non-classical monocyte,5,non-classical monocyte
TGAAGCACTCACGA-1,"CD8-positive, alpha-beta T cell","CD8-positive, alpha-beta T cell","CD8-positive, alpha-beta T cell","CD8-positive, alpha-beta T cell",innate lymphoid cell,"CD8-positive, alpha-beta T cell","CD8-positive, alpha-beta T cell",5,"CD8-positive, alpha-beta T cell",5,"CD8-positive, alpha-beta T cell"
TGAAGCTGAACGAA-1,"CD4-positive, alpha-beta T cell","CD4-positive, alpha-beta T cell",innate lymphoid cell,mature NK T cell,innate lymphoid cell,innate lymphoid cell,innate lymphoid cell,3,innate lymphoid cell,3,lymphocyte
TGAAGCTGCATGGT-1,B cell,B cell,myeloid dendritic cell,myeloid dendritic cell,B cell,myeloid dendritic cell,B cell,3,B cell,3,mononuclear cell
TGAAGCTGCGTAAC-1,"naive thymus-derived CD4-positive, alpha-beta T cell","CD4-positive, alpha-beta T cell",innate lymphoid cell,"CD4-positive, alpha-beta T cell",innate lymphoid cell,"naive thymus-derived CD4-positive, alpha-beta T cell","naive thymus-derived CD4-positive, alpha-beta T cell",2,"CD4-positive, alpha-beta T cell",2,"CD4-positive, alpha-beta T cell"
TGAATAACCACTTT-1,"CD4-positive, alpha-beta T cell","CD4-positive, alpha-beta thymocyte","naive thymus-derived CD8-positive, alpha-beta T cell","CD8-positive, alpha-beta T cell","naive thymus-derived CD8-positive, alpha-beta T cell","naive thymus-derived CD8-positive, alpha-beta T cell","naive thymus-derived CD8-positive, alpha-beta T cell",3,"naive thymus-derived CD8-positive, alpha-beta T cell",3,"CD8-positive, alpha-beta T cell"
TGAATAACTCCCAC-1,"CD8-positive, alpha-beta T cell","CD8-positive, alpha-beta T cell","CD8-positive, alpha-beta thymocyte",natural killer cell,"CD8-positive, alpha-beta T cell","CD8-positive, alpha-beta thymocyte","CD8-positive, alpha-beta T cell",3,"CD8-positive, alpha-beta T cell",3,alpha-beta T cell
TGACACGACCTTAT-1,B cell,B cell,B cell,B cell,B cell,B cell,B cell,6,B cell,6,B cell
TGACCAGACAACCA-1,"CD4-positive, alpha-beta T cell","CD4-positive, alpha-beta T cell","CD4-positive, alpha-beta T cell","naive thymus-derived CD4-positive, alpha-beta T cell","naive thymus-derived CD4-positive, alpha-beta T cell","naive thymus-derived CD4-positive, alpha-beta T cell","CD4-positive, alpha-beta T cell",4,"CD4-positive, alpha-beta T cell",3,"CD4-positive, alpha-beta T cell"
TGACCAGAGGATTC-1,"CD4-positive, alpha-beta T cell","naive thymus-derived CD4-positive, alpha-beta T cell","CD8-positive, alpha-beta thymocyte","CD8-positive, alpha-beta T cell","CD8-positive, alpha-beta thymocyte","CD8-positive, alpha-beta T cell","CD8-positive, alpha-beta thymocyte",2,"CD8-positive, alpha-beta T cell",2,mature alpha-beta T cell
TGACCGCTAAAAGC-1,"CD4-positive, alpha-beta T cell","CD4-positive, alpha-beta T cell","CD4-positive, alpha-beta T cell","CD4-positive, alpha-beta T cell","naive thymus-derived CD4-positive, alpha-beta T cell","CD4-positive, alpha-beta T cell","CD4-positive, alpha-beta T cell",6,"CD4-positive, alpha-beta T cell",5,"CD4-positive, alpha-beta T cell"
TGACCGCTCTGCAA-1,"CD4-positive, alpha-beta T cell","CD4-positive, alpha-beta thymocyte","CD4-positive, alpha-beta T cell","CD4-positive, alpha-beta T cell","CD4-positive, alpha-beta T cell","CD4-positive, alpha-beta T cell","CD4-positive, alpha-beta T cell",5,"CD4-positive, alpha-beta T cell",5,"CD4-positive, alpha-beta T cell"
TGACGATGCAAAGA-1,monocyte,myeloid dendritic cell,myeloid dendritic cell,B cell,myeloid dendritic cell,myeloid dendritic cell,myeloid dendritic cell,4,myeloid dendritic cell,4,conventional dendritic cell
TGACGCCTGTACCA-1,"CD4-positive, alpha-beta T cell","CD4-positive, alpha-beta T cell",regulatory T cell,regulatory T cell,myeloid dendritic cell,regulatory T cell,regulatory T cell,3,regulatory T cell,3,mature T cell
TGACGCCTTTACTC-1,"CD4-positive, alpha-beta T cell","CD4-positive, alpha-beta T cell",innate lymphoid cell,"CD8-positive, alpha-beta T cell",innate lymphoid cell,innate lymphoid cell,innate lymphoid cell,3,innate lymphoid cell,3,lymphocyte
TGACTGGAAGAGAT-1,monocyte,monocyte,monocyte,monocyte,monocyte,monocyte,monocyte,6,monocyte,6,monocyte
TGACTGGACCGTAA-1,"CD4-positive, alpha-beta T cell","CD4-positive, alpha-beta T cell",serous cell of epithelium of trachea,"naive thymus-derived CD8-positive, alpha-beta T cell",innate lymphoid cell,innate lymphoid cell,"CD4-positive, alpha-beta T cell",2,"CD4-positive, alpha-beta T cell",2,lymphocyte
TGACTGGACGCAAT-1,"CD4-positive, alpha-beta T cell",regulatory T cell,"CD8-positive, alpha-beta thymocyte","CD4-positive, alpha-beta T cell",innate lymphoid cell,innate lymphoid cell,"CD4-positive, alpha-beta T cell",2,"CD4-positive, alpha-beta T cell",2,T cell
TGACTGGAGGACAG-1,B cell,B cell,B cell,B cell,B cell,B cell,B cell,6,B cell,6,B cell
TGACTGGATTCTCA-1,"CD4-positive, alpha-beta T cell","CD4-positive, alpha-beta T cell","activated CD4-positive, alpha-beta T cell","CD4-positive, alpha-beta T cell","naive thymus-derived CD4-positive, alpha-beta T cell","CD8-positive, alpha-beta T cell","CD4-positive, alpha-beta T cell",4,"CD4-positive, alpha-beta T cell",3,"CD4-positive, alpha-beta T cell"
TGACTTACACACCA-1,"CD4-positive, alpha-beta T cell","CD4-positive, alpha-beta T cell","naive thymus-derived CD4-positive, alpha-beta T cell","naive thymus-derived CD4-positive, alpha-beta T cell","naive thymus-derived CD4-positive, alpha-beta T cell","naive thymus-derived CD4-positive, alpha-beta T cell","naive thymus-derived CD4-positive, alpha-beta T cell",4,"naive thymus-derived CD4-positive, alpha-beta T cell",4,"naive thymus-derived CD4-positive, alpha-beta T cell"
TGACTTACAGTCTG-1,classical monocyte,monocyte,classical monocyte,myeloid dendritic cell,myeloid dendritic cell,classical monocyte,classical monocyte,3,classical monocyte,3,monocyte
TGACTTTGCGCATA-1,"CD4-positive, alpha-beta T cell","CD4-positive, alpha-beta T cell","naive thymus-derived CD8-positive, alpha-beta T cell","naive thymus-derived CD8-positive, alpha-beta T cell","naive thymus-derived CD8-positive, alpha-beta T cell","naive thymus-derived CD8-positive, alpha-beta T cell","naive thymus-derived CD8-positive, alpha-beta T cell",4,"naive thymus-derived CD8-positive, alpha-beta T cell",4,"naive thymus-derived CD8-positive, alpha-beta T cell"
TGACTTTGTTTGTC-1,"CD4-positive, alpha-beta T cell","CD4-positive, alpha-beta T cell",monocyte,"naive thymus-derived CD4-positive, alpha-beta T cell","naive thymus-derived CD4-positive, alpha-beta T cell","CD4-positive, alpha-beta thymocyte","CD4-positive, alpha-beta T cell",3,"CD4-positive, alpha-beta T cell",2,"CD4-positive, alpha-beta T cell"
TGAGACACAAGGTA-1,"CD8-positive, alpha-beta T cell","CD4-positive, alpha-beta T cell","CD8-positive, alpha-beta thymocyte","CD4-positive, alpha-beta T cell","CD8-positive, alpha-beta T cell","CD8-positive, alpha-beta T cell","CD8-positive, alpha-beta T cell",3,"CD8-positive, alpha-beta T cell",3,mature alpha-beta T cell
TGAGACACTCAAGC-1,"CD8-positive, alpha-beta T cell","CD8-positive, alpha-beta T cell",intestinal crypt stem cell of small intestine,"CD8-positive, alpha-beta T cell","CD8-positive, alpha-beta T cell","CD4-positive, alpha-beta T cell","CD8-positive, alpha-beta T cell",4,"CD8-positive, alpha-beta T cell",4,"CD8-positive, alpha-beta T cell"
TGAGCTGAATGCTG-1,intermediate monocyte,non-classical monocyte,non-classical monocyte,non-classical monocyte,non-classical monocyte,non-classical monocyte,non-classical monocyte,5,non-classical monocyte,5,non-classical monocyte
TGAGCTGACTGGAT-1,classical monocyte,monocyte,erythrocyte,myeloid dendritic cell,monocyte,monocyte,monocyte,3,monocyte,3,monocyte
TGAGCTGATGCTAG-1,macrophage,macrophage,erythrocyte,non-classical monocyte,monocyte,monocyte,macrophage,2,macrophage,2,myeloid leukocyte
TGAGGACTCTCATT-1,monocyte,monocyte,monocyte,myeloid dendritic cell,monocyte,monocyte,monocyte,5,monocyte,5,monocyte
TGAGGACTTCATTC-1,"naive thymus-derived CD4-positive, alpha-beta T cell","CD4-positive, alpha-beta T cell","CD4-positive, alpha-beta T cell","CD4-positive, alpha-beta T cell","CD4-positive, alpha-beta T cell","CD4-positive, alpha-beta T cell","CD4-positive, alpha-beta T cell",5,"CD4-positive, alpha-beta T cell",5,"CD4-positive, alpha-beta T cell"
TGAGGTACGAACCT-1,intermediate monocyte,non-classical monocyte,non-classical monocyte,non-classical monocyte,non-classical monocyte,non-classical monocyte,non-classical monocyte,5,non-classical monocyte,5,non-classical monocyte
TGAGTCGAGTTACG-1,B cell,B cell,B cell,myeloid dendritic cell,B cell,B cell,B cell,5,B cell,5,B cell
TGAGTGACTGAGCT-1,"naive thymus-derived CD4-positive, alpha-beta T cell","naive thymus-derived CD4-positive, alpha-beta T cell",ionocyte,"CD4-positive, alpha-beta T cell",innate lymphoid cell,"CD4-positive, alpha-beta T cell","naive thymus-derived CD4-positive, alpha-beta T cell",2,"CD4-positive, alpha-beta T cell",2,"CD4-positive, alpha-beta T cell"
TGATAAACGAATCC-1,"CD4-positive, alpha-beta T cell","CD4-positive, alpha-beta T cell",innate lymphoid cell,"naive thymus-derived CD4-positive, alpha-beta T cell","naive thymus-derived CD4-positive, alpha-beta T cell",innate lymphoid cell,"CD4-positive, alpha-beta T cell",3,"CD4-positive, alpha-beta T cell",2,"CD4-positive, alpha-beta T cell"
TGATAAACTCCGTC-1,natural killer cell,natural killer cell,"CD8-positive, alpha-beta T cell","CD8-positive, alpha-beta T cell",myeloid dendritic cell,"CD8-positive, alpha-beta T cell","CD8-positive, alpha-beta T cell",3,"CD8-positive, alpha-beta T cell",3,lymphocyte
TGATAAACTTTCAC-1,"CD4-positive, alpha-beta T cell","CD4-positive, alpha-beta thymocyte",stromal cell,"CD4-positive, alpha-beta T cell","naive thymus-derived CD4-positive, alpha-beta T cell","CD4-positive, alpha-beta thymocyte","CD4-positive, alpha-beta T cell",3,"CD4-positive, alpha-beta T cell",2,alpha-beta T cell
TGATACCTCACTAG-1,classical monocyte,myeloid dendritic cell,mature NK T cell,myeloid dendritic cell,myeloid dendritic cell,classical monocyte,myeloid dendritic cell,3,myeloid dendritic cell,3,myeloid leukocyte
TGATACCTGTTGGT-1,"CD4-positive, alpha-beta T cell","CD4-positive, alpha-beta T cell","CD4-positive, alpha-beta T cell",T cell,innate lymphoid cell,"CD4-positive, alpha-beta T cell","CD4-positive, alpha-beta T cell",4,"CD4-positive, alpha-beta T cell",4,"CD4-positive, alpha-beta T cell"
TGATACCTTATGCG-1,"CD4-positive, alpha-beta T cell","CD4-positive, alpha-beta T cell",erythrocyte,"CD8-positive, alpha-beta T cell","naive thymus-derived CD4-positive, alpha-beta T cell","CD4-positive, alpha-beta T cell","CD4-positive, alpha-beta T cell",4,"CD4-positive, alpha-beta T cell",3,"CD4-positive, alpha-beta T cell"
TGATACCTTGAAGA-1,"CD4-positive, alpha-beta T cell","CD4-positive, alpha-beta T cell","CD4-positive, alpha-beta thymocyte","CD4-positive, alpha-beta thymocyte","naive thymus-derived CD4-positive, alpha-beta T cell","naive thymus-derived CD4-positive, alpha-beta T cell","CD4-positive, alpha-beta T cell",3,"CD4-positive, alpha-beta T cell",2,"CD4-positive, alpha-beta T cell"
TGATATGAACCTTT-1,"CD4-positive, alpha-beta T cell","naive thymus-derived CD4-positive, alpha-beta T cell","CD8-positive, alpha-beta T cell","CD4-positive, alpha-beta T cell",innate lymphoid cell,"CD8-positive, alpha-beta T cell","CD4-positive, alpha-beta T cell",2,"CD4-positive, alpha-beta T cell",2,mature alpha-beta T cell
TGATCACTAGCATC-1,"CD4-positive, alpha-beta T cell",natural killer cell,"naive thymus-derived CD8-positive, alpha-beta T cell","CD8-positive, alpha-beta T cell",natural killer cell,"CD8-positive, alpha-beta T cell","CD8-positive, alpha-beta T cell",2,"CD8-positive, alpha-beta T cell",2,mature alpha-beta T cell
TGATCACTCTCGCT-1,"CD4-positive, alpha-beta T cell","CD4-positive, alpha-beta T cell",innate lymphoid cell,innate lymphoid cell,innate lymphoid cell,innate lymphoid cell,innate lymphoid cell,4,innate lymphoid cell,4,innate lymphoid cell
TGATCACTTCTACT-1,B cell,B cell,B cell,B cell,B cell,B cell,B cell,6,B cell,6,B cell
TGATCGGACTGACA-1,macrophage,myeloid dendritic cell,non-classical monocyte,non-classical monocyte,non-classical monocyte,non-classical monocyte,non-classical monocyte,4,non-classical monocyte,4,non-classical monocyte
TGATCGGAGGAGCA-1,B cell,B cell,B cell,B cell,B cell,B cell,B cell,6,B cell,6,B cell
TGATCGGATATGCG-1,B cell,non-classical monocyte,non-classical monocyte,non-classical monocyte,non-classical monocyte,non-classical monocyte,non-classical monocyte,5,non-classical monocyte,5,non-classical monocyte
TGATTAGACATTGG-1,"CD4-positive, alpha-beta T cell",regulatory T cell,myeloid dendritic cell,"CD8-positive, alpha-beta T cell",myeloid dendritic cell,"CD8-positive, alpha-beta T cell","CD8-positive, alpha-beta T cell",2,"CD8-positive, alpha-beta T cell",2,mature T cell
TGATTAGATGACTG-1,B cell,B cell,B cell,B cell,B cell,B cell,B cell,6,B cell,6,B cell
TGATTAGATGCTAG-1,"CD4-positive, alpha-beta T cell","naive thymus-derived CD4-positive, alpha-beta T cell","CD8-positive, alpha-beta thymocyte","naive thymus-derived CD8-positive, alpha-beta T cell","CD8-positive, alpha-beta thymocyte","CD8-positive, alpha-beta thymocyte","CD8-positive, alpha-beta thymocyte",3,"CD8-positive, alpha-beta thymocyte",3,alpha-beta T cell
TGATTCACTATGCG-1,"CD4-positive, alpha-beta T cell","CD4-positive, alpha-beta thymocyte",innate lymphoid cell,"CD4-positive, alpha-beta T cell","CD4-positive, alpha-beta T cell",innate lymphoid cell,"CD4-positive, alpha-beta T cell",3,"CD4-positive, alpha-beta T cell",3,alpha-beta T cell
TGATTCACTGTCAG-1,B cell,B cell,B cell,B cell,B cell,B cell,B cell,6,B cell,6,B cell
TGATTCTGCCGAAT-1,"CD4-positive, alpha-beta T cell","CD4-positive, alpha-beta thymocyte","CD4-positive, alpha-beta T cell","CD4-positive, alpha-beta T cell",innate lymphoid cell,"CD4-positive, alpha-beta T cell","CD4-positive, alpha-beta T cell",4,"CD4-positive, alpha-beta T cell",4,"CD4-positive, alpha-beta T cell"
TGATTCTGCTCTTA-1,"CD4-positive, alpha-beta T cell","CD4-positive, alpha-beta T cell","naive thymus-derived CD4-positive, alpha-beta T cell","naive thymus-derived CD4-positive, alpha-beta T cell","naive thymus-derived CD4-positive, alpha-beta T cell","naive thymus-derived CD4-positive, alpha-beta T cell","naive thymus-derived CD4-positive, alpha-beta T cell",4,"naive thymus-derived CD4-positive, alpha-beta T cell",4,"naive thymus-derived CD4-positive, alpha-beta T cell"
TGCAAGTGAGAACA-1,"CD4-positive, alpha-beta T cell","CD4-positive, alpha-beta T cell",stromal cell,"CD4-positive, alpha-beta T cell",innate lymphoid cell,innate lymphoid cell,"CD4-positive, alpha-beta T cell",3,"CD4-positive, alpha-beta T cell",3,lymphocyte
TGCAAGTGGGTAGG-1,monocyte,monocyte,non-classical monocyte,myeloid dendritic cell,myeloid dendritic cell,non-classical monocyte,non-classical monocyte,2,monocyte,2,monocyte
TGCAATCTTCAGGT-1,monocyte,myeloid dendritic cell,non-classical monocyte,myeloid dendritic cell,myeloid dendritic cell,myeloid dendritic cell,myeloid dendritic cell,4,myeloid dendritic cell,4,conventional dendritic cell
TGCACAGACGACAT-1,natural killer cell,natural killer cell,natural killer cell,natural killer cell,natural killer cell,"CD8-positive, alpha-beta T cell",natural killer cell,5,natural killer cell,5,natural killer cell
TGCCAAGAGCAGTT-1,B cell,myeloid dendritic cell,non-classical monocyte,"CD4-positive, alpha-beta T cell",non-classical monocyte,non-classical monocyte,non-classical monocyte,3,non-classical monocyte,3,mononuclear cell
TGCCAAGATCTCTA-1,"CD4-positive, alpha-beta T cell","CD4-positive, alpha-beta thymocyte","CD4-positive, alpha-beta T cell","CD4-positive, alpha-beta T cell","CD4-positive, alpha-beta T cell","CD4-positive, alpha-beta T cell","CD4-positive, alpha-beta T cell",5,"CD4-positive, alpha-beta T cell",5,"CD4-positive, alpha-beta T cell"
TGCCACTGAACGTC-1,"CD4-positive, alpha-beta T cell","naive thymus-derived CD4-positive, alpha-beta T cell","CD4-positive, alpha-beta thymocyte","CD4-positive, alpha-beta T cell","naive thymus-derived CD4-positive, alpha-beta T cell","CD4-positive, alpha-beta thymocyte","CD4-positive, alpha-beta T cell",3,"CD4-positive, alpha-beta T cell",2,"CD4-positive, alpha-beta T cell"
TGCCACTGCGATAC-1,natural killer cell,natural killer cell,natural killer cell,natural killer cell,natural killer cell,natural killer cell,natural killer cell,6,natural killer cell,6,natural killer cell
TGCCAGCTTGGCAT-1,"CD4-positive, alpha-beta T cell","naive thymus-derived CD4-positive, alpha-beta T cell",regulatory T cell,"CD4-positive, alpha-beta T cell","naive thymus-derived CD4-positive, alpha-beta T cell",regulatory T cell,"CD4-positive, alpha-beta T cell",3,"CD4-positive, alpha-beta T cell",2,"CD4-positive, alpha-beta T cell"
TGCCCAACAGCAAA-1,"CD4-positive, alpha-beta T cell","CD4-positive, alpha-beta T cell","CD4-positive, alpha-beta thymocyte","naive thymus-derived CD4-positive, alpha-beta T cell","naive thymus-derived CD4-positive, alpha-beta T cell","CD4-positive, alpha-beta T cell","CD4-positive, alpha-beta T cell",4,"CD4-positive, alpha-beta T cell",3,"CD4-positive, alpha-beta T cell"
TGCCCAACCGCATA-1,intermediate monocyte,non-classical monocyte,non-classical monocyte,non-classical monocyte,non-classical monocyte,non-classical monocyte,non-classical monocyte,5,non-classical monocyte,5,non-classical monocyte
TGCCGACTCTCCCA-1,B cell,B cell,B cell,B cell,B cell,B cell,B cell,6,B cell,6,B cell
TGCGAAACAGTCAC-1,B cell,B cell,B cell,B cell,myeloid dendritic cell,B cell,B cell,5,B cell,5,B cell
TGCGAAACGTTGCA-1,B cell,B cell,B cell,B cell,B cell,B cell,B cell,6,B cell,6,B cell
TGCGATGAACGGTT-1,"CD4-positive, alpha-beta T cell","CD4-positive, alpha-beta T cell",hematopoietic stem cell,"CD8-positive, alpha-beta T cell","CD8-positive, alpha-beta T cell","CD8-positive, alpha-beta T cell","CD8-positive, alpha-beta T cell",3,"CD8-positive, alpha-beta T cell",3,mature alpha-beta T cell
TGCGATGACCTCGT-1,"CD4-positive, alpha-beta T cell","naive thymus-derived CD4-positive, alpha-beta T cell","naive thymus-derived CD4-positive, alpha-beta T cell","CD4-positive, alpha-beta T cell","naive thymus-derived CD4-positive, alpha-beta T cell","CD4-positive, alpha-beta T cell","CD4-positive, alpha-beta T cell",4,"CD4-positive, alpha-beta T cell",3,"CD4-positive, alpha-beta T cell"
TGCGATGACTAGTG-1,B cell,B cell,B cell,B cell,B cell,B cell,B cell,6,B cell,6,B cell
TGCGATGACTGCTC-1,B cell,B cell,B cell,B cell,B cell,B cell,B cell,6,B cell,6,B cell
TGCGATGACTTGCC-1,B cell,B cell,B cell,B cell,B cell,B cell,B cell,6,B cell,6,B cell
TGCGATGAGTGCTA-1,classical monocyte,monocyte,monocyte,mononuclear phagocyte,myeloid dendritic cell,monocyte,monocyte,3,monocyte,3,monocyte
TGCGCACTCTTGAG-1,classical monocyte,monocyte,monocyte,monocyte,monocyte,monocyte,monocyte,5,monocyte,5,monocyte
TGCGTAGAATAAGG-1,monocyte,monocyte,erythrocyte,myeloid dendritic cell,myeloid dendritic cell,classical monocyte,myeloid dendritic cell,2,monocyte,2,myeloid leukocyte
TGCGTAGACGGGAA-1,B cell,B cell,B cell,B cell,B cell,B cell,B cell,6,B cell,6,B cell
TGCGTAGATGGTCA-1,macrophage,non-classical monocyte,non-classical monocyte,non-classical monocyte,non-classical monocyte,non-classical monocyte,non-classical monocyte,5,non-classical monocyte,5,non-classical monocyte
TGCTAGGAAACCGT-1,"CD4-positive, alpha-beta T cell","CD8-positive, alpha-beta T cell","CD8-positive, alpha-beta T cell","CD8-positive, alpha-beta T cell","CD8-positive, alpha-beta T cell","CD8-positive, alpha-beta T cell","CD8-positive, alpha-beta T cell",5,"CD8-positive, alpha-beta T cell",5,"CD8-positive, alpha-beta T cell"
TGCTAGGATAGTCG-1,"CD4-positive, alpha-beta T cell","CD4-positive, alpha-beta T cell","naive thymus-derived CD4-positive, alpha-beta T cell","CD4-positive, alpha-beta T cell","CD4-positive, alpha-beta T cell","CD4-positive, alpha-beta T cell","CD4-positive, alpha-beta T cell",5,"CD4-positive, alpha-beta T cell",5,"CD4-positive, alpha-beta T cell"
TGCTATACTGCTGA-1,"CD8-positive, alpha-beta T cell","CD8-positive, alpha-beta T cell","CD8-positive, alpha-beta T cell","CD8-positive, alpha-beta T cell","CD8-positive, alpha-beta T cell","CD8-positive, alpha-beta T cell","CD8-positive, alpha-beta T cell",6,"CD8-positive, alpha-beta T cell",6,"CD8-positive, alpha-beta T cell"
TGCTGAGAGAGCAG-1,natural killer cell,natural killer cell,natural killer cell,natural killer cell,natural killer cell,natural killer cell,natural killer cell,6,natural killer cell,6,natural killer cell
TGCTGAGATTATCC-1,"CD4-positive, alpha-beta T cell","CD4-positive, alpha-beta T cell","CD4-positive, alpha-beta T cell",innate lymphoid cell,innate lymphoid cell,"CD4-positive, alpha-beta T cell","CD4-positive, alpha-beta T cell",4,"CD4-positive, alpha-beta T cell",4,"CD4-positive, alpha-beta T cell"
TGGAAAGACTCTCG-1,B cell,B cell,B cell,B cell,B cell,B cell,B cell,6,B cell,6,B cell
TGGAAAGAGCGATT-1,"CD4-positive, alpha-beta T cell",regulatory T cell,regulatory T cell,regulatory T cell,regulatory T cell,regulatory T cell,regulatory T cell,5,regulatory T cell,5,regulatory T cell
TGGAAAGAGGTCAT-1,macrophage,non-classical monocyte,non-classical monocyte,non-classical monocyte,non-classical monocyte,non-classical monocyte,non-classical monocyte,5,non-classical monocyte,5,non-classical monocyte
TGGAAAGATATGGC-1,"CD4-positive, alpha-beta T cell","naive thymus-derived CD4-positive, alpha-beta T cell","CD4-positive, alpha-beta T cell","CD4-positive, alpha-beta T cell","CD4-positive, alpha-beta T cell","CD4-positive, alpha-beta T cell","CD4-positive, alpha-beta T cell",5,"CD4-positive, alpha-beta T cell",5,"CD4-positive, alpha-beta T cell"
TGGAACACAAACAG-1,natural killer cell,natural killer cell,natural killer cell,natural killer cell,natural killer cell,natural killer cell,natural killer cell,6,natural killer cell,6,natural killer cell
TGGAACACGCTAAC-1,"CD4-positive, alpha-beta T cell","CD8-positive, alpha-beta T cell","CD8-positive, alpha-beta thymocyte","CD8-positive, alpha-beta thymocyte","CD8-positive, alpha-beta thymocyte","CD8-positive, alpha-beta thymocyte","CD8-positive, alpha-beta thymocyte",4,"CD8-positive, alpha-beta thymocyte",4,"CD8-positive, alpha-beta thymocyte"
TGGAAGCTCAGATC-1,"CD4-positive, alpha-beta T cell","CD4-positive, alpha-beta thymocyte",stromal cell,"CD4-positive, alpha-beta T cell","CD8-positive, alpha-beta T cell",thymocyte,"CD4-positive, alpha-beta T cell",2,"CD4-positive, alpha-beta T cell",2,alpha-beta T cell
TGGACCCTACACTG-1,monocyte,monocyte,erythrocyte,monocyte,monocyte,classical monocyte,monocyte,4,monocyte,4,monocyte
TGGACCCTCATGGT-1,"CD4-positive, alpha-beta T cell","CD8-positive, alpha-beta T cell",stromal cell,"naive thymus-derived CD4-positive, alpha-beta T cell",innate lymphoid cell,leukocyte,leukocyte,2,"CD4-positive, alpha-beta T cell",1,lymphocyte
TGGACCCTGGTACT-1,macrophage,myeloid dendritic cell,non-classical monocyte,non-classical monocyte,non-classical monocyte,non-classical monocyte,non-classical monocyte,4,non-classical monocyte,4,non-classical monocyte
TGGACTGAGTATGC-1,"CD4-positive, alpha-beta T cell","CD4-positive, alpha-beta T cell","CD4-positive, alpha-beta thymocyte","naive thymus-derived CD4-positive, alpha-beta T cell","naive thymus-derived CD4-positive, alpha-beta T cell","CD4-positive, alpha-beta T cell","CD4-positive, alpha-beta T cell",4,"CD4-positive, alpha-beta T cell",3,"CD4-positive, alpha-beta T cell"
TGGAGACTATCAGC-1,classical monocyte,monocyte,classical monocyte,myeloid leukocyte,myeloid dendritic cell,classical monocyte,classical monocyte,3,classical monocyte,3,myeloid leukocyte
TGGAGACTTCAAGC-1,"CD4-positive, alpha-beta T cell","CD4-positive, alpha-beta T cell",innate lymphoid cell,"CD4-positive, alpha-beta T cell",innate lymphoid cell,innate lymphoid cell,"CD4-positive, alpha-beta T cell",3,"CD4-positive, alpha-beta T cell",3,lymphocyte
TGGAGACTTGACCA-1,"CD8-positive, alpha-beta T cell","CD8-positive, alpha-beta T cell","CD8-positive, alpha-beta thymocyte","CD8-positive, alpha-beta T cell","CD8-positive, alpha-beta T cell",non-classical monocyte,"CD8-positive, alpha-beta T cell",4,"CD8-positive, alpha-beta T cell",4,"CD8-positive, alpha-beta T cell"
TGGAGGGACGGAGA-1,monocyte,myeloid dendritic cell,basophil,classical monocyte,myeloid dendritic cell,myeloid dendritic cell,myeloid dendritic cell,3,myeloid dendritic cell,3,myeloid leukocyte
TGGAGGGAGCTATG-1,"CD4-positive, alpha-beta T cell","CD8-positive, alpha-beta thymocyte","CD8-positive, alpha-beta thymocyte","CD8-positive, alpha-beta thymocyte","CD8-positive, alpha-beta thymocyte","CD8-positive, alpha-beta thymocyte","CD8-positive, alpha-beta thymocyte",5,"CD8-positive, alpha-beta thymocyte",5,"CD8-positive, alpha-beta thymocyte"
TGGATCGATAAAGG-1,"CD4-positive, alpha-beta T cell","CD4-positive, alpha-beta T cell","CD8-positive, alpha-beta thymocyte",innate lymphoid cell,innate lymphoid cell,"CD4-positive, alpha-beta T cell","CD4-positive, alpha-beta T cell",3,"CD4-positive, alpha-beta T cell",3,alpha-beta T cell
TGGATGTGACCTAG-1,B cell,B cell,B cell,B cell,B cell,B cell,B cell,6,B cell,6,B cell
TGGATGTGTGAAGA-1,B cell,B cell,B cell,B cell,B cell,B cell,B cell,6,B cell,6,B cell
TGGATTCTCATACG-1,"CD8-positive, alpha-beta T cell","CD8-positive, alpha-beta T cell","CD8-positive, alpha-beta T cell","CD8-positive, alpha-beta T cell","CD8-positive, alpha-beta T cell","CD8-positive, alpha-beta T cell","CD8-positive, alpha-beta T cell",6,"CD8-positive, alpha-beta T cell",6,"CD8-positive, alpha-beta T cell"
TGGCAATGCTTGTT-1,B cell,B cell,B cell,B cell,B cell,B cell,B cell,6,B cell,6,B cell
TGGCACCTTCACGA-1,"CD4-positive, alpha-beta T cell","CD8-positive, alpha-beta T cell","CD8-positive, alpha-beta thymocyte","CD8-positive, alpha-beta thymocyte","CD8-positive, alpha-beta thymocyte","CD8-positive, alpha-beta thymocyte","CD8-positive, alpha-beta thymocyte",4,"CD8-positive, alpha-beta thymocyte",4,"CD8-positive, alpha-beta thymocyte"
TGGCACCTTCAGTG-1,macrophage,monocyte,monocyte,classical monocyte,classical monocyte,myeloid leukocyte,monocyte,3,classical monocyte,2,monocyte
TGGGTATGAAGAGT-1,"CD4-positive, alpha-beta T cell","naive thymus-derived CD4-positive, alpha-beta T cell","CD4-positive, alpha-beta T cell",innate lymphoid cell,"naive thymus-derived CD4-positive, alpha-beta T cell","CD4-positive, alpha-beta T cell","CD4-positive, alpha-beta T cell",4,"CD4-positive, alpha-beta T cell",3,"CD4-positive, alpha-beta T cell"
TGGGTATGCACAAC-1,"CD4-positive, alpha-beta T cell","naive thymus-derived CD4-positive, alpha-beta T cell","naive thymus-derived CD4-positive, alpha-beta T cell","naive thymus-derived CD4-positive, alpha-beta T cell","naive thymus-derived CD4-positive, alpha-beta T cell","CD4-positive, alpha-beta T cell","naive thymus-derived CD4-positive, alpha-beta T cell",4,"naive thymus-derived CD4-positive, alpha-beta T cell",4,"naive thymus-derived CD4-positive, alpha-beta T cell"
TGGGTATGGTACGT-1,B cell,B cell,B cell,B cell,B cell,B cell,B cell,6,B cell,6,B cell
TGGGTATGTTTGGG-1,macrophage,myeloid dendritic cell,mononuclear phagocyte,mononuclear phagocyte,non-classical monocyte,monocyte,mononuclear phagocyte,3,mononuclear phagocyte,2,mononuclear phagocyte
TGGTAGACATGCCA-1,"CD4-positive, alpha-beta T cell","CD4-positive, alpha-beta T cell","naive thymus-derived CD4-positive, alpha-beta T cell","CD4-positive, alpha-beta T cell","naive thymus-derived CD4-positive, alpha-beta T cell","naive thymus-derived CD4-positive, alpha-beta T cell","CD4-positive, alpha-beta T cell",4,"CD4-positive, alpha-beta T cell",3,"CD4-positive, alpha-beta T cell"
TGGTAGACCCTCAC-1,natural killer cell,natural killer cell,mature NK T cell,"naive thymus-derived CD8-positive, alpha-beta T cell",natural killer cell,mature NK T cell,natural killer cell,3,natural killer cell,3,lymphocyte
TGGTAGACCTGATG-1,"CD4-positive, alpha-beta T cell","CD4-positive, alpha-beta T cell",natural killer cell,non-classical monocyte,"naive thymus-derived CD4-positive, alpha-beta T cell","CD4-positive, alpha-beta T cell","CD4-positive, alpha-beta T cell",4,"CD4-positive, alpha-beta T cell",3,"CD4-positive, alpha-beta T cell"
TGGTAGTGCACTGA-1,macrophage,myeloid dendritic cell,erythrocyte,non-classical monocyte,non-classical monocyte,monocyte,non-classical monocyte,2,non-classical monocyte,2,myeloid leukocyte
TGGTATCTAAACAG-1,"CD4-positive, alpha-beta T cell","CD4-positive, alpha-beta T cell","naive thymus-derived CD8-positive, alpha-beta T cell","CD8-positive, alpha-beta T cell","naive thymus-derived CD4-positive, alpha-beta T cell","CD8-positive, alpha-beta T cell","CD4-positive, alpha-beta T cell",3,"CD4-positive, alpha-beta T cell",2,mature alpha-beta T cell
TGGTATCTCTTCCG-1,"CD4-positive, alpha-beta T cell","CD4-positive, alpha-beta thymocyte","CD4-positive, alpha-beta T cell","CD4-positive, alpha-beta T cell","naive thymus-derived CD4-positive, alpha-beta T cell","CD4-positive, alpha-beta T cell","CD4-positive, alpha-beta T cell",5,"CD4-positive, alpha-beta T cell",4,"CD4-positive, alpha-beta T cell"
TGGTCAGACCCAAA-1,plasma cell,hematopoietic stem cell,stromal cell,stromal cell,hematopoietic stem cell,hematopoietic stem cell,hematopoietic stem cell,3,hematopoietic stem cell,3,eukaryotic cell
TGGTTACTGACGTT-1,monocyte,monocyte,basophil,monocyte,myeloid dendritic cell,monocyte,monocyte,4,monocyte,4,monocyte
TGGTTACTGTTCTT-1,"CD4-positive, alpha-beta T cell","CD4-positive, alpha-beta T cell","CD8-positive, alpha-beta thymocyte","CD4-positive, alpha-beta T cell","CD8-positive, alpha-beta thymocyte","CD8-positive, alpha-beta thymocyte","CD4-positive, alpha-beta T cell",3,"CD4-positive, alpha-beta T cell",3,alpha-beta T cell
TGTAACCTAGAGGC-1,"CD4-positive, alpha-beta T cell","CD4-positive, alpha-beta T cell","CD4-positive, alpha-beta T cell",innate lymphoid cell,innate lymphoid cell,"CD4-positive, alpha-beta T cell","CD4-positive, alpha-beta T cell",4,"CD4-positive, alpha-beta T cell",4,"CD4-positive, alpha-beta T cell"
TGTAACCTTGCCTC-1,macrophage,myeloid dendritic cell,monocyte,myeloid dendritic cell,myeloid dendritic cell,monocyte,myeloid dendritic cell,3,myeloid dendritic cell,3,professional antigen presenting cell
TGTAATGACACAAC-1,natural killer cell,natural killer cell,natural killer cell,natural killer cell,natural killer cell,"naive thymus-derived CD8-positive, alpha-beta T cell",natural killer cell,5,natural killer cell,5,natural killer cell
TGTAATGAGGTAAA-1,"CD8-positive, alpha-beta T cell",natural killer cell,natural killer cell,"CD8-positive, alpha-beta T cell",natural killer cell,natural killer cell,natural killer cell,4,natural killer cell,4,natural killer cell
TGTACTTGCTCTAT-1,macrophage,non-classical monocyte,non-classical monocyte,non-classical monocyte,non-classical monocyte,non-classical monocyte,non-classical monocyte,5,non-classical monocyte,5,non-classical monocyte
TGTAGGTGCGAGAG-1,B cell,B cell,B cell,B cell,B cell,B cell,B cell,6,B cell,6,B cell
TGTAGGTGCTATGG-1,"CD4-positive, alpha-beta T cell","CD4-positive, alpha-beta T cell","naive thymus-derived CD4-positive, alpha-beta T cell","CD4-positive, alpha-beta T cell","naive thymus-derived CD4-positive, alpha-beta T cell","CD4-positive, alpha-beta T cell","CD4-positive, alpha-beta T cell",5,"CD4-positive, alpha-beta T cell",4,"CD4-positive, alpha-beta T cell"
TGTAGGTGCTCTAT-1,monocyte,myeloid dendritic cell,mature NK T cell,myeloid dendritic cell,myeloid dendritic cell,myeloid dendritic cell,myeloid dendritic cell,4,myeloid dendritic cell,4,conventional dendritic cell
TGTAGGTGTGCTGA-1,"CD4-positive, alpha-beta T cell","naive thymus-derived CD4-positive, alpha-beta T cell",erythrocyte,innate lymphoid cell,"naive thymus-derived CD4-positive, alpha-beta T cell","CD4-positive, alpha-beta thymocyte","CD4-positive, alpha-beta T cell",2,"naive thymus-derived CD4-positive, alpha-beta T cell",2,alpha-beta T cell
TGTAGTCTTCCAGA-1,hematopoietic stem cell,hematopoietic stem cell,hematopoietic stem cell,hematopoietic stem cell,hematopoietic stem cell,hematopoietic stem cell,hematopoietic stem cell,6,hematopoietic stem cell,6,hematopoietic stem cell
TGTAGTCTTGCACA-1,"CD8-positive, alpha-beta T cell","CD8-positive, alpha-beta T cell","CD8-positive, alpha-beta thymocyte","CD8-positive, alpha-beta T cell","CD8-positive, alpha-beta T cell","CD8-positive, alpha-beta T cell","CD8-positive, alpha-beta T cell",5,"CD8-positive, alpha-beta T cell",5,"CD8-positive, alpha-beta T cell"
TGTATCTGTTAGGC-1,"CD4-positive, alpha-beta T cell","CD4-positive, alpha-beta T cell","CD8-positive, alpha-beta thymocyte","naive thymus-derived CD4-positive, alpha-beta T cell",innate lymphoid cell,"CD8-positive, alpha-beta T cell","CD4-positive, alpha-beta T cell",2,"CD4-positive, alpha-beta T cell",2,mature alpha-beta T cell
TGTATGCTCATGGT-1,B cell,B cell,serous cell of epithelium of trachea,B cell,B cell,B cell,B cell,5,B cell,5,B cell
TGTATGCTGTAGGG-1,"CD4-positive, alpha-beta T cell","naive thymus-derived CD4-positive, alpha-beta T cell",plasma cell,thymocyte,"CD4-positive, alpha-beta T cell",thymocyte,"CD4-positive, alpha-beta T cell",2,"CD4-positive, alpha-beta T cell",2,T cell
TGTATGCTTTCATC-1,"CD4-positive, alpha-beta T cell","CD4-positive, alpha-beta T cell","CD4-positive, alpha-beta T cell","CD8-positive, alpha-beta T cell","CD4-positive, alpha-beta T cell","CD4-positive, alpha-beta T cell","CD4-positive, alpha-beta T cell",5,"CD4-positive, alpha-beta T cell",5,"CD4-positive, alpha-beta T cell"
TGTCAGGAATACCG-1,"CD4-positive, alpha-beta T cell","CD4-positive, alpha-beta T cell","CD8-positive, alpha-beta thymocyte","CD4-positive, alpha-beta T cell","naive thymus-derived CD4-positive, alpha-beta T cell","CD8-positive, alpha-beta thymocyte","CD4-positive, alpha-beta T cell",4,"CD4-positive, alpha-beta T cell",3,"CD4-positive, alpha-beta T cell"
TGTCAGGAGATGAA-1,classical monocyte,non-classical monocyte,non-classical monocyte,non-classical monocyte,non-classical monocyte,non-classical monocyte,non-classical monocyte,5,non-classical monocyte,5,non-classical monocyte
TGTCTAACCCCTTG-1,"CD4-positive, alpha-beta T cell","CD4-positive, alpha-beta thymocyte",intestinal crypt stem cell of small intestine,"CD4-positive, alpha-beta T cell","naive thymus-derived CD4-positive, alpha-beta T cell","CD4-positive, alpha-beta thymocyte","CD4-positive, alpha-beta T cell",3,"CD4-positive, alpha-beta T cell",2,alpha-beta T cell
TGTGAGACTGTCAG-1,macrophage,non-classical monocyte,monocyte,classical monocyte,non-classical monocyte,monocyte,monocyte,3,monocyte,2,monocyte
TGTGAGACTTGAGC-1,"CD4-positive, alpha-beta T cell",innate lymphoid cell,"CD4-positive, alpha-beta T cell","CD4-positive, alpha-beta T cell","CD4-positive, alpha-beta T cell","CD4-positive, alpha-beta T cell","CD4-positive, alpha-beta T cell",5,"CD4-positive, alpha-beta T cell",5,"CD4-positive, alpha-beta T cell"
TGTGAGTGACCACA-1,"CD4-positive, alpha-beta T cell","naive thymus-derived CD4-positive, alpha-beta T cell","CD8-positive, alpha-beta thymocyte","CD4-positive, alpha-beta T cell",innate lymphoid cell,innate lymphoid cell,"CD4-positive, alpha-beta T cell",2,"CD4-positive, alpha-beta T cell",2,alpha-beta T cell
TGTGAGTGAGTGCT-1,macrophage,myeloid dendritic cell,non-classical monocyte,non-classical monocyte,non-classical monocyte,non-classical monocyte,non-classical monocyte,4,non-classical monocyte,4,non-classical monocyte
TGTGAGTGGAGATA-1,"CD8-positive, alpha-beta T cell","CD8-positive, alpha-beta T cell",myeloid dendritic cell,"CD8-positive, alpha-beta T cell","CD8-positive, alpha-beta T cell","CD8-positive, alpha-beta T cell","CD8-positive, alpha-beta T cell",5,"CD8-positive, alpha-beta T cell",5,"CD8-positive, alpha-beta T cell"
TGTGATCTCTCTAT-1,B cell,B cell,B cell,B cell,B cell,B cell,B cell,6,B cell,6,B cell
TGTGATCTGACACT-1,"CD4-positive, alpha-beta T cell","CD4-positive, alpha-beta T cell",thymocyte,"CD8-positive, alpha-beta T cell",innate lymphoid cell,thymocyte,"CD4-positive, alpha-beta T cell",2,"CD4-positive, alpha-beta T cell",2,T cell
TGTGGATGGCCAAT-1,B cell,B cell,B cell,B cell,B cell,B cell,B cell,6,B cell,6,B cell
TGTTAAGACAAAGA-1,classical monocyte,monocyte,erythrocyte,myeloid dendritic cell,myeloid dendritic cell,myeloid dendritic cell,myeloid dendritic cell,3,myeloid dendritic cell,3,myeloid leukocyte
TGTTAAGATAAGGA-1,classical monocyte,monocyte,monocyte,monocyte,monocyte,monocyte,monocyte,5,monocyte,5,monocyte
TGTTACACCGCATA-1,macrophage,non-classical monocyte,non-classical monocyte,non-classical monocyte,non-classical monocyte,non-classical monocyte,non-classical monocyte,5,non-classical monocyte,5,non-classical monocyte
TGTTACACGACTAC-1,classical monocyte,monocyte,monocyte,granulocyte,myeloid dendritic cell,monocyte,monocyte,3,monocyte,3,monocyte
TGTTACTGGCTACA-1,"CD4-positive, alpha-beta T cell","CD8-positive, alpha-beta T cell","CD8-positive, alpha-beta thymocyte","CD8-positive, alpha-beta T cell","CD8-positive, alpha-beta T cell","CD8-positive, alpha-beta T cell","CD8-positive, alpha-beta T cell",4,"CD8-positive, alpha-beta T cell",4,"CD8-positive, alpha-beta T cell"
TGTTACTGTAGTCG-1,"CD8-positive, alpha-beta T cell","CD8-positive, alpha-beta T cell",natural killer cell,natural killer cell,natural killer cell,natural killer cell,natural killer cell,4,natural killer cell,4,natural killer cell
TTAACCACCGTAAC-1,T cell,"CD4-positive, alpha-beta T cell",monocyte,"naive thymus-derived CD8-positive, alpha-beta T cell","naive thymus-derived CD4-positive, alpha-beta T cell","CD8-positive, alpha-beta thymocyte","CD4-positive, alpha-beta T cell",2,"CD4-positive, alpha-beta T cell",1,alpha-beta T cell
TTAACCACTAAGGA-1,"CD4-positive, alpha-beta T cell","CD8-positive, alpha-beta T cell",stromal cell,regulatory T cell,"CD8-positive, alpha-beta T cell","CD8-positive, alpha-beta T cell","CD8-positive, alpha-beta T cell",3,"CD8-positive, alpha-beta T cell",3,mature alpha-beta T cell
TTAACCACTCAGAC-1,"CD8-positive, alpha-beta T cell","CD8-positive, alpha-beta T cell","CD8-positive, alpha-beta T cell","naive thymus-derived CD4-positive, alpha-beta T cell","CD8-positive, alpha-beta T cell","CD8-positive, alpha-beta T cell","CD8-positive, alpha-beta T cell",5,"CD8-positive, alpha-beta T cell",5,"CD8-positive, alpha-beta T cell"
TTACACACGTGTTG-1,"CD4-positive, alpha-beta T cell","CD4-positive, alpha-beta T cell",leukocyte,innate lymphoid cell,innate lymphoid cell,innate lymphoid cell,innate lymphoid cell,3,innate lymphoid cell,3,lymphocyte
TTACACACTCCTAT-1,"CD4-positive, alpha-beta T cell","CD4-positive, alpha-beta thymocyte","CD4-positive, alpha-beta T cell","CD4-positive, alpha-beta T cell","naive thymus-derived CD4-positive, alpha-beta T cell","naive thymus-derived CD4-positive, alpha-beta T cell","CD4-positive, alpha-beta T cell",4,"CD4-positive, alpha-beta T cell",3,"CD4-positive, alpha-beta T cell"
TTACCATGAATCGC-1,classical monocyte,myeloid dendritic cell,monocyte,intermediate monocyte,monocyte,monocyte,monocyte,3,monocyte,3,monocyte
TTACCATGGTTGAC-1,"CD4-positive, alpha-beta T cell","CD4-positive, alpha-beta T cell","CD4-positive, alpha-beta thymocyte","naive thymus-derived CD4-positive, alpha-beta T cell","naive thymus-derived CD4-positive, alpha-beta T cell","CD4-positive, alpha-beta thymocyte","CD4-positive, alpha-beta T cell",3,"CD4-positive, alpha-beta T cell",2,"CD4-positive, alpha-beta T cell"
TTACCATGTGTCTT-1,"CD8-positive, alpha-beta T cell","CD8-positive, alpha-beta T cell",innate lymphoid cell,natural killer cell,innate lymphoid cell,mature NK T cell,"CD8-positive, alpha-beta T cell",2,"CD8-positive, alpha-beta T cell",2,lymphocyte
TTACCATGTTGTGG-1,B cell,B cell,B cell,B cell,B cell,B cell,B cell,6,B cell,6,B cell
TTACGACTGAGAGC-1,"CD4-positive, alpha-beta T cell","CD4-positive, alpha-beta T cell",regulatory T cell,mature NK T cell,"naive thymus-derived CD4-positive, alpha-beta T cell",regulatory T cell,"CD4-positive, alpha-beta T cell",3,"CD4-positive, alpha-beta T cell",2,mature alpha-beta T cell
TTACGACTTGACAC-1,classical monocyte,monocyte,myeloid dendritic cell,myeloid dendritic cell,myeloid dendritic cell,myeloid dendritic cell,myeloid dendritic cell,4,myeloid dendritic cell,4,conventional dendritic cell
TTACGTACGTTCAG-1,platelet,platelet,platelet,platelet,platelet,platelet,platelet,6,platelet,6,serotonin secreting cell
TTACTCGAACGTTG-1,plasma cell,plasma cell,plasma cell,plasma cell,plasma cell,plasma cell,plasma cell,6,plasma cell,6,plasma cell
TTACTCGAAGAATG-1,classical monocyte,monocyte,mature NK T cell,myeloid dendritic cell,monocyte,myeloid dendritic cell,myeloid dendritic cell,2,monocyte,2,myeloid leukocyte
TTACTCGACGCAAT-1,monocyte,myeloid dendritic cell,myeloid dendritic cell,myeloid dendritic cell,myeloid dendritic cell,myeloid dendritic cell,myeloid dendritic cell,5,myeloid dendritic cell,5,conventional dendritic cell
TTACTCGAGGGTGA-1,"CD4-positive, alpha-beta T cell","CD4-positive, alpha-beta T cell",innate lymphoid cell,"CD4-positive, alpha-beta T cell",innate lymphoid cell,innate lymphoid cell,"CD4-positive, alpha-beta T cell",3,"CD4-positive, alpha-beta T cell",3,lymphocyte
TTACTCGATCTACT-1,"CD8-positive, alpha-beta T cell",natural killer cell,natural killer cell,"CD8-positive, alpha-beta T cell",natural killer cell,natural killer cell,natural killer cell,4,natural killer cell,4,natural killer cell
TTAGAATGTGGTGT-1,"CD4-positive, alpha-beta T cell","CD4-positive, alpha-beta T cell",innate lymphoid cell,"naive thymus-derived CD8-positive, alpha-beta T cell",innate lymphoid cell,innate lymphoid cell,innate lymphoid cell,3,innate lymphoid cell,3,lymphocyte
TTAGAATGTGTAGC-1,"CD4-positive, alpha-beta T cell","CD4-positive, alpha-beta thymocyte",stromal cell,innate lymphoid cell,innate lymphoid cell,stromal cell,innate lymphoid cell,2,innate lymphoid cell,2,lymphocyte
TTAGACCTCCTACC-1,"CD4-positive, alpha-beta T cell","CD4-positive, alpha-beta T cell","CD4-positive, alpha-beta T cell","CD4-positive, alpha-beta T cell","naive thymus-derived CD4-positive, alpha-beta T cell","CD4-positive, alpha-beta T cell","CD4-positive, alpha-beta T cell",6,"CD4-positive, alpha-beta T cell",5,"CD4-positive, alpha-beta T cell"
TTAGACCTCCTTTA-1,classical monocyte,monocyte,intermediate monocyte,granulocyte,classical monocyte,classical monocyte,classical monocyte,3,classical monocyte,3,monocyte
TTAGCTACAACCGT-1,"CD4-positive, alpha-beta T cell","CD4-positive, alpha-beta thymocyte",monocyte,"CD8-positive, alpha-beta thymocyte","CD4-positive, alpha-beta T cell",monocyte,"CD4-positive, alpha-beta T cell",2,"CD4-positive, alpha-beta T cell",2,alpha-beta T cell
TTAGCTACTGTCCC-1,macrophage,myeloid dendritic cell,myeloid dendritic cell,monocyte,non-classical monocyte,non-classical monocyte,myeloid dendritic cell,2,myeloid dendritic cell,2,myeloid leukocyte
TTAGCTACTTTCGT-1,"CD4-positive, alpha-beta T cell","CD4-positive, alpha-beta T cell","CD4-positive, alpha-beta T cell","CD4-positive, alpha-beta T cell","naive thymus-derived CD4-positive, alpha-beta T cell","CD4-positive, alpha-beta T cell","CD4-positive, alpha-beta T cell",6,"CD4-positive, alpha-beta T cell",5,"CD4-positive, alpha-beta T cell"
TTAGGGACGCGAAG-1,"CD8-positive, alpha-beta T cell","CD8-positive, alpha-beta T cell","CD8-positive, alpha-beta T cell","CD8-positive, alpha-beta T cell","CD8-positive, alpha-beta T cell","CD8-positive, alpha-beta T cell","CD8-positive, alpha-beta T cell",6,"CD8-positive, alpha-beta T cell",6,"CD8-positive, alpha-beta T cell"
TTAGGGTGCTGGAT-1,B cell,B cell,B cell,B cell,B cell,B cell,B cell,6,B cell,6,B cell
TTAGGGTGTCCTGC-1,macrophage,myeloid dendritic cell,non-classical monocyte,mononuclear phagocyte,non-classical monocyte,myeloid dendritic cell,myeloid dendritic cell,2,myeloid dendritic cell,2,mononuclear phagocyte
TTAGGTCTACTTTC-1,monocyte,monocyte,myeloid leukocyte,myeloid dendritic cell,monocyte,monocyte,monocyte,4,monocyte,4,monocyte
TTAGTCACCAGTTG-1,"CD4-positive, alpha-beta T cell","CD4-positive, alpha-beta T cell","CD8-positive, alpha-beta T cell","CD4-positive, alpha-beta T cell","CD8-positive, alpha-beta T cell","CD4-positive, alpha-beta T cell","CD4-positive, alpha-beta T cell",4,"CD4-positive, alpha-beta T cell",4,"CD4-positive, alpha-beta T cell"
TTAGTCTGAAAGCA-1,B cell,B cell,B cell,B cell,B cell,B cell,B cell,6,B cell,6,B cell
TTAGTCTGCCAACA-1,natural killer cell,natural killer cell,natural killer cell,"CD8-positive, alpha-beta T cell",natural killer cell,natural killer cell,natural killer cell,5,natural killer cell,5,natural killer cell
TTAGTCTGTGCACA-1,"CD4-positive, alpha-beta T cell","CD4-positive, alpha-beta T cell","CD4-positive, alpha-beta T cell",T cell,innate lymphoid cell,"CD4-positive, alpha-beta T cell","CD4-positive, alpha-beta T cell",4,"CD4-positive, alpha-beta T cell",4,"CD4-positive, alpha-beta T cell"
TTATCCGACTAGTG-1,B cell,B cell,B cell,B cell,B cell,B cell,B cell,6,B cell,6,B cell
TTATCCGAGAAAGT-1,macrophage,myeloid dendritic cell,monocyte,myeloid dendritic cell,monocyte,monocyte,monocyte,3,monocyte,3,myeloid leukocyte
TTATGAGAGATAAG-1,"CD4-positive, alpha-beta T cell","CD4-positive, alpha-beta T cell",stromal cell,B cell,innate lymphoid cell,B cell,"CD4-positive, alpha-beta T cell",2,B cell,2,lymphocyte
TTATGCACGTCACA-1,B cell,B cell,B cell,innate lymphoid cell,myeloid dendritic cell,B cell,B cell,4,B cell,4,B cell
TTATGGCTTATGGC-1,macrophage,myeloid dendritic cell,myeloid dendritic cell,myeloid dendritic cell,myeloid dendritic cell,myeloid dendritic cell,myeloid dendritic cell,5,myeloid dendritic cell,5,conventional dendritic cell
TTATTCCTATGCTG-1,macrophage,myeloid dendritic cell,monocyte,intermediate monocyte,non-classical monocyte,non-classical monocyte,non-classical monocyte,2,non-classical monocyte,2,monocyte
TTATTCCTGGTACT-1,B cell,B cell,B cell,B cell,B cell,B cell,B cell,6,B cell,6,B cell
TTATTCCTTCGTGA-1,"CD4-positive, alpha-beta T cell","naive thymus-derived CD4-positive, alpha-beta T cell","naive thymus-derived CD4-positive, alpha-beta T cell","naive thymus-derived CD4-positive, alpha-beta T cell","naive thymus-derived CD4-positive, alpha-beta T cell","naive thymus-derived CD4-positive, alpha-beta T cell","naive thymus-derived CD4-positive, alpha-beta T cell",5,"naive thymus-derived CD4-positive, alpha-beta T cell",5,"naive thymus-derived CD4-positive, alpha-beta T cell"
TTCAAAGATAAAGG-1,"CD8-positive, alpha-beta T cell","CD8-positive, alpha-beta T cell","CD8-positive, alpha-beta thymocyte","CD8-positive, alpha-beta T cell","CD8-positive, alpha-beta T cell","CD8-positive, alpha-beta thymocyte","CD8-positive, alpha-beta T cell",4,"CD8-positive, alpha-beta T cell",4,"CD8-positive, alpha-beta T cell"
TTCAACACAACAGA-1,"CD4-positive, alpha-beta T cell","naive thymus-derived CD4-positive, alpha-beta T cell","naive thymus-derived CD4-positive, alpha-beta T cell","naive thymus-derived CD4-positive, alpha-beta T cell","naive thymus-derived CD4-positive, alpha-beta T cell","naive thymus-derived CD4-positive, alpha-beta T cell","naive thymus-derived CD4-positive, alpha-beta T cell",5,"naive thymus-derived CD4-positive, alpha-beta T cell",5,"naive thymus-derived CD4-positive, alpha-beta T cell"
TTCAACACCCCAAA-1,classical monocyte,monocyte,monocyte,intermediate monocyte,monocyte,monocyte,monocyte,4,monocyte,4,monocyte
TTCAACACGGACGA-1,intermediate monocyte,non-classical monocyte,non-classical monocyte,non-classical monocyte,non-classical monocyte,non-classical monocyte,non-classical monocyte,5,non-classical monocyte,5,non-classical monocyte
TTCAAGCTAAGAAC-1,macrophage,myeloid dendritic cell,monocyte,myeloid dendritic cell,myeloid dendritic cell,monocyte,myeloid dendritic cell,3,myeloid dendritic cell,3,professional antigen presenting cell
TTCAAGCTAGATGA-1,"CD4-positive, alpha-beta T cell","naive thymus-derived CD4-positive, alpha-beta T cell","CD8-positive, alpha-beta thymocyte","CD4-positive, alpha-beta T cell","naive thymus-derived CD4-positive, alpha-beta T cell","CD4-positive, alpha-beta T cell","CD4-positive, alpha-beta T cell",4,"CD4-positive, alpha-beta T cell",3,"CD4-positive, alpha-beta T cell"
TTCAAGCTGTTGAC-1,"CD4-positive, alpha-beta T cell","CD4-positive, alpha-beta T cell",serous cell of epithelium of trachea,"CD4-positive, alpha-beta T cell","naive thymus-derived CD4-positive, alpha-beta T cell",innate lymphoid cell,"CD4-positive, alpha-beta T cell",4,"CD4-positive, alpha-beta T cell",3,"CD4-positive, alpha-beta T cell"
TTCAAGCTTGATGC-1,"CD4-positive, alpha-beta T cell","CD4-positive, alpha-beta thymocyte","CD4-positive, alpha-beta T cell","naive thymus-derived CD4-positive, alpha-beta T cell","naive thymus-derived CD4-positive, alpha-beta T cell","naive thymus-derived CD4-positive, alpha-beta T cell","CD4-positive, alpha-beta T cell",3,"naive thymus-derived CD4-positive, alpha-beta T cell",3,"CD4-positive, alpha-beta T cell"
TTCAAGCTTTCGCC-1,"CD4-positive, alpha-beta T cell","CD4-positive, alpha-beta T cell","CD8-positive, alpha-beta thymocyte","CD4-positive, alpha-beta T cell",innate lymphoid cell,"CD8-positive, alpha-beta T cell","CD4-positive, alpha-beta T cell",3,"CD4-positive, alpha-beta T cell",3,mature alpha-beta T cell
TTCACAACCCGTTC-1,monocyte,myeloid dendritic cell,monocyte,myeloid dendritic cell,monocyte,monocyte,monocyte,4,monocyte,4,monocyte
TTCACAACGTCTGA-1,B cell,myeloid dendritic cell,non-classical monocyte,non-classical monocyte,non-classical monocyte,non-classical monocyte,non-classical monocyte,4,non-classical monocyte,4,non-classical monocyte
TTCAGACTACCCAA-1,"CD4-positive, alpha-beta T cell","CD4-positive, alpha-beta T cell",innate lymphoid cell,thymocyte,innate lymphoid cell,innate lymphoid cell,innate lymphoid cell,3,innate lymphoid cell,3,lymphocyte
TTCAGACTCTCGAA-1,"CD4-positive, alpha-beta T cell","CD4-positive, alpha-beta T cell","CD4-positive, alpha-beta T cell","CD8-positive, alpha-beta T cell",innate lymphoid cell,"CD4-positive, alpha-beta T cell","CD4-positive, alpha-beta T cell",4,"CD4-positive, alpha-beta T cell",4,"CD4-positive, alpha-beta T cell"
TTCAGTACCGACTA-1,"CD4-positive, alpha-beta T cell","CD4-positive, alpha-beta T cell","CD4-positive, alpha-beta T cell","CD4-positive, alpha-beta T cell","naive thymus-derived CD4-positive, alpha-beta T cell","CD4-positive, alpha-beta T cell","CD4-positive, alpha-beta T cell",6,"CD4-positive, alpha-beta T cell",5,"CD4-positive, alpha-beta T cell"
TTCAGTACTCAAGC-1,"CD4-positive, alpha-beta T cell","naive thymus-derived CD4-positive, alpha-beta T cell","CD8-positive, alpha-beta thymocyte","CD4-positive, alpha-beta T cell","naive thymus-derived CD4-positive, alpha-beta T cell","CD4-positive, alpha-beta thymocyte","CD4-positive, alpha-beta T cell",3,"CD4-positive, alpha-beta T cell",2,"CD4-positive, alpha-beta T cell"
TTCAGTACTCCTAT-1,classical monocyte,monocyte,monocyte,myeloid dendritic cell,monocyte,monocyte,monocyte,4,monocyte,4,monocyte
TTCAGTTGCCAAGT-1,"CD4-positive, alpha-beta T cell",innate lymphoid cell,"CD4-positive, alpha-beta T cell","CD4-positive, alpha-beta T cell",innate lymphoid cell,innate lymphoid cell,"CD4-positive, alpha-beta T cell",3,"CD4-positive, alpha-beta T cell",3,lymphocyte
TTCAGTTGTCCTTA-1,monocyte,myeloid dendritic cell,stromal cell,myeloid dendritic cell,myeloid dendritic cell,myeloid dendritic cell,myeloid dendritic cell,4,myeloid dendritic cell,4,conventional dendritic cell
TTCAGTTGTCTAGG-1,"CD4-positive, alpha-beta T cell","naive thymus-derived CD8-positive, alpha-beta T cell","CD8-positive, alpha-beta thymocyte","CD4-positive, alpha-beta T cell","CD8-positive, alpha-beta thymocyte","CD8-positive, alpha-beta thymocyte","CD8-positive, alpha-beta thymocyte",3,"CD8-positive, alpha-beta thymocyte",3,alpha-beta T cell
TTCATCGAGGTGGA-1,classical monocyte,monocyte,monocyte,monocyte,myeloid dendritic cell,monocyte,monocyte,4,monocyte,4,monocyte
TTCATGTGTGGTGT-1,"CD4-positive, alpha-beta T cell","CD4-positive, alpha-beta T cell","CD4-positive, alpha-beta T cell","CD4-positive, alpha-beta T cell","CD4-positive, alpha-beta T cell","CD4-positive, alpha-beta T cell","CD4-positive, alpha-beta T cell",6,"CD4-positive, alpha-beta T cell",6,"CD4-positive, alpha-beta T cell"
TTCATTCTATGTCG-1,monocyte,myeloid dendritic cell,myeloid dendritic cell,myeloid dendritic cell,myeloid dendritic cell,myeloid dendritic cell,myeloid dendritic cell,5,myeloid dendritic cell,5,conventional dendritic cell
TTCATTCTTCTCTA-1,"CD4-positive, alpha-beta T cell","CD4-positive, alpha-beta thymocyte",innate lymphoid cell,"CD4-positive, alpha-beta T cell",innate lymphoid cell,innate lymphoid cell,innate lymphoid cell,3,innate lymphoid cell,3,lymphocyte
TTCCAAACCTATGG-1,macrophage,myeloid dendritic cell,monocyte,non-classical monocyte,myeloid dendritic cell,monocyte,myeloid dendritic cell,2,monocyte,2,myeloid leukocyte
TTCCAAACCTCCCA-1,B cell,B cell,B cell,B cell,B cell,B cell,B cell,6,B cell,6,B cell
TTCCAAACTCCCAC-1,natural killer cell,natural killer cell,natural killer cell,natural killer cell,natural killer cell,natural killer cell,natural killer cell,6,natural killer cell,6,natural killer cell
TTCCAAACTTGACG-1,"CD8-positive, alpha-beta T cell","CD8-positive, alpha-beta T cell","naive thymus-derived CD8-positive, alpha-beta T cell","naive thymus-derived CD8-positive, alpha-beta T cell","CD8-positive, alpha-beta T cell","naive thymus-derived CD8-positive, alpha-beta T cell","CD8-positive, alpha-beta T cell",3,"CD8-positive, alpha-beta T cell",3,"CD8-positive, alpha-beta T cell"
TTCCATGACGAGAG-1,classical monocyte,monocyte,monocyte,non-classical monocyte,monocyte,monocyte,monocyte,4,monocyte,4,monocyte
TTCCATGACTGTCC-1,B cell,myeloid dendritic cell,plasmacytoid dendritic cell,innate lymphoid cell,myeloid dendritic cell,innate lymphoid cell,innate lymphoid cell,2,innate lymphoid cell,2,mononuclear cell
TTCCCACTTGAGGG-1,natural killer cell,natural killer cell,natural killer cell,natural killer cell,natural killer cell,natural killer cell,natural killer cell,6,natural killer cell,6,natural killer cell
TTCCCACTTGTCTT-1,macrophage,myeloid dendritic cell,classical monocyte,mononuclear phagocyte,myeloid dendritic cell,classical monocyte,myeloid dendritic cell,2,classical monocyte,2,mononuclear phagocyte
TTCCTAGAAAGTGA-1,"CD4-positive, alpha-beta T cell","CD4-positive, alpha-beta thymocyte",monocyte,innate lymphoid cell,innate lymphoid cell,monocyte,innate lymphoid cell,2,innate lymphoid cell,2,lymphocyte
TTCCTAGACTAGTG-1,monocyte,myeloid dendritic cell,non-classical monocyte,non-classical monocyte,non-classical monocyte,non-classical monocyte,non-classical monocyte,4,non-classical monocyte,4,non-classical monocyte
TTCGAGGACTCTAT-1,T cell,"CD4-positive, alpha-beta T cell","CD8-positive, alpha-beta thymocyte","CD4-positive, alpha-beta T cell","CD4-positive, alpha-beta T cell","CD4-positive, alpha-beta T cell","CD4-positive, alpha-beta T cell",4,"CD4-positive, alpha-beta T cell",4,"CD4-positive, alpha-beta T cell"
TTCGAGGAGGGCAA-1,T cell,"CD4-positive, alpha-beta T cell","CD8-positive, alpha-beta T cell","CD4-positive, alpha-beta T cell","naive thymus-derived CD4-positive, alpha-beta T cell","naive thymus-derived CD4-positive, alpha-beta T cell","CD4-positive, alpha-beta T cell",3,"CD4-positive, alpha-beta T cell",2,"CD4-positive, alpha-beta T cell"
TTCGAGGATAGAAG-1,B cell,myeloid dendritic cell,non-classical monocyte,non-classical monocyte,non-classical monocyte,non-classical monocyte,non-classical monocyte,4,non-classical monocyte,4,non-classical monocyte
TTCGATTGAGCATC-1,"CD4-positive, alpha-beta T cell","CD4-positive, alpha-beta T cell",T follicular helper cell,"CD4-positive, alpha-beta thymocyte","naive thymus-derived CD4-positive, alpha-beta T cell",innate lymphoid cell,"CD4-positive, alpha-beta T cell",3,"CD4-positive, alpha-beta T cell",2,"CD4-positive, alpha-beta T cell"
TTCGGAGAATGCCA-1,monocyte,monocyte,monocyte,myeloid dendritic cell,monocyte,monocyte,monocyte,5,monocyte,5,monocyte
TTCGGAGATGTGCA-1,"CD4-positive, alpha-beta T cell","CD4-positive, alpha-beta thymocyte","CD4-positive, alpha-beta T cell","CD4-positive, alpha-beta T cell","CD4-positive, alpha-beta T cell","CD4-positive, alpha-beta T cell","CD4-positive, alpha-beta T cell",5,"CD4-positive, alpha-beta T cell",5,"CD4-positive, alpha-beta T cell"
TTCGTATGAAAAGC-1,"CD8-positive, alpha-beta T cell","CD8-positive, alpha-beta T cell","CD8-positive, alpha-beta T cell","CD8-positive, alpha-beta T cell","CD8-positive, alpha-beta T cell",leukocyte,"CD8-positive, alpha-beta T cell",5,"CD8-positive, alpha-beta T cell",5,"CD8-positive, alpha-beta T cell"
TTCGTATGGATAGA-1,"CD8-positive, alpha-beta T cell","naive thymus-derived CD8-positive, alpha-beta T cell","CD8-positive, alpha-beta T cell","CD8-positive, alpha-beta T cell","CD8-positive, alpha-beta T cell","CD8-positive, alpha-beta T cell","CD8-positive, alpha-beta T cell",5,"CD8-positive, alpha-beta T cell",5,"CD8-positive, alpha-beta T cell"
TTCGTATGGTCTGA-1,"CD4-positive, alpha-beta T cell","naive thymus-derived CD4-positive, alpha-beta T cell",erythrocyte,"CD4-positive, alpha-beta T cell",innate lymphoid cell,"CD4-positive, alpha-beta T cell","CD4-positive, alpha-beta T cell",3,"CD4-positive, alpha-beta T cell",3,"CD4-positive, alpha-beta T cell"
TTCGTATGTCCTTA-1,classical monocyte,myeloid dendritic cell,monocyte,intermediate monocyte,monocyte,monocyte,monocyte,3,monocyte,3,monocyte
TTCTACGAACGTAC-1,"CD4-positive, alpha-beta T cell","CD4-positive, alpha-beta T cell","CD8-positive, alpha-beta thymocyte","CD4-positive, alpha-beta T cell","naive thymus-derived CD4-positive, alpha-beta T cell","CD8-positive, alpha-beta thymocyte","CD4-positive, alpha-beta T cell",4,"CD4-positive, alpha-beta T cell",3,"CD4-positive, alpha-beta T cell"
TTCTACGAGTTGGT-1,"CD4-positive, alpha-beta T cell","CD4-positive, alpha-beta T cell","CD4-positive, alpha-beta T cell",pulmonary alveolar type 1 cell,"CD4-positive, alpha-beta T cell","CD4-positive, alpha-beta T cell","CD4-positive, alpha-beta T cell",5,"CD4-positive, alpha-beta T cell",5,"CD4-positive, alpha-beta T cell"
TTCTAGTGACACGT-1,"CD4-positive, alpha-beta T cell","CD4-positive, alpha-beta T cell",tracheal goblet cell,"naive thymus-derived CD4-positive, alpha-beta T cell","naive thymus-derived CD4-positive, alpha-beta T cell","CD4-positive, alpha-beta T cell","CD4-positive, alpha-beta T cell",4,"CD4-positive, alpha-beta T cell",3,"CD4-positive, alpha-beta T cell"
TTCTAGTGCATGAC-1,classical monocyte,monocyte,"CD4-positive, alpha-beta T cell",myeloid dendritic cell,myeloid dendritic cell,monocyte,myeloid dendritic cell,2,monocyte,2,myeloid leukocyte
TTCTAGTGGAGAGC-1,natural killer cell,natural killer cell,mature NK T cell,natural killer cell,natural killer cell,natural killer cell,natural killer cell,5,natural killer cell,5,natural killer cell
TTCTAGTGGTCACA-1,macrophage,myeloid dendritic cell,monocyte,myeloid dendritic cell,non-classical monocyte,myeloid cell,myeloid dendritic cell,2,myeloid dendritic cell,2,myeloid leukocyte
TTCTCAGAAGAGAT-1,"CD4-positive, alpha-beta T cell","CD4-positive, alpha-beta thymocyte",thymocyte,innate lymphoid cell,"naive thymus-derived CD4-positive, alpha-beta T cell","naive thymus-derived CD4-positive, alpha-beta T cell","CD4-positive, alpha-beta T cell",2,"naive thymus-derived CD4-positive, alpha-beta T cell",2,alpha-beta T cell
TTCTCAGAAGCATC-1,B cell,B cell,B cell,B cell,B cell,B cell,B cell,6,B cell,6,B cell
TTCTCAGATGGAGG-1,"CD4-positive, alpha-beta T cell","CD4-positive, alpha-beta thymocyte","CD4-positive, alpha-beta T cell",T cell,"naive thymus-derived CD4-positive, alpha-beta T cell","CD4-positive, alpha-beta T cell","CD4-positive, alpha-beta T cell",4,"CD4-positive, alpha-beta T cell",3,"CD4-positive, alpha-beta T cell"
TTCTGATGGAGACG-1,natural killer cell,natural killer cell,natural killer cell,natural killer cell,natural killer cell,natural killer cell,natural killer cell,6,natural killer cell,6,natural killer cell
TTCTTACTCTGGAT-1,macrophage,non-classical monocyte,non-classical monocyte,non-classical monocyte,non-classical monocyte,non-classical monocyte,non-classical monocyte,5,non-classical monocyte,5,non-classical monocyte
TTGAACCTCCTTGC-1,B cell,B cell,B cell,B cell,B cell,B cell,B cell,6,B cell,6,B cell
TTGAATGAACTACG-1,macrophage,myeloid dendritic cell,non-classical monocyte,non-classical monocyte,non-classical monocyte,non-classical monocyte,non-classical monocyte,4,non-classical monocyte,4,non-classical monocyte
TTGAATGACTTACT-1,"CD4-positive, alpha-beta T cell","naive thymus-derived CD4-positive, alpha-beta T cell",innate lymphoid cell,"CD4-positive, alpha-beta T cell",innate lymphoid cell,innate lymphoid cell,innate lymphoid cell,3,innate lymphoid cell,3,lymphocyte
TTGAATGATCTCAT-1,B cell,B cell,myeloid dendritic cell,B cell,myeloid dendritic cell,myeloid dendritic cell,B cell,3,B cell,3,mononuclear cell
TTGACACTCTGTAG-1,"CD4-positive, alpha-beta T cell","CD4-positive, alpha-beta T cell",innate lymphoid cell,"CD8-positive, alpha-beta T cell",innate lymphoid cell,innate lymphoid cell,innate lymphoid cell,3,innate lymphoid cell,3,lymphocyte
TTGACACTGATAAG-1,B cell,B cell,B cell,B cell,B cell,B cell,B cell,6,B cell,6,B cell
TTGAGGACAGAACA-1,monocyte,monocyte,plasmacytoid dendritic cell,myeloid dendritic cell,monocyte,monocyte,monocyte,4,monocyte,4,monocyte
TTGAGGACTACGCA-1,monocyte,myeloid dendritic cell,"CD8-positive, alpha-beta T cell",myeloid dendritic cell,myeloid dendritic cell,myeloid dendritic cell,myeloid dendritic cell,4,myeloid dendritic cell,4,conventional dendritic cell
TTGAGGTGGACGGA-1,"CD4-positive, alpha-beta T cell","CD4-positive, alpha-beta T cell",innate lymphoid cell,"CD4-positive, alpha-beta thymocyte",innate lymphoid cell,innate lymphoid cell,innate lymphoid cell,3,innate lymphoid cell,3,lymphocyte
TTGCATTGAGCTAC-1,"CD8-positive, alpha-beta T cell","CD8-positive, alpha-beta thymocyte","CD8-positive, alpha-beta thymocyte","naive thymus-derived CD8-positive, alpha-beta T cell","CD8-positive, alpha-beta T cell","CD8-positive, alpha-beta thymocyte","CD8-positive, alpha-beta thymocyte",3,"CD8-positive, alpha-beta thymocyte",3,alpha-beta T cell
TTGCATTGCTAAGC-1,monocyte,monocyte,monocyte,monocyte,myeloid dendritic cell,monocyte,monocyte,5,monocyte,5,monocyte
TTGCATTGTGACTG-1,"CD4-positive, alpha-beta T cell","CD4-positive, alpha-beta T cell",natural killer cell,thymocyte,innate lymphoid cell,"CD4-positive, alpha-beta T cell","CD4-positive, alpha-beta T cell",3,"CD4-positive, alpha-beta T cell",3,T cell
TTGCTAACACCAAC-1,"CD8-positive, alpha-beta T cell","CD8-positive, alpha-beta T cell","CD8-positive, alpha-beta thymocyte","CD8-positive, alpha-beta T cell","CD8-positive, alpha-beta T cell","CD8-positive, alpha-beta thymocyte","CD8-positive, alpha-beta T cell",4,"CD8-positive, alpha-beta T cell",4,"CD8-positive, alpha-beta T cell"
TTGCTAACACGCTA-1,monocyte,myeloid dendritic cell,non-classical monocyte,non-classical monocyte,non-classical monocyte,non-classical monocyte,non-classical monocyte,4,non-classical monocyte,4,non-classical monocyte
TTGCTAACCACTCC-1,"CD4-positive, alpha-beta T cell","CD4-positive, alpha-beta T cell",innate lymphoid cell,innate lymphoid cell,innate lymphoid cell,leukocyte,innate lymphoid cell,3,innate lymphoid cell,3,lymphocyte
TTGCTATGGTACGT-1,macrophage,myeloid dendritic cell,basophil,myeloid dendritic cell,myeloid dendritic cell,monocyte,myeloid dendritic cell,3,myeloid dendritic cell,3,professional antigen presenting cell
TTGCTATGGTAGGG-1,non-classical monocyte,non-classical monocyte,non-classical monocyte,non-classical monocyte,non-classical monocyte,non-classical monocyte,non-classical monocyte,6,non-classical monocyte,6,non-classical monocyte
TTGGAGACCAATCG-1,"CD4-positive, alpha-beta T cell","CD4-positive, alpha-beta T cell",monocyte,"CD4-positive, alpha-beta T cell","naive thymus-derived CD4-positive, alpha-beta T cell","CD4-positive, alpha-beta T cell","CD4-positive, alpha-beta T cell",5,"CD4-positive, alpha-beta T cell",4,"CD4-positive, alpha-beta T cell"
TTGGAGACGCTATG-1,monocyte,monocyte,erythrocyte,monocyte,myeloid dendritic cell,classical monocyte,monocyte,3,monocyte,3,monocyte
TTGGAGACTATGGC-1,B cell,B cell,B cell,B cell,B cell,B cell,B cell,6,B cell,6,B cell
TTGGGAACTGAACC-1,"CD4-positive, alpha-beta T cell","CD4-positive, alpha-beta T cell","CD8-positive, alpha-beta thymocyte","CD8-positive, alpha-beta thymocyte",innate lymphoid cell,"CD8-positive, alpha-beta thymocyte","CD8-positive, alpha-beta thymocyte",3,"CD8-positive, alpha-beta thymocyte",3,alpha-beta T cell
TTGGTACTACTGGT-1,monocyte,myeloid dendritic cell,monocyte,classical monocyte,non-classical monocyte,monocyte,monocyte,4,monocyte,3,monocyte
TTGGTACTCTTAGG-1,"CD4-positive, alpha-beta T cell","CD4-positive, alpha-beta T cell","naive thymus-derived CD4-positive, alpha-beta T cell",thymocyte,innate lymphoid cell,"naive thymus-derived CD4-positive, alpha-beta T cell","CD4-positive, alpha-beta T cell",2,"CD4-positive, alpha-beta T cell",2,"CD4-positive, alpha-beta T cell"
TTGGTACTGAATCC-1,B cell,B cell,B cell,B cell,B cell,B cell,B cell,6,B cell,6,B cell
TTGGTACTGGATTC-1,B cell,B cell,B cell,B cell,B cell,B cell,B cell,6,B cell,6,B cell
TTGTACACGTTGTG-1,B cell,B cell,B cell,B cell,B cell,B cell,B cell,6,B cell,6,B cell
TTGTACACTTGCAG-1,"CD4-positive, alpha-beta T cell","CD8-positive, alpha-beta thymocyte","CD8-positive, alpha-beta thymocyte","CD8-positive, alpha-beta thymocyte","naive thymus-derived CD4-positive, alpha-beta T cell","naive thymus-derived CD4-positive, alpha-beta T cell","CD8-positive, alpha-beta thymocyte",3,"CD8-positive, alpha-beta thymocyte",3,alpha-beta T cell
TTGTAGCTAGCTCA-1,"CD4-positive, alpha-beta T cell","CD4-positive, alpha-beta T cell","CD8-positive, alpha-beta thymocyte","CD4-positive, alpha-beta T cell","naive thymus-derived CD4-positive, alpha-beta T cell","CD4-positive, alpha-beta T cell","CD4-positive, alpha-beta T cell",5,"CD4-positive, alpha-beta T cell",4,"CD4-positive, alpha-beta T cell"
TTGTAGCTCTCTTA-1,B cell,B cell,B cell,B cell,B cell,B cell,B cell,6,B cell,6,B cell
TTGTCATGGACGGA-1,natural killer cell,natural killer cell,"CD8-positive, alpha-beta T cell",natural killer cell,natural killer cell,natural killer cell,natural killer cell,5,natural killer cell,5,natural killer cell
TTTAGAGATCCTCG-1,B cell,B cell,B cell,B cell,B cell,B cell,B cell,6,B cell,6,B cell
TTTAGCTGATACCG-1,"CD4-positive, alpha-beta T cell","naive thymus-derived CD8-positive, alpha-beta T cell",innate lymphoid cell,"naive thymus-derived CD4-positive, alpha-beta T cell",innate lymphoid cell,innate lymphoid cell,innate lymphoid cell,3,innate lymphoid cell,3,lymphocyte
TTTAGCTGGATACC-1,classical monocyte,non-classical monocyte,monocyte,granulocyte,monocyte,monocyte,monocyte,3,monocyte,3,monocyte
TTTAGCTGTACTCT-1,macrophage,myeloid dendritic cell,monocyte,myeloid dendritic cell,myeloid dendritic cell,monocyte,myeloid dendritic cell,3,myeloid dendritic cell,3,professional antigen presenting cell
TTTAGGCTCCTTTA-1,monocyte,monocyte,erythrocyte,neutrophil,myeloid dendritic cell,classical monocyte,monocyte,2,monocyte,2,myeloid leukocyte
TTTATCCTGTTGTG-1,macrophage,myeloid dendritic cell,non-classical monocyte,non-classical monocyte,non-classical monocyte,classical monocyte,non-classical monocyte,3,non-classical monocyte,3,myeloid leukocyte
TTTCACGAGGTTCA-1,"CD4-positive, alpha-beta T cell","CD4-positive, alpha-beta thymocyte",stromal cell,"CD4-positive, alpha-beta T cell",innate lymphoid cell,innate lymphoid cell,"CD4-positive, alpha-beta T cell",2,"CD4-positive, alpha-beta T cell",2,lymphocyte
TTTCAGTGGAAGGC-1,"CD8-positive, alpha-beta T cell","CD8-positive, alpha-beta T cell","CD8-positive, alpha-beta thymocyte",natural killer cell,"CD8-positive, alpha-beta T cell","CD8-positive, alpha-beta thymocyte","CD8-positive, alpha-beta T cell",3,"CD8-positive, alpha-beta T cell",3,alpha-beta T cell
TTTCAGTGTCACGA-1,B cell,B cell,B cell,B cell,B cell,B cell,B cell,6,B cell,6,B cell
TTTCAGTGTCTATC-1,macrophage,monocyte,monocyte,monocyte,monocyte,monocyte,monocyte,5,monocyte,5,monocyte
TTTCAGTGTGCAGT-1,B cell,B cell,B cell,B cell,B cell,B cell,B cell,6,B cell,6,B cell
TTTCCAGAGGTGAG-1,"CD4-positive, alpha-beta T cell","CD4-positive, alpha-beta T cell","CD8-positive, alpha-beta T cell","naive thymus-derived CD4-positive, alpha-beta T cell","CD8-positive, alpha-beta T cell","CD8-positive, alpha-beta T cell","CD8-positive, alpha-beta T cell",3,"CD8-positive, alpha-beta T cell",3,mature alpha-beta T cell
TTTCGAACACCTGA-1,monocyte,myeloid dendritic cell,plasmacytoid dendritic cell,plasmacytoid dendritic cell,myeloid dendritic cell,plasmacytoid dendritic cell,plasmacytoid dendritic cell,3,plasmacytoid dendritic cell,3,dendritic cell
TTTCGAACTCTCAT-1,classical monocyte,myeloid dendritic cell,monocyte,myeloid dendritic cell,myeloid dendritic cell,monocyte,myeloid dendritic cell,3,myeloid dendritic cell,3,myeloid leukocyte
TTTCTACTGAGGCA-1,plasma cell,plasma cell,plasma cell,B cell,myeloid dendritic cell,plasma cell,plasma cell,4,plasma cell,4,plasma cell
TTTCTACTTCCTCG-1,B cell,B cell,B cell,B cell,B cell,B cell,B cell,6,B cell,6,B cell
TTTGCATGAGAGGC-1,B cell,B cell,B cell,B cell,B cell,B cell,B cell,6,B cell,6,B cell
TTTGCATGCCTCAC-1,"CD4-positive, alpha-beta T cell","CD4-positive, alpha-beta thymocyte",innate lymphoid cell,innate lymphoid cell,"naive thymus-derived CD4-positive, alpha-beta T cell",innate lymphoid cell,innate lymphoid cell,3,innate lymphoid cell,3,lymphocyte
