index,popv_knn_on_scvi_prediction,popv_scanvi_prediction,popv_svm_prediction,popv_xgboost_prediction,popv_onclass_prediction,popv_celltypist_prediction,popv_prediction,popv_prediction_score,popv_majority_vote_prediction,popv_majority_vote_score,popv_parent
AAACATACAACCAC-1,"CD4-positive, alpha-beta T cell","naive thymus-derived CD4-positive, alpha-beta T cell",mature NK T cell,"naive thymus-derived CD4-positive, alpha-beta T cell","CD4-positive, alpha-beta T cell","naive thymus-derived CD4-positive, alpha-beta T cell","naive thymus-derived CD4-positive, alpha-beta T cell",3,"naive thymus-derived CD4-positive, alpha-beta T cell",3,"CD4-positive, alpha-beta T cell"
AAACATTGAGCTAC-1,B cell,B cell,B cell,B cell,B cell,B cell,B cell,6,B cell,6,B cell
AAACATTGATCAGC-1,"CD4-positive, alpha-beta T cell","CD4-positive, alpha-beta T cell",regulatory T cell,"CD4-positive, alpha-beta T cell",regulatory T cell,"CD4-positive, alpha-beta T cell","CD4-positive, alpha-beta T cell",4,"CD4-positive, alpha-beta T cell",4,"CD4-positive, alpha-beta T cell"
AAACCGTGCTTCCG-1,intermediate monocyte,intermediate monocyte,non-classical monocyte,macrophage,monocyte,monocyte,intermediate monocyte,2,intermediate monocyte,2,monocyte
AAACCGTGTATGCG-1,natural killer cell,natural killer cell,plasma cell,natural killer cell,natural killer cell,natural killer cell,natural killer cell,5,natural killer cell,5,natural killer cell
AAACGCACTGGTAC-1,"CD4-positive, alpha-beta T cell","naive thymus-derived CD4-positive, alpha-beta T cell",plasma cell,"CD4-positive, alpha-beta T cell",B cell,plasma cell,"CD4-positive, alpha-beta T cell",2,"CD4-positive, alpha-beta T cell",2,lymphocyte
AAACGCTGACCAGT-1,"CD4-positive, alpha-beta T cell","naive thymus-derived CD4-positive, alpha-beta T cell",mature NK T cell,natural killer cell,natural killer cell,natural killer cell,natural killer cell,3,natural killer cell,3,lymphocyte
AAACGCTGGTTCTT-1,"CD4-positive, alpha-beta T cell","CD4-positive, alpha-beta T cell",mature NK T cell,"naive thymus-derived CD4-positive, alpha-beta T cell","naive thymus-derived CD4-positive, alpha-beta T cell",mature NK T cell,"CD4-positive, alpha-beta T cell",3,"CD4-positive, alpha-beta T cell",2,"CD4-positive, alpha-beta T cell"
AAACGCTGTAGCCA-1,B cell,B cell,B cell,B cell,B cell,B cell,B cell,6,B cell,6,B cell
AAACGCTGTTTCTG-1,intermediate monocyte,non-classical monocyte,non-classical monocyte,B cell,non-classical monocyte,monocyte,non-classical monocyte,3,non-classical monocyte,3,monocyte
AAACTTGAAAAACG-1,B cell,B cell,B cell,B cell,B cell,B cell,B cell,6,B cell,6,B cell
AAACTTGATCCAGA-1,"CD4-positive, alpha-beta T cell","naive thymus-derived CD4-positive, alpha-beta T cell","naive thymus-derived CD4-positive, alpha-beta T cell","naive thymus-derived CD4-positive, alpha-beta T cell","naive thymus-derived CD4-positive, alpha-beta T cell","naive thymus-derived CD4-positive, alpha-beta T cell","naive thymus-derived CD4-positive, alpha-beta T cell",5,"naive thymus-derived CD4-positive, alpha-beta T cell",5,"naive thymus-derived CD4-positive, alpha-beta T cell"
AAAGAGACGAGATA-1,"CD4-positive, alpha-beta T cell","naive thymus-derived CD4-positive, alpha-beta T cell","CD4-positive, alpha-beta T cell","naive thymus-derived CD4-positive, alpha-beta T cell","CD4-positive, alpha-beta T cell","CD4-positive, alpha-beta T cell","CD4-positive, alpha-beta T cell",4,"CD4-positive, alpha-beta T cell",4,"CD4-positive, alpha-beta T cell"
AAAGAGACGCGAGA-1,intermediate monocyte,intermediate monocyte,plasma cell,macrophage,monocyte,monocyte,intermediate monocyte,2,intermediate monocyte,2,monocyte
AAAGAGACGGACTT-1,"CD4-positive, alpha-beta T cell","naive thymus-derived CD4-positive, alpha-beta T cell",mature NK T cell,"naive thymus-derived CD4-positive, alpha-beta T cell",mature NK T cell,"CD4-positive, alpha-beta T cell","CD4-positive, alpha-beta T cell",2,"CD4-positive, alpha-beta T cell",2,"CD4-positive, alpha-beta T cell"
AAAGAGACGGCATT-1,"CD4-positive, alpha-beta T cell","naive thymus-derived CD4-positive, alpha-beta T cell",natural killer cell,"naive thymus-derived CD4-positive, alpha-beta T cell",B cell,plasma cell,"naive thymus-derived CD4-positive, alpha-beta T cell",2,"naive thymus-derived CD4-positive, alpha-beta T cell",2,lymphocyte
AAAGATCTGGGCAA-1,intermediate monocyte,intermediate monocyte,monocyte,monocyte,monocyte,monocyte,monocyte,4,monocyte,4,monocyte
AAAGCAGAAGCCAT-1,"CD4-positive, alpha-beta T cell","naive thymus-derived CD4-positive, alpha-beta T cell",plasma cell,mature NK T cell,natural killer cell,plasma cell,plasma cell,2,plasma cell,2,lymphocyte
AAAGCAGATATCGG-1,intermediate monocyte,intermediate monocyte,macrophage,macrophage,macrophage,monocyte,macrophage,3,macrophage,3,mononuclear phagocyte
AAAGCCTGTATGCG-1,"CD4-positive, alpha-beta T cell","naive thymus-derived CD4-positive, alpha-beta T cell",plasma cell,"naive thymus-derived CD4-positive, alpha-beta T cell","CD4-positive, alpha-beta T cell","naive thymus-derived CD4-positive, alpha-beta T cell","naive thymus-derived CD4-positive, alpha-beta T cell",3,"naive thymus-derived CD4-positive, alpha-beta T cell",3,"CD4-positive, alpha-beta T cell"
AAAGGCCTGTCTAG-1,B cell,B cell,intermediate monocyte,B cell,B cell,B cell,B cell,5,B cell,5,B cell
AAAGTTTGATCACG-1,B cell,B cell,B cell,B cell,B cell,B cell,B cell,6,B cell,6,B cell
AAAGTTTGGGGTGA-1,B cell,B cell,B cell,B cell,B cell,B cell,B cell,6,B cell,6,B cell
AAAGTTTGTAGAGA-1,"CD4-positive, alpha-beta T cell","naive thymus-derived CD4-positive, alpha-beta T cell",monocyte,"naive thymus-derived CD4-positive, alpha-beta T cell",plasma cell,plasma cell,"naive thymus-derived CD4-positive, alpha-beta T cell",2,"naive thymus-derived CD4-positive, alpha-beta T cell",2,lymphocyte
AAAGTTTGTAGCGT-1,intermediate monocyte,macrophage,monocyte,monocyte,monocyte,classical monocyte,monocyte,3,monocyte,3,monocyte
AAATCAACAATGCC-1,B cell,B cell,B cell,B cell,B cell,B cell,B cell,6,B cell,6,B cell
AAATCAACACCAGT-1,"CD4-positive, alpha-beta T cell","naive thymus-derived CD4-positive, alpha-beta T cell",B cell,"CD4-positive, alpha-beta T cell","naive thymus-derived CD4-positive, alpha-beta T cell","naive thymus-derived CD4-positive, alpha-beta T cell","CD4-positive, alpha-beta T cell",3,"naive thymus-derived CD4-positive, alpha-beta T cell",3,"CD4-positive, alpha-beta T cell"
AAATCAACCAGGAG-1,"CD4-positive, alpha-beta T cell","naive thymus-derived CD4-positive, alpha-beta T cell","naive thymus-derived CD4-positive, alpha-beta T cell","naive thymus-derived CD4-positive, alpha-beta T cell","naive thymus-derived CD4-positive, alpha-beta T cell","naive thymus-derived CD4-positive, alpha-beta T cell","naive thymus-derived CD4-positive, alpha-beta T cell",5,"naive thymus-derived CD4-positive, alpha-beta T cell",5,"naive thymus-derived CD4-positive, alpha-beta T cell"
AAATCAACCCTATT-1,intermediate monocyte,intermediate monocyte,non-classical monocyte,non-classical monocyte,non-classical monocyte,non-classical monocyte,non-classical monocyte,4,non-classical monocyte,4,non-classical monocyte
AAATCAACGGAAGC-1,"CD4-positive, alpha-beta T cell","naive thymus-derived CD4-positive, alpha-beta T cell",plasma cell,"CD4-positive, alpha-beta T cell","CD4-positive, alpha-beta T cell","CD4-positive, alpha-beta T cell","CD4-positive, alpha-beta T cell",4,"CD4-positive, alpha-beta T cell",4,"CD4-positive, alpha-beta T cell"
AAATCAACTCGCAA-1,"CD4-positive, alpha-beta T cell","naive thymus-derived CD4-positive, alpha-beta T cell","CD4-positive, alpha-beta T cell","CD4-positive, alpha-beta T cell","CD4-positive, alpha-beta T cell","CD4-positive, alpha-beta T cell","CD4-positive, alpha-beta T cell",5,"CD4-positive, alpha-beta T cell",5,"CD4-positive, alpha-beta T cell"
AAATCATGACCACA-1,intermediate monocyte,macrophage,non-classical monocyte,non-classical monocyte,non-classical monocyte,non-classical monocyte,non-classical monocyte,4,non-classical monocyte,4,non-classical monocyte
AAATCCCTCCACAA-1,B cell,"naive thymus-derived CD4-positive, alpha-beta T cell",hematopoietic precursor cell,"CD4-positive, alpha-beta T cell",macrophage,natural killer cell,"naive thymus-derived CD4-positive, alpha-beta T cell",1,B cell,1,lymphocyte
AAATCCCTGCTATG-1,B cell,B cell,B cell,B cell,B cell,B cell,B cell,6,B cell,6,B cell
AAATGTTGAACGAA-1,intermediate monocyte,intermediate monocyte,monocyte,monocyte,monocyte,monocyte,monocyte,4,monocyte,4,monocyte
AAATGTTGCCACAA-1,"CD4-positive, alpha-beta T cell","CD4-positive, alpha-beta T cell",mature NK T cell,mature NK T cell,mature NK T cell,mature NK T cell,mature NK T cell,4,mature NK T cell,4,mature NK T cell
AAATGTTGTGGCAT-1,monocyte,intermediate monocyte,monocyte,macrophage,macrophage,monocyte,monocyte,3,monocyte,3,monocyte
AAATTCGAAGGTTC-1,"CD4-positive, alpha-beta T cell","naive thymus-derived CD4-positive, alpha-beta T cell",hematopoietic precursor cell,"naive thymus-derived CD4-positive, alpha-beta T cell","CD4-positive, alpha-beta T cell","naive thymus-derived CD4-positive, alpha-beta T cell","naive thymus-derived CD4-positive, alpha-beta T cell",3,"naive thymus-derived CD4-positive, alpha-beta T cell",3,"CD4-positive, alpha-beta T cell"
AAATTCGAATCACG-1,classical monocyte,intermediate monocyte,monocyte,monocyte,monocyte,monocyte,monocyte,4,monocyte,4,monocyte
AAATTCGAGCTGAT-1,intermediate monocyte,intermediate monocyte,non-classical monocyte,non-classical monocyte,macrophage,non-classical monocyte,non-classical monocyte,3,non-classical monocyte,3,mononuclear phagocyte
AAATTCGAGGAGTG-1,"CD4-positive, alpha-beta T cell","naive thymus-derived CD4-positive, alpha-beta T cell",B cell,"naive thymus-derived CD4-positive, alpha-beta T cell","CD4-positive, alpha-beta T cell","CD4-positive, alpha-beta T cell","CD4-positive, alpha-beta T cell",3,"CD4-positive, alpha-beta T cell",3,"CD4-positive, alpha-beta T cell"
AAATTCGATTCTCA-1,"CD8-positive, alpha-beta T cell",mature NK T cell,natural killer cell,"CD8-positive, alpha-beta T cell",natural killer cell,mature NK T cell,"CD8-positive, alpha-beta T cell",2,"CD8-positive, alpha-beta T cell",2,mature alpha-beta T cell
AAATTGACACGACT-1,"naive thymus-derived CD4-positive, alpha-beta T cell","naive thymus-derived CD4-positive, alpha-beta T cell",plasma cell,"CD4-positive, alpha-beta T cell","naive thymus-derived CD4-positive, alpha-beta T cell",plasma cell,"naive thymus-derived CD4-positive, alpha-beta T cell",3,"naive thymus-derived CD4-positive, alpha-beta T cell",3,"CD4-positive, alpha-beta T cell"
AAATTGACTCGCTC-1,"CD4-positive, alpha-beta T cell","CD4-positive, alpha-beta T cell",plasma cell,"CD4-positive, alpha-beta T cell",natural killer cell,natural killer cell,"CD4-positive, alpha-beta T cell",3,"CD4-positive, alpha-beta T cell",3,lymphocyte
AACAAACTCATTTC-1,"CD4-positive, alpha-beta T cell","naive thymus-derived CD4-positive, alpha-beta T cell",plasma cell,"naive thymus-derived CD4-positive, alpha-beta T cell","naive thymus-derived CD4-positive, alpha-beta T cell","naive thymus-derived CD4-positive, alpha-beta T cell","naive thymus-derived CD4-positive, alpha-beta T cell",4,"naive thymus-derived CD4-positive, alpha-beta T cell",4,"naive thymus-derived CD4-positive, alpha-beta T cell"
AACAAACTTTCGTT-1,"CD4-positive, alpha-beta T cell","naive thymus-derived CD4-positive, alpha-beta T cell","naive thymus-derived CD4-positive, alpha-beta T cell","naive thymus-derived CD4-positive, alpha-beta T cell","naive thymus-derived CD4-positive, alpha-beta T cell","naive thymus-derived CD4-positive, alpha-beta T cell","naive thymus-derived CD4-positive, alpha-beta T cell",5,"naive thymus-derived CD4-positive, alpha-beta T cell",5,"naive thymus-derived CD4-positive, alpha-beta T cell"
AACAATACGACGAG-1,"CD4-positive, alpha-beta T cell","naive thymus-derived CD4-positive, alpha-beta T cell","naive thymus-derived CD4-positive, alpha-beta T cell","naive thymus-derived CD4-positive, alpha-beta T cell","naive thymus-derived CD4-positive, alpha-beta T cell",mature NK T cell,"naive thymus-derived CD4-positive, alpha-beta T cell",4,"naive thymus-derived CD4-positive, alpha-beta T cell",4,"naive thymus-derived CD4-positive, alpha-beta T cell"
AACACGTGCAGAGG-1,"CD4-positive, alpha-beta T cell","CD4-positive, alpha-beta T cell",B cell,mature NK T cell,"naive thymus-derived CD4-positive, alpha-beta T cell","CD4-positive, alpha-beta T cell","CD4-positive, alpha-beta T cell",4,"CD4-positive, alpha-beta T cell",3,"CD4-positive, alpha-beta T cell"
AACACGTGGAAAGT-1,"CD4-positive, alpha-beta T cell","naive thymus-derived CD4-positive, alpha-beta T cell","CD4-positive, alpha-beta T cell","naive thymus-derived CD4-positive, alpha-beta T cell","CD4-positive, alpha-beta T cell","CD4-positive, alpha-beta T cell","CD4-positive, alpha-beta T cell",4,"CD4-positive, alpha-beta T cell",4,"CD4-positive, alpha-beta T cell"
AACACGTGGAACCT-1,classical monocyte,classical monocyte,classical monocyte,monocyte,classical monocyte,classical monocyte,classical monocyte,5,classical monocyte,5,classical monocyte
AACACGTGGCTACA-1,"CD4-positive, alpha-beta T cell","naive thymus-derived CD4-positive, alpha-beta T cell","naive thymus-derived CD4-positive, alpha-beta T cell","naive thymus-derived CD4-positive, alpha-beta T cell","naive thymus-derived CD4-positive, alpha-beta T cell","naive thymus-derived CD4-positive, alpha-beta T cell","naive thymus-derived CD4-positive, alpha-beta T cell",5,"naive thymus-derived CD4-positive, alpha-beta T cell",5,"naive thymus-derived CD4-positive, alpha-beta T cell"
AACACGTGTACGAC-1,intermediate monocyte,macrophage,macrophage,non-classical monocyte,macrophage,monocyte,macrophage,3,macrophage,3,mononuclear phagocyte
AACAGCACAAGAGT-1,intermediate monocyte,macrophage,B cell,macrophage,macrophage,B cell,macrophage,3,macrophage,3,mononuclear phagocyte
AACATTGATGGGAG-1,intermediate monocyte,non-classical monocyte,non-classical monocyte,non-classical monocyte,non-classical monocyte,non-classical monocyte,non-classical monocyte,5,non-classical monocyte,5,non-classical monocyte
AACCAGTGATACCG-1,intermediate monocyte,macrophage,non-classical monocyte,non-classical monocyte,macrophage,non-classical monocyte,non-classical monocyte,3,non-classical monocyte,3,mononuclear phagocyte
AACCCAGATCGCTC-1,"CD4-positive, alpha-beta T cell","naive thymus-derived CD4-positive, alpha-beta T cell","naive thymus-derived CD4-positive, alpha-beta T cell","naive thymus-derived CD4-positive, alpha-beta T cell","naive thymus-derived CD4-positive, alpha-beta T cell","CD4-positive, alpha-beta T cell","naive thymus-derived CD4-positive, alpha-beta T cell",4,"naive thymus-derived CD4-positive, alpha-beta T cell",4,"naive thymus-derived CD4-positive, alpha-beta T cell"
AACCGATGCTCCCA-1,"CD4-positive, alpha-beta T cell","CD4-positive, alpha-beta T cell","naive thymus-derived CD4-positive, alpha-beta T cell","naive thymus-derived CD4-positive, alpha-beta T cell","naive thymus-derived CD4-positive, alpha-beta T cell","naive thymus-derived CD4-positive, alpha-beta T cell","naive thymus-derived CD4-positive, alpha-beta T cell",4,"naive thymus-derived CD4-positive, alpha-beta T cell",4,"naive thymus-derived CD4-positive, alpha-beta T cell"
AACCGATGGTCATG-1,B cell,B cell,B cell,B cell,B cell,B cell,B cell,6,B cell,6,B cell
AACCGATGTTCTAC-1,intermediate monocyte,intermediate monocyte,monocyte,macrophage,macrophage,macrophage,macrophage,3,macrophage,3,mononuclear phagocyte
AACCGCCTAGCGTT-1,"CD4-positive, alpha-beta T cell","naive thymus-derived CD4-positive, alpha-beta T cell",mature NK T cell,"naive thymus-derived CD4-positive, alpha-beta T cell","CD4-positive, alpha-beta T cell","naive thymus-derived CD4-positive, alpha-beta T cell","naive thymus-derived CD4-positive, alpha-beta T cell",3,"naive thymus-derived CD4-positive, alpha-beta T cell",3,"CD4-positive, alpha-beta T cell"
AACCGCCTCTACGA-1,intermediate monocyte,macrophage,monocyte,B cell,macrophage,monocyte,macrophage,2,macrophage,2,mononuclear phagocyte
AACCTACTGTGAGG-1,intermediate monocyte,intermediate monocyte,non-classical monocyte,intermediate monocyte,monocyte,monocyte,intermediate monocyte,3,intermediate monocyte,3,monocyte
AACCTACTGTGTTG-1,"CD4-positive, alpha-beta T cell","CD4-positive, alpha-beta T cell","naive thymus-derived CD4-positive, alpha-beta T cell","naive thymus-derived CD4-positive, alpha-beta T cell","naive thymus-derived CD4-positive, alpha-beta T cell","naive thymus-derived CD4-positive, alpha-beta T cell","naive thymus-derived CD4-positive, alpha-beta T cell",4,"naive thymus-derived CD4-positive, alpha-beta T cell",4,"naive thymus-derived CD4-positive, alpha-beta T cell"
AACCTTACGAGACG-1,"CD4-positive, alpha-beta T cell","naive thymus-derived CD4-positive, alpha-beta T cell",hematopoietic precursor cell,"naive thymus-derived CD4-positive, alpha-beta T cell","naive thymus-derived CD4-positive, alpha-beta T cell","naive thymus-derived CD4-positive, alpha-beta T cell","naive thymus-derived CD4-positive, alpha-beta T cell",4,"naive thymus-derived CD4-positive, alpha-beta T cell",4,"naive thymus-derived CD4-positive, alpha-beta T cell"
AACCTTACGCGAGA-1,natural killer cell,natural killer cell,natural killer cell,natural killer cell,natural killer cell,natural killer cell,natural killer cell,6,natural killer cell,6,natural killer cell
AACCTTACTAACGC-1,classical monocyte,intermediate monocyte,macrophage,macrophage,macrophage,plasma cell,macrophage,3,macrophage,3,mononuclear phagocyte
AACCTTTGGACGGA-1,"CD4-positive, alpha-beta T cell","naive thymus-derived CD4-positive, alpha-beta T cell","naive thymus-derived CD4-positive, alpha-beta T cell","naive thymus-derived CD4-positive, alpha-beta T cell","naive thymus-derived CD4-positive, alpha-beta T cell","CD4-positive, alpha-beta T cell","naive thymus-derived CD4-positive, alpha-beta T cell",4,"naive thymus-derived CD4-positive, alpha-beta T cell",4,"naive thymus-derived CD4-positive, alpha-beta T cell"
AACCTTTGTACGCA-1,intermediate monocyte,intermediate monocyte,non-classical monocyte,non-classical monocyte,non-classical monocyte,monocyte,non-classical monocyte,3,non-classical monocyte,3,monocyte
AACGCAACAAGTAG-1,"CD4-positive, alpha-beta T cell","naive thymus-derived CD4-positive, alpha-beta T cell",B cell,"CD4-positive, alpha-beta T cell","CD4-positive, alpha-beta T cell","CD4-positive, alpha-beta T cell","CD4-positive, alpha-beta T cell",4,"CD4-positive, alpha-beta T cell",4,"CD4-positive, alpha-beta T cell"
AACGCATGACCCAA-1,"CD4-positive, alpha-beta T cell","CD4-positive, alpha-beta T cell","naive thymus-derived CD4-positive, alpha-beta T cell","naive thymus-derived CD4-positive, alpha-beta T cell","naive thymus-derived CD4-positive, alpha-beta T cell","CD4-positive, alpha-beta T cell","CD4-positive, alpha-beta T cell",4,"CD4-positive, alpha-beta T cell",3,"CD4-positive, alpha-beta T cell"
AACGCATGCCTTCG-1,"CD4-positive, alpha-beta T cell","CD4-positive, alpha-beta T cell","naive thymus-derived CD4-positive, alpha-beta T cell","naive thymus-derived CD4-positive, alpha-beta T cell","naive thymus-derived CD4-positive, alpha-beta T cell","naive thymus-derived CD4-positive, alpha-beta T cell","naive thymus-derived CD4-positive, alpha-beta T cell",4,"naive thymus-derived CD4-positive, alpha-beta T cell",4,"naive thymus-derived CD4-positive, alpha-beta T cell"
AACGCATGTACTTC-1,"CD4-positive, alpha-beta T cell","naive thymus-derived CD4-positive, alpha-beta T cell","CD4-positive, alpha-beta T cell","naive thymus-derived CD4-positive, alpha-beta T cell","CD4-positive, alpha-beta T cell","CD4-positive, alpha-beta T cell","CD4-positive, alpha-beta T cell",4,"CD4-positive, alpha-beta T cell",4,"CD4-positive, alpha-beta T cell"
AACGCCCTCGGGAA-1,"CD4-positive, alpha-beta T cell","naive thymus-derived CD4-positive, alpha-beta T cell","naive thymus-derived CD4-positive, alpha-beta T cell","CD4-positive, alpha-beta T cell","naive thymus-derived CD4-positive, alpha-beta T cell","naive thymus-derived CD4-positive, alpha-beta T cell","naive thymus-derived CD4-positive, alpha-beta T cell",4,"naive thymus-derived CD4-positive, alpha-beta T cell",4,"naive thymus-derived CD4-positive, alpha-beta T cell"
AACGCCCTCGTACA-1,natural killer cell,natural killer cell,natural killer cell,natural killer cell,natural killer cell,natural killer cell,natural killer cell,6,natural killer cell,6,natural killer cell
AACGCCCTGCTTAG-1,B cell,B cell,B cell,B cell,B cell,B cell,B cell,6,B cell,6,B cell
AACGCCCTGGCATT-1,"CD4-positive, alpha-beta T cell","naive thymus-derived CD4-positive, alpha-beta T cell","naive thymus-derived CD4-positive, alpha-beta T cell","naive thymus-derived CD4-positive, alpha-beta T cell","naive thymus-derived CD4-positive, alpha-beta T cell","naive thymus-derived CD4-positive, alpha-beta T cell","naive thymus-derived CD4-positive, alpha-beta T cell",5,"naive thymus-derived CD4-positive, alpha-beta T cell",5,"naive thymus-derived CD4-positive, alpha-beta T cell"
AACGTCGAGTATCG-1,natural killer cell,natural killer cell,natural killer cell,natural killer cell,natural killer cell,natural killer cell,natural killer cell,6,natural killer cell,6,natural killer cell
AACGTGTGAAAGCA-1,"CD4-positive, alpha-beta T cell","naive thymus-derived CD4-positive, alpha-beta T cell","naive thymus-derived CD4-positive, alpha-beta T cell","CD4-positive, alpha-beta T cell","naive thymus-derived CD4-positive, alpha-beta T cell","naive thymus-derived CD4-positive, alpha-beta T cell","naive thymus-derived CD4-positive, alpha-beta T cell",4,"naive thymus-derived CD4-positive, alpha-beta T cell",4,"naive thymus-derived CD4-positive, alpha-beta T cell"
AACGTGTGGCGGAA-1,B cell,B cell,B cell,B cell,B cell,B cell,B cell,6,B cell,6,B cell
AACGTGTGTCCAAG-1,"naive thymus-derived CD4-positive, alpha-beta T cell","CD4-positive, alpha-beta T cell",plasma cell,mature NK T cell,"CD4-positive, alpha-beta T cell",plasma cell,"CD4-positive, alpha-beta T cell",2,"CD4-positive, alpha-beta T cell",2,mature alpha-beta T cell
AACGTGTGTGCTTT-1,"CD4-positive, alpha-beta T cell","CD4-positive, alpha-beta T cell","CD4-positive, alpha-beta T cell","naive thymus-derived CD4-positive, alpha-beta T cell","CD4-positive, alpha-beta T cell","CD4-positive, alpha-beta T cell","CD4-positive, alpha-beta T cell",5,"CD4-positive, alpha-beta T cell",5,"CD4-positive, alpha-beta T cell"
AACTACCTTAGAGA-1,"CD4-positive, alpha-beta T cell","naive thymus-derived CD4-positive, alpha-beta T cell","naive thymus-derived CD4-positive, alpha-beta T cell",hematopoietic precursor cell,"naive thymus-derived CD4-positive, alpha-beta T cell","naive thymus-derived CD4-positive, alpha-beta T cell","naive thymus-derived CD4-positive, alpha-beta T cell",4,"naive thymus-derived CD4-positive, alpha-beta T cell",4,"naive thymus-derived CD4-positive, alpha-beta T cell"
AACTCACTCAAGCT-1,intermediate monocyte,intermediate monocyte,intermediate monocyte,monocyte,macrophage,monocyte,intermediate monocyte,3,intermediate monocyte,3,monocyte
AACTCACTTGGAGG-1,intermediate monocyte,intermediate monocyte,plasma cell,monocyte,macrophage,monocyte,intermediate monocyte,2,intermediate monocyte,2,monocyte
AACTCGGAAAGTGA-1,"CD4-positive, alpha-beta T cell","naive thymus-derived CD4-positive, alpha-beta T cell",plasma cell,"naive thymus-derived CD4-positive, alpha-beta T cell",mature NK T cell,plasma cell,"naive thymus-derived CD4-positive, alpha-beta T cell",2,"naive thymus-derived CD4-positive, alpha-beta T cell",2,mature alpha-beta T cell
AACTCGGAAGGTCT-1,intermediate monocyte,macrophage,B cell,monocyte,macrophage,monocyte,macrophage,2,macrophage,2,mononuclear phagocyte
AACTCTTGCAGGAG-1,"CD4-positive, alpha-beta T cell","CD4-positive, alpha-beta T cell",mature NK T cell,"naive thymus-derived CD4-positive, alpha-beta T cell","CD4-positive, alpha-beta T cell","CD4-positive, alpha-beta T cell","CD4-positive, alpha-beta T cell",4,"CD4-positive, alpha-beta T cell",4,"CD4-positive, alpha-beta T cell"
AACTGTCTCCCTTG-1,intermediate monocyte,macrophage,macrophage,B cell,macrophage,monocyte,macrophage,3,macrophage,3,mononuclear phagocyte
AACTTGCTACGCTA-1,B cell,non-classical monocyte,B cell,B cell,B cell,B cell,B cell,5,B cell,5,B cell
AACTTGCTGGGACA-1,"CD4-positive, alpha-beta T cell","naive thymus-derived CD4-positive, alpha-beta T cell",monocyte,"naive thymus-derived CD4-positive, alpha-beta T cell",mature NK T cell,"naive thymus-derived CD4-positive, alpha-beta T cell","naive thymus-derived CD4-positive, alpha-beta T cell",3,"naive thymus-derived CD4-positive, alpha-beta T cell",3,"CD4-positive, alpha-beta T cell"
AAGAACGAGTGTTG-1,classical monocyte,intermediate monocyte,plasma cell,B cell,macrophage,plasma cell,plasma cell,2,plasma cell,2,mononuclear cell
AAGAAGACGTAGGG-1,B cell,B cell,B cell,B cell,B cell,B cell,B cell,6,B cell,6,B cell
AAGACAGAAGTCTG-1,B cell,B cell,B cell,B cell,B cell,B cell,B cell,6,B cell,6,B cell
AAGACAGAGGATCT-1,"CD4-positive, alpha-beta T cell","naive thymus-derived CD4-positive, alpha-beta T cell",B cell,B cell,B cell,"naive thymus-derived CD4-positive, alpha-beta T cell",B cell,3,B cell,3,lymphocyte
AAGACAGATTACCT-1,classical monocyte,intermediate monocyte,monocyte,monocyte,macrophage,monocyte,monocyte,3,monocyte,3,monocyte
AAGAGATGGGTAGG-1,B cell,B cell,B cell,B cell,B cell,B cell,B cell,6,B cell,6,B cell
AAGATGGAAAACAG-1,B cell,B cell,B cell,B cell,B cell,B cell,B cell,6,B cell,6,B cell
AAGATGGAGAACTC-1,intermediate monocyte,intermediate monocyte,non-classical monocyte,macrophage,macrophage,macrophage,macrophage,3,macrophage,3,mononuclear phagocyte
AAGATGGAGATAAG-1,intermediate monocyte,macrophage,intermediate monocyte,macrophage,macrophage,monocyte,macrophage,3,macrophage,3,mononuclear phagocyte
AAGATTACAACCTG-1,"CD4-positive, alpha-beta T cell","naive thymus-derived CD4-positive, alpha-beta T cell","naive thymus-derived CD4-positive, alpha-beta T cell","naive thymus-derived CD4-positive, alpha-beta T cell","CD4-positive, alpha-beta T cell","naive thymus-derived CD4-positive, alpha-beta T cell","naive thymus-derived CD4-positive, alpha-beta T cell",4,"naive thymus-derived CD4-positive, alpha-beta T cell",4,"naive thymus-derived CD4-positive, alpha-beta T cell"
AAGATTACAGATCC-1,intermediate monocyte,macrophage,intermediate monocyte,monocyte,macrophage,monocyte,intermediate monocyte,2,intermediate monocyte,2,monocyte
AAGATTACCCGTTC-1,intermediate monocyte,intermediate monocyte,B cell,macrophage,macrophage,monocyte,intermediate monocyte,2,intermediate monocyte,2,mononuclear phagocyte
AAGATTACCGCCTT-1,intermediate monocyte,macrophage,intermediate monocyte,monocyte,macrophage,B cell,intermediate monocyte,2,intermediate monocyte,2,mononuclear phagocyte
AAGATTACCTCAAG-1,natural killer cell,natural killer cell,mature NK T cell,natural killer cell,natural killer cell,"CD8-positive, alpha-beta T cell",natural killer cell,4,natural killer cell,4,natural killer cell
AAGATTACTCCTCG-1,intermediate monocyte,macrophage,plasma cell,monocyte,macrophage,plasma cell,plasma cell,2,macrophage,2,mononuclear phagocyte
AAGCAAGAGCGAGA-1,"CD4-positive, alpha-beta T cell","naive thymus-derived CD4-positive, alpha-beta T cell",monocyte,"naive thymus-derived CD4-positive, alpha-beta T cell","CD4-positive, alpha-beta T cell",monocyte,"CD4-positive, alpha-beta T cell",2,"CD4-positive, alpha-beta T cell",2,"CD4-positive, alpha-beta T cell"
AAGCAAGAGCTTAG-1,"CD8-positive, alpha-beta T cell","CD8-positive, alpha-beta T cell","CD8-positive, alpha-beta T cell","CD8-positive, alpha-beta T cell","CD8-positive, alpha-beta T cell","CD8-positive, alpha-beta T cell","CD8-positive, alpha-beta T cell",6,"CD8-positive, alpha-beta T cell",6,"CD8-positive, alpha-beta T cell"
AAGCAAGAGGTGTT-1,"CD8-positive, alpha-beta T cell","CD8-positive, alpha-beta T cell",natural killer cell,natural killer cell,natural killer cell,natural killer cell,natural killer cell,4,natural killer cell,4,natural killer cell
AAGCACTGAGCAAA-1,B cell,B cell,B cell,B cell,B cell,B cell,B cell,6,B cell,6,B cell
AAGCACTGCATACG-1,"CD4-positive, alpha-beta T cell","CD4-positive, alpha-beta T cell","CD8-positive, alpha-beta T cell","CD8-positive, alpha-beta T cell","CD8-positive, alpha-beta T cell","CD4-positive, alpha-beta T cell","CD4-positive, alpha-beta T cell",3,"CD4-positive, alpha-beta T cell",3,mature alpha-beta T cell
AAGCACTGGTTCTT-1,B cell,B cell,B cell,B cell,B cell,B cell,B cell,6,B cell,6,B cell
AAGCCAACGTGTTG-1,"CD4-positive, alpha-beta T cell","naive thymus-derived CD4-positive, alpha-beta T cell",B cell,"CD4-positive, alpha-beta T cell","CD4-positive, alpha-beta T cell","naive thymus-derived CD4-positive, alpha-beta T cell","CD4-positive, alpha-beta T cell",3,"CD4-positive, alpha-beta T cell",3,"CD4-positive, alpha-beta T cell"
AAGCCATGAACTGC-1,B cell,non-classical monocyte,non-classical monocyte,B cell,B cell,non-classical monocyte,B cell,3,B cell,3,mononuclear cell
AAGCCATGACACGT-1,classical monocyte,macrophage,monocyte,monocyte,monocyte,monocyte,monocyte,4,monocyte,4,monocyte
AAGCCATGCGTGAT-1,"CD4-positive, alpha-beta T cell","naive thymus-derived CD4-positive, alpha-beta T cell","naive thymus-derived CD4-positive, alpha-beta T cell","naive thymus-derived CD4-positive, alpha-beta T cell","naive thymus-derived CD4-positive, alpha-beta T cell","naive thymus-derived CD4-positive, alpha-beta T cell","naive thymus-derived CD4-positive, alpha-beta T cell",5,"naive thymus-derived CD4-positive, alpha-beta T cell",5,"naive thymus-derived CD4-positive, alpha-beta T cell"
AAGCCATGTCTCGC-1,"CD4-positive, alpha-beta T cell","naive thymus-derived CD4-positive, alpha-beta T cell",macrophage,B cell,B cell,"CD4-positive, alpha-beta T cell","CD4-positive, alpha-beta T cell",2,B cell,2,lymphocyte
AAGCCTGACATGCA-1,"CD4-positive, alpha-beta T cell","naive thymus-derived CD4-positive, alpha-beta T cell",B cell,mature NK T cell,"CD4-positive, alpha-beta T cell","CD4-positive, alpha-beta T cell","CD4-positive, alpha-beta T cell",3,"CD4-positive, alpha-beta T cell",3,"CD4-positive, alpha-beta T cell"
AAGCCTGACCGAAT-1,intermediate monocyte,macrophage,monocyte,monocyte,monocyte,monocyte,monocyte,4,monocyte,4,monocyte
AAGCGACTCCTCAC-1,intermediate monocyte,non-classical monocyte,B cell,macrophage,macrophage,macrophage,macrophage,3,macrophage,3,mononuclear phagocyte
AAGCGACTGTGTCA-1,"CD4-positive, alpha-beta T cell","naive thymus-derived CD4-positive, alpha-beta T cell",B cell,"naive thymus-derived CD4-positive, alpha-beta T cell","CD4-positive, alpha-beta T cell","CD4-positive, alpha-beta T cell","CD4-positive, alpha-beta T cell",3,"CD4-positive, alpha-beta T cell",3,"CD4-positive, alpha-beta T cell"
AAGCGACTTACAGC-1,B cell,B cell,B cell,B cell,B cell,B cell,B cell,6,B cell,6,B cell
AAGCGACTTTGACG-1,intermediate monocyte,macrophage,non-classical monocyte,non-classical monocyte,non-classical monocyte,non-classical monocyte,non-classical monocyte,4,non-classical monocyte,4,non-classical monocyte
AAGCGTACGTCTTT-1,"CD4-positive, alpha-beta T cell","naive thymus-derived CD4-positive, alpha-beta T cell","naive thymus-derived CD4-positive, alpha-beta T cell","naive thymus-derived CD4-positive, alpha-beta T cell","naive thymus-derived CD4-positive, alpha-beta T cell","naive thymus-derived CD4-positive, alpha-beta T cell","naive thymus-derived CD4-positive, alpha-beta T cell",5,"naive thymus-derived CD4-positive, alpha-beta T cell",5,"naive thymus-derived CD4-positive, alpha-beta T cell"
AAGGCTTGCGAACT-1,"CD8-positive, alpha-beta T cell","CD8-positive, alpha-beta T cell","CD8-positive, alpha-beta T cell","CD8-positive, alpha-beta T cell","CD8-positive, alpha-beta T cell","CD8-positive, alpha-beta T cell","CD8-positive, alpha-beta T cell",6,"CD8-positive, alpha-beta T cell",6,"CD8-positive, alpha-beta T cell"
AAGGTCACGGTTAC-1,intermediate monocyte,macrophage,monocyte,B cell,monocyte,monocyte,monocyte,3,monocyte,3,monocyte
AAGGTCACTGTTTC-1,B cell,B cell,B cell,B cell,B cell,B cell,B cell,6,B cell,6,B cell
AAGGTCACTTCCCG-1,"CD4-positive, alpha-beta T cell","CD4-positive, alpha-beta T cell","CD8-positive, alpha-beta T cell",mature NK T cell,mature NK T cell,"CD8-positive, alpha-beta T cell","CD4-positive, alpha-beta T cell",2,"CD4-positive, alpha-beta T cell",2,mature alpha-beta T cell
AAGGTCTGACAGTC-1,"CD4-positive, alpha-beta T cell","CD4-positive, alpha-beta T cell","naive thymus-derived CD4-positive, alpha-beta T cell","naive thymus-derived CD4-positive, alpha-beta T cell","naive thymus-derived CD4-positive, alpha-beta T cell","naive thymus-derived CD4-positive, alpha-beta T cell","naive thymus-derived CD4-positive, alpha-beta T cell",4,"naive thymus-derived CD4-positive, alpha-beta T cell",4,"naive thymus-derived CD4-positive, alpha-beta T cell"
AAGGTCTGCAGATC-1,"CD4-positive, alpha-beta T cell","naive thymus-derived CD4-positive, alpha-beta T cell","naive thymus-derived CD4-positive, alpha-beta T cell","CD4-positive, alpha-beta T cell","naive thymus-derived CD4-positive, alpha-beta T cell","naive thymus-derived CD4-positive, alpha-beta T cell","naive thymus-derived CD4-positive, alpha-beta T cell",4,"naive thymus-derived CD4-positive, alpha-beta T cell",4,"naive thymus-derived CD4-positive, alpha-beta T cell"
AAGGTCTGGTATGC-1,classical monocyte,macrophage,plasma cell,monocyte,macrophage,macrophage,macrophage,3,macrophage,3,mononuclear phagocyte
AAGTAACTCTGAAC-1,intermediate monocyte,intermediate monocyte,monocyte,macrophage,macrophage,monocyte,intermediate monocyte,2,intermediate monocyte,2,monocyte
AAGTAACTGAGATA-1,B cell,B cell,B cell,B cell,B cell,B cell,B cell,6,B cell,6,B cell
AAGTAGGATACAGC-1,natural killer cell,natural killer cell,natural killer cell,natural killer cell,natural killer cell,natural killer cell,natural killer cell,6,natural killer cell,6,natural killer cell
AAGTATACCGAACT-1,"CD4-positive, alpha-beta T cell","CD4-positive, alpha-beta T cell","naive thymus-derived CD4-positive, alpha-beta T cell","naive thymus-derived CD4-positive, alpha-beta T cell","naive thymus-derived CD4-positive, alpha-beta T cell","naive thymus-derived CD4-positive, alpha-beta T cell","naive thymus-derived CD4-positive, alpha-beta T cell",4,"naive thymus-derived CD4-positive, alpha-beta T cell",4,"naive thymus-derived CD4-positive, alpha-beta T cell"
AAGTCCGACTTGTT-1,"CD4-positive, alpha-beta T cell","naive thymus-derived CD4-positive, alpha-beta T cell","naive thymus-derived CD4-positive, alpha-beta T cell","naive thymus-derived CD4-positive, alpha-beta T cell","naive thymus-derived CD4-positive, alpha-beta T cell","naive thymus-derived CD4-positive, alpha-beta T cell","naive thymus-derived CD4-positive, alpha-beta T cell",5,"naive thymus-derived CD4-positive, alpha-beta T cell",5,"naive thymus-derived CD4-positive, alpha-beta T cell"
AAGTCCGATAGAAG-1,"naive thymus-derived CD4-positive, alpha-beta T cell","CD4-positive, alpha-beta T cell",B cell,"naive thymus-derived CD4-positive, alpha-beta T cell","CD4-positive, alpha-beta T cell","CD4-positive, alpha-beta T cell","CD4-positive, alpha-beta T cell",3,"CD4-positive, alpha-beta T cell",3,"CD4-positive, alpha-beta T cell"
AAGTCTCTAGTCGT-1,"CD4-positive, alpha-beta T cell","naive thymus-derived CD4-positive, alpha-beta T cell","naive thymus-derived CD4-positive, alpha-beta T cell","CD4-positive, alpha-beta T cell","CD4-positive, alpha-beta T cell","CD4-positive, alpha-beta T cell","CD4-positive, alpha-beta T cell",4,"CD4-positive, alpha-beta T cell",4,"CD4-positive, alpha-beta T cell"
AAGTCTCTCGGAGA-1,"CD8-positive, alpha-beta T cell","CD4-positive, alpha-beta T cell",plasma cell,mature NK T cell,natural killer cell,plasma cell,plasma cell,2,plasma cell,2,lymphocyte
AAGTGGCTTGGAGG-1,B cell,B cell,B cell,B cell,B cell,B cell,B cell,6,B cell,6,B cell
AAGTTCCTCATTCT-1,intermediate monocyte,macrophage,non-classical monocyte,macrophage,macrophage,macrophage,macrophage,4,macrophage,4,macrophage
AAGTTCCTTCTTAC-1,"CD4-positive, alpha-beta T cell","CD4-positive, alpha-beta T cell",plasma cell,"CD8-positive, alpha-beta T cell","CD8-positive, alpha-beta T cell","CD4-positive, alpha-beta T cell","CD4-positive, alpha-beta T cell",3,"CD4-positive, alpha-beta T cell",3,mature alpha-beta T cell
AATAAGCTCGAATC-1,"CD4-positive, alpha-beta T cell","naive thymus-derived CD4-positive, alpha-beta T cell",B cell,"naive thymus-derived CD4-positive, alpha-beta T cell",B cell,"naive thymus-derived CD4-positive, alpha-beta T cell","naive thymus-derived CD4-positive, alpha-beta T cell",3,"naive thymus-derived CD4-positive, alpha-beta T cell",3,"CD4-positive, alpha-beta T cell"
AATAAGCTCGTTGA-1,"CD4-positive, alpha-beta T cell","naive thymus-derived CD4-positive, alpha-beta T cell","naive thymus-derived CD4-positive, alpha-beta T cell","naive thymus-derived CD4-positive, alpha-beta T cell","naive thymus-derived CD4-positive, alpha-beta T cell","naive thymus-derived CD4-positive, alpha-beta T cell","naive thymus-derived CD4-positive, alpha-beta T cell",5,"naive thymus-derived CD4-positive, alpha-beta T cell",5,"naive thymus-derived CD4-positive, alpha-beta T cell"
AATACCCTGGACGA-1,B cell,B cell,B cell,B cell,B cell,B cell,B cell,6,B cell,6,B cell
AATACCCTGGCATT-1,"CD4-positive, alpha-beta T cell","naive thymus-derived CD4-positive, alpha-beta T cell","CD4-positive, alpha-beta T cell","naive thymus-derived CD4-positive, alpha-beta T cell","CD4-positive, alpha-beta T cell","CD4-positive, alpha-beta T cell","CD4-positive, alpha-beta T cell",4,"CD4-positive, alpha-beta T cell",4,"CD4-positive, alpha-beta T cell"
AATACTGAAAGGGC-1,"CD8-positive, alpha-beta T cell",natural killer cell,natural killer cell,mature NK T cell,natural killer cell,natural killer cell,natural killer cell,4,natural killer cell,4,natural killer cell
AATACTGAATTGGC-1,natural killer cell,natural killer cell,natural killer cell,natural killer cell,natural killer cell,natural killer cell,natural killer cell,6,natural killer cell,6,natural killer cell
AATAGGGAACCCTC-1,B cell,B cell,B cell,B cell,B cell,B cell,B cell,6,B cell,6,B cell
AATAGGGAGAATGA-1,"CD8-positive, alpha-beta T cell","CD4-positive, alpha-beta T cell","CD8-positive, alpha-beta T cell","CD8-positive, alpha-beta T cell","CD8-positive, alpha-beta T cell","CD4-positive, alpha-beta T cell","CD8-positive, alpha-beta T cell",4,"CD8-positive, alpha-beta T cell",4,"CD8-positive, alpha-beta T cell"
AATCAAACTATCGG-1,"CD4-positive, alpha-beta T cell","CD4-positive, alpha-beta T cell","naive thymus-derived CD4-positive, alpha-beta T cell","naive thymus-derived CD4-positive, alpha-beta T cell",mature NK T cell,"naive thymus-derived CD4-positive, alpha-beta T cell","naive thymus-derived CD4-positive, alpha-beta T cell",3,"naive thymus-derived CD4-positive, alpha-beta T cell",3,"CD4-positive, alpha-beta T cell"
AATCCGGAATGCTG-1,B cell,non-classical monocyte,B cell,B cell,B cell,B cell,B cell,5,B cell,5,B cell
AATCCTACCGGTAT-1,"CD4-positive, alpha-beta T cell","naive thymus-derived CD4-positive, alpha-beta T cell","naive thymus-derived CD4-positive, alpha-beta T cell","naive thymus-derived CD4-positive, alpha-beta T cell","naive thymus-derived CD4-positive, alpha-beta T cell",plasma cell,"naive thymus-derived CD4-positive, alpha-beta T cell",4,"naive thymus-derived CD4-positive, alpha-beta T cell",4,"naive thymus-derived CD4-positive, alpha-beta T cell"
AATCCTTGACGGGA-1,intermediate monocyte,intermediate monocyte,macrophage,macrophage,macrophage,monocyte,macrophage,3,macrophage,3,mononuclear phagocyte
AATCCTTGGTGAGG-1,natural killer cell,natural killer cell,natural killer cell,natural killer cell,natural killer cell,natural killer cell,natural killer cell,6,natural killer cell,6,natural killer cell
AATCGGTGGAACTC-1,"CD8-positive, alpha-beta T cell","CD4-positive, alpha-beta T cell",mature NK T cell,mature NK T cell,mature NK T cell,mature NK T cell,mature NK T cell,4,mature NK T cell,4,mature NK T cell
AATCGGTGTGCTTT-1,"CD4-positive, alpha-beta T cell","naive thymus-derived CD4-positive, alpha-beta T cell","CD4-positive, alpha-beta T cell","CD4-positive, alpha-beta T cell","CD4-positive, alpha-beta T cell","CD4-positive, alpha-beta T cell","CD4-positive, alpha-beta T cell",5,"CD4-positive, alpha-beta T cell",5,"CD4-positive, alpha-beta T cell"
AATCTAGAAAAGTG-1,"CD4-positive, alpha-beta T cell","CD4-positive, alpha-beta T cell",mature NK T cell,"CD4-positive, alpha-beta T cell","CD4-positive, alpha-beta T cell","CD4-positive, alpha-beta T cell","CD4-positive, alpha-beta T cell",5,"CD4-positive, alpha-beta T cell",5,"CD4-positive, alpha-beta T cell"
AATCTAGAATCGGT-1,"naive thymus-derived CD4-positive, alpha-beta T cell","CD4-positive, alpha-beta T cell",B cell,"CD4-positive, alpha-beta T cell","CD4-positive, alpha-beta T cell",mature NK T cell,"CD4-positive, alpha-beta T cell",3,"CD4-positive, alpha-beta T cell",3,"CD4-positive, alpha-beta T cell"
AATCTCACAGCCTA-1,classical monocyte,intermediate monocyte,classical monocyte,macrophage,monocyte,monocyte,classical monocyte,2,classical monocyte,2,monocyte
AATCTCACTCTAGG-1,"CD4-positive, alpha-beta T cell","CD4-positive, alpha-beta T cell",monocyte,"naive thymus-derived CD4-positive, alpha-beta T cell","CD4-positive, alpha-beta T cell","CD4-positive, alpha-beta T cell","CD4-positive, alpha-beta T cell",4,"CD4-positive, alpha-beta T cell",4,"CD4-positive, alpha-beta T cell"
AATCTCTGAACAGA-1,"CD4-positive, alpha-beta T cell","naive thymus-derived CD4-positive, alpha-beta T cell","naive thymus-derived CD4-positive, alpha-beta T cell","naive thymus-derived CD4-positive, alpha-beta T cell","naive thymus-derived CD4-positive, alpha-beta T cell","naive thymus-derived CD4-positive, alpha-beta T cell","naive thymus-derived CD4-positive, alpha-beta T cell",5,"naive thymus-derived CD4-positive, alpha-beta T cell",5,"naive thymus-derived CD4-positive, alpha-beta T cell"
AATCTCTGCTTTAC-1,natural killer cell,"CD8-positive, alpha-beta T cell",plasma cell,natural killer cell,natural killer cell,natural killer cell,natural killer cell,4,natural killer cell,4,natural killer cell
AATGATACACCAAC-1,"CD8-positive, alpha-beta T cell","CD8-positive, alpha-beta T cell","CD8-positive, alpha-beta T cell","CD8-positive, alpha-beta T cell",natural killer cell,"CD8-positive, alpha-beta T cell","CD8-positive, alpha-beta T cell",5,"CD8-positive, alpha-beta T cell",5,"CD8-positive, alpha-beta T cell"
AATGATACGGTCAT-1,classical monocyte,hematopoietic precursor cell,plasma cell,monocyte,macrophage,monocyte,monocyte,2,monocyte,2,mononuclear phagocyte
AATGCGTGACACCA-1,B cell,B cell,B cell,B cell,B cell,B cell,B cell,6,B cell,6,B cell
AATGCGTGGACGGA-1,intermediate monocyte,non-classical monocyte,B cell,macrophage,macrophage,monocyte,macrophage,2,macrophage,2,mononuclear phagocyte
AATGCGTGGCTATG-1,B cell,B cell,B cell,B cell,B cell,B cell,B cell,6,B cell,6,B cell
AATGGAGAATCGTG-1,intermediate monocyte,intermediate monocyte,classical monocyte,monocyte,monocyte,monocyte,monocyte,3,monocyte,3,monocyte
AATGGAGATCCTTA-1,"CD4-positive, alpha-beta T cell","CD4-positive, alpha-beta T cell",mature NK T cell,mature NK T cell,"CD4-positive, alpha-beta T cell","CD4-positive, alpha-beta T cell","CD4-positive, alpha-beta T cell",4,"CD4-positive, alpha-beta T cell",4,"CD4-positive, alpha-beta T cell"
AATGGCTGACACCA-1,B cell,B cell,B cell,B cell,B cell,B cell,B cell,6,B cell,6,B cell
AATGGCTGCGTGAT-1,"CD4-positive, alpha-beta T cell","naive thymus-derived CD4-positive, alpha-beta T cell",B cell,"CD4-positive, alpha-beta T cell","CD4-positive, alpha-beta T cell","naive thymus-derived CD4-positive, alpha-beta T cell","CD4-positive, alpha-beta T cell",3,"CD4-positive, alpha-beta T cell",3,"CD4-positive, alpha-beta T cell"
AATGGCTGTAAAGG-1,"CD4-positive, alpha-beta T cell","CD4-positive, alpha-beta T cell",plasma cell,B cell,"CD4-positive, alpha-beta T cell","CD4-positive, alpha-beta T cell","CD4-positive, alpha-beta T cell",4,"CD4-positive, alpha-beta T cell",4,"CD4-positive, alpha-beta T cell"
AATGGCTGTACTCT-1,"CD4-positive, alpha-beta T cell","naive thymus-derived CD4-positive, alpha-beta T cell",plasma cell,B cell,macrophage,"CD8-positive, alpha-beta T cell","CD4-positive, alpha-beta T cell",1,B cell,1,lymphocyte
AATGGCTGTGAAGA-1,"CD4-positive, alpha-beta T cell","CD4-positive, alpha-beta T cell","CD4-positive, alpha-beta T cell","naive thymus-derived CD4-positive, alpha-beta T cell","CD4-positive, alpha-beta T cell","CD4-positive, alpha-beta T cell","CD4-positive, alpha-beta T cell",5,"CD4-positive, alpha-beta T cell",5,"CD4-positive, alpha-beta T cell"
AATGTAACGGTGGA-1,"CD4-positive, alpha-beta T cell","naive thymus-derived CD4-positive, alpha-beta T cell","naive thymus-derived CD4-positive, alpha-beta T cell","CD4-positive, alpha-beta T cell","naive thymus-derived CD4-positive, alpha-beta T cell","naive thymus-derived CD4-positive, alpha-beta T cell","naive thymus-derived CD4-positive, alpha-beta T cell",4,"naive thymus-derived CD4-positive, alpha-beta T cell",4,"naive thymus-derived CD4-positive, alpha-beta T cell"
AATGTAACGTTTGG-1,"CD4-positive, alpha-beta T cell","naive thymus-derived CD4-positive, alpha-beta T cell","CD4-positive, alpha-beta T cell","CD8-positive, alpha-beta T cell","CD4-positive, alpha-beta T cell","CD4-positive, alpha-beta T cell","CD4-positive, alpha-beta T cell",4,"CD4-positive, alpha-beta T cell",4,"CD4-positive, alpha-beta T cell"
AATGTCCTCTTCTA-1,"CD4-positive, alpha-beta T cell","CD4-positive, alpha-beta T cell",mature NK T cell,"CD4-positive, alpha-beta T cell","CD4-positive, alpha-beta T cell","CD4-positive, alpha-beta T cell","CD4-positive, alpha-beta T cell",5,"CD4-positive, alpha-beta T cell",5,"CD4-positive, alpha-beta T cell"
AATGTTGACAGTCA-1,"CD4-positive, alpha-beta T cell","CD4-positive, alpha-beta T cell","naive thymus-derived CD4-positive, alpha-beta T cell","naive thymus-derived CD4-positive, alpha-beta T cell","naive thymus-derived CD4-positive, alpha-beta T cell","CD4-positive, alpha-beta T cell","CD4-positive, alpha-beta T cell",4,"CD4-positive, alpha-beta T cell",3,"CD4-positive, alpha-beta T cell"
AATGTTGAGTTGAC-1,classical monocyte,monocyte,monocyte,monocyte,monocyte,monocyte,monocyte,5,monocyte,5,monocyte
AATGTTGATCTACT-1,"CD4-positive, alpha-beta T cell","CD4-positive, alpha-beta T cell",plasma cell,"CD4-positive, alpha-beta T cell","CD4-positive, alpha-beta T cell","naive thymus-derived CD4-positive, alpha-beta T cell","CD4-positive, alpha-beta T cell",4,"CD4-positive, alpha-beta T cell",4,"CD4-positive, alpha-beta T cell"
AATTACGAATTCCT-1,intermediate monocyte,intermediate monocyte,non-classical monocyte,monocyte,macrophage,macrophage,intermediate monocyte,2,intermediate monocyte,2,monocyte
AATTACGACTTCTA-1,"CD4-positive, alpha-beta T cell","naive thymus-derived CD4-positive, alpha-beta T cell","CD4-positive, alpha-beta T cell","CD4-positive, alpha-beta T cell","CD4-positive, alpha-beta T cell",natural killer cell,"CD4-positive, alpha-beta T cell",4,"CD4-positive, alpha-beta T cell",4,"CD4-positive, alpha-beta T cell"
AATTACGAGTAGCT-1,"CD8-positive, alpha-beta T cell","CD4-positive, alpha-beta T cell",plasma cell,"CD8-positive, alpha-beta T cell","CD8-positive, alpha-beta T cell","CD4-positive, alpha-beta T cell","CD8-positive, alpha-beta T cell",3,"CD8-positive, alpha-beta T cell",3,mature alpha-beta T cell
AATTACGAGTGAGG-1,"CD4-positive, alpha-beta T cell","CD4-positive, alpha-beta T cell","CD4-positive, alpha-beta T cell","CD4-positive, alpha-beta T cell","CD4-positive, alpha-beta T cell","CD4-positive, alpha-beta T cell","CD4-positive, alpha-beta T cell",6,"CD4-positive, alpha-beta T cell",6,"CD4-positive, alpha-beta T cell"
AATTACGATTGGCA-1,B cell,B cell,B cell,B cell,B cell,B cell,B cell,6,B cell,6,B cell
AATTCCTGCTCAGA-1,B cell,B cell,B cell,B cell,B cell,B cell,B cell,6,B cell,6,B cell
AATTGATGTCGCAA-1,intermediate monocyte,intermediate monocyte,non-classical monocyte,non-classical monocyte,macrophage,non-classical monocyte,non-classical monocyte,3,non-classical monocyte,3,mononuclear phagocyte
AATTGTGACTTGGA-1,B cell,B cell,B cell,B cell,B cell,B cell,B cell,6,B cell,6,B cell
ACAAAGGAGGGTGA-1,"CD4-positive, alpha-beta T cell","naive thymus-derived CD4-positive, alpha-beta T cell",B cell,"naive thymus-derived CD4-positive, alpha-beta T cell","CD4-positive, alpha-beta T cell","CD4-positive, alpha-beta T cell","CD4-positive, alpha-beta T cell",3,"CD4-positive, alpha-beta T cell",3,"CD4-positive, alpha-beta T cell"
ACAAATTGATTCTC-1,intermediate monocyte,intermediate monocyte,non-classical monocyte,macrophage,non-classical monocyte,non-classical monocyte,non-classical monocyte,3,non-classical monocyte,3,mononuclear phagocyte
ACAAATTGCTCAGA-1,classical monocyte,intermediate monocyte,macrophage,macrophage,macrophage,macrophage,macrophage,4,macrophage,4,macrophage
ACAAATTGTTGCGA-1,natural killer cell,natural killer cell,"CD8-positive, alpha-beta T cell",natural killer cell,natural killer cell,natural killer cell,natural killer cell,5,natural killer cell,5,natural killer cell
ACAACCGAGGGATG-1,"CD8-positive, alpha-beta T cell",mature NK T cell,mature NK T cell,mature NK T cell,mature NK T cell,mature NK T cell,mature NK T cell,5,mature NK T cell,5,mature NK T cell
ACAACCGAGTTACG-1,"naive thymus-derived CD4-positive, alpha-beta T cell","naive thymus-derived CD4-positive, alpha-beta T cell",monocyte,"naive thymus-derived CD4-positive, alpha-beta T cell","CD4-positive, alpha-beta T cell","CD4-positive, alpha-beta T cell","naive thymus-derived CD4-positive, alpha-beta T cell",3,"naive thymus-derived CD4-positive, alpha-beta T cell",3,"CD4-positive, alpha-beta T cell"
ACAAGAGAAGTCGT-1,intermediate monocyte,intermediate monocyte,intermediate monocyte,monocyte,monocyte,monocyte,intermediate monocyte,3,intermediate monocyte,3,monocyte
ACAAGAGACTTATC-1,"CD4-positive, alpha-beta T cell","CD4-positive, alpha-beta T cell",B cell,"CD4-positive, alpha-beta T cell","CD4-positive, alpha-beta T cell","CD4-positive, alpha-beta T cell","CD4-positive, alpha-beta T cell",5,"CD4-positive, alpha-beta T cell",5,"CD4-positive, alpha-beta T cell"
ACAAGAGAGTTGAC-1,B cell,B cell,B cell,B cell,B cell,B cell,B cell,6,B cell,6,B cell
ACAATCCTAACCGT-1,"CD4-positive, alpha-beta T cell","CD4-positive, alpha-beta T cell","CD4-positive, alpha-beta T cell","naive thymus-derived CD4-positive, alpha-beta T cell","CD4-positive, alpha-beta T cell","CD4-positive, alpha-beta T cell","CD4-positive, alpha-beta T cell",5,"CD4-positive, alpha-beta T cell",5,"CD4-positive, alpha-beta T cell"
ACAATCCTTAGCGT-1,B cell,B cell,B cell,B cell,B cell,B cell,B cell,6,B cell,6,B cell
ACAATTGACTGACA-1,"CD8-positive, alpha-beta T cell","CD8-positive, alpha-beta T cell","CD8-positive, alpha-beta T cell","CD8-positive, alpha-beta T cell","CD8-positive, alpha-beta T cell","CD8-positive, alpha-beta T cell","CD8-positive, alpha-beta T cell",6,"CD8-positive, alpha-beta T cell",6,"CD8-positive, alpha-beta T cell"
ACAATTGATGACTG-1,natural killer cell,"CD8-positive, alpha-beta T cell",natural killer cell,natural killer cell,natural killer cell,natural killer cell,natural killer cell,5,natural killer cell,5,natural killer cell
ACACAGACACCTGA-1,monocyte,non-classical monocyte,platelet,monocyte,macrophage,monocyte,monocyte,3,monocyte,3,monocyte
ACACAGACCATACG-1,"CD8-positive, alpha-beta T cell","CD8-positive, alpha-beta T cell","CD8-positive, alpha-beta T cell","CD8-positive, alpha-beta T cell","CD8-positive, alpha-beta T cell","CD8-positive, alpha-beta T cell","CD8-positive, alpha-beta T cell",6,"CD8-positive, alpha-beta T cell",6,"CD8-positive, alpha-beta T cell"
ACACCAGAGGGCAA-1,"CD4-positive, alpha-beta T cell","CD4-positive, alpha-beta T cell","CD8-positive, alpha-beta T cell","CD4-positive, alpha-beta T cell","CD4-positive, alpha-beta T cell","CD4-positive, alpha-beta T cell","CD4-positive, alpha-beta T cell",5,"CD4-positive, alpha-beta T cell",5,"CD4-positive, alpha-beta T cell"
ACACCCTGGTGTTG-1,natural killer cell,natural killer cell,natural killer cell,natural killer cell,natural killer cell,natural killer cell,natural killer cell,6,natural killer cell,6,natural killer cell
ACACGAACAGTTCG-1,"CD4-positive, alpha-beta T cell","naive thymus-derived CD4-positive, alpha-beta T cell","naive thymus-derived CD4-positive, alpha-beta T cell",mature NK T cell,"naive thymus-derived CD4-positive, alpha-beta T cell","naive thymus-derived CD4-positive, alpha-beta T cell","naive thymus-derived CD4-positive, alpha-beta T cell",4,"naive thymus-derived CD4-positive, alpha-beta T cell",4,"naive thymus-derived CD4-positive, alpha-beta T cell"
ACACGATGACGCAT-1,"CD4-positive, alpha-beta T cell","CD4-positive, alpha-beta T cell",plasma cell,"CD8-positive, alpha-beta T cell",mature NK T cell,mature NK T cell,"CD4-positive, alpha-beta T cell",2,"CD4-positive, alpha-beta T cell",2,mature alpha-beta T cell
ACACGATGATGTGC-1,intermediate monocyte,intermediate monocyte,non-classical monocyte,macrophage,macrophage,monocyte,intermediate monocyte,2,intermediate monocyte,2,monocyte
ACACGATGTCGTAG-1,"CD4-positive, alpha-beta T cell","CD4-positive, alpha-beta T cell",mature NK T cell,natural killer cell,mature NK T cell,plasma cell,"CD4-positive, alpha-beta T cell",2,"CD4-positive, alpha-beta T cell",2,mature alpha-beta T cell
ACACGATGTGGTCA-1,"CD8-positive, alpha-beta T cell","CD4-positive, alpha-beta T cell",mature NK T cell,"CD8-positive, alpha-beta T cell",mature NK T cell,"CD8-positive, alpha-beta T cell","CD8-positive, alpha-beta T cell",3,"CD8-positive, alpha-beta T cell",3,mature alpha-beta T cell
ACAGACACGGCATT-1,"CD4-positive, alpha-beta T cell","CD4-positive, alpha-beta T cell",mature NK T cell,mature NK T cell,mature NK T cell,mature NK T cell,mature NK T cell,4,mature NK T cell,4,mature NK T cell
ACAGACACGTTGTG-1,"CD4-positive, alpha-beta T cell","naive thymus-derived CD4-positive, alpha-beta T cell",B cell,"CD4-positive, alpha-beta T cell","CD4-positive, alpha-beta T cell","naive thymus-derived CD4-positive, alpha-beta T cell","CD4-positive, alpha-beta T cell",3,"CD4-positive, alpha-beta T cell",3,"CD4-positive, alpha-beta T cell"
ACAGCAACACCTAG-1,intermediate monocyte,intermediate monocyte,plasma cell,macrophage,macrophage,macrophage,macrophage,3,macrophage,3,mononuclear phagocyte
ACAGCAACCTCAAG-1,intermediate monocyte,intermediate monocyte,non-classical monocyte,non-classical monocyte,non-classical monocyte,monocyte,non-classical monocyte,3,non-classical monocyte,3,monocyte
ACAGGTACCCCACT-1,"CD4-positive, alpha-beta T cell","naive thymus-derived CD4-positive, alpha-beta T cell",B cell,"naive thymus-derived CD4-positive, alpha-beta T cell","CD4-positive, alpha-beta T cell","CD4-positive, alpha-beta T cell","CD4-positive, alpha-beta T cell",3,"CD4-positive, alpha-beta T cell",3,"CD4-positive, alpha-beta T cell"
ACAGGTACGCTGTA-1,"CD4-positive, alpha-beta T cell","CD4-positive, alpha-beta T cell","CD8-positive, alpha-beta T cell","CD4-positive, alpha-beta T cell","CD8-positive, alpha-beta T cell","CD8-positive, alpha-beta T cell","CD4-positive, alpha-beta T cell",3,"CD4-positive, alpha-beta T cell",3,mature alpha-beta T cell
ACAGGTACTGGTGT-1,natural killer cell,natural killer cell,natural killer cell,natural killer cell,natural killer cell,natural killer cell,natural killer cell,6,natural killer cell,6,natural killer cell
ACAGTCGACCCAAA-1,"CD4-positive, alpha-beta T cell","CD4-positive, alpha-beta T cell",B cell,"CD4-positive, alpha-beta T cell",B cell,mature NK T cell,"CD4-positive, alpha-beta T cell",3,"CD4-positive, alpha-beta T cell",3,mature alpha-beta T cell
ACAGTCGACCGATA-1,"CD8-positive, alpha-beta T cell","CD4-positive, alpha-beta T cell","CD8-positive, alpha-beta T cell","CD4-positive, alpha-beta T cell","CD8-positive, alpha-beta T cell","CD8-positive, alpha-beta T cell","CD8-positive, alpha-beta T cell",4,"CD8-positive, alpha-beta T cell",4,"CD8-positive, alpha-beta T cell"
ACAGTGACTCACCC-1,"CD4-positive, alpha-beta T cell","CD4-positive, alpha-beta T cell","CD8-positive, alpha-beta T cell","naive thymus-derived CD4-positive, alpha-beta T cell","CD8-positive, alpha-beta T cell","CD8-positive, alpha-beta T cell","CD8-positive, alpha-beta T cell",3,"CD8-positive, alpha-beta T cell",3,mature alpha-beta T cell
ACAGTGACTCTATC-1,"CD4-positive, alpha-beta T cell","naive thymus-derived CD4-positive, alpha-beta T cell",hematopoietic precursor cell,mature NK T cell,"CD4-positive, alpha-beta T cell","CD4-positive, alpha-beta T cell","CD4-positive, alpha-beta T cell",3,"CD4-positive, alpha-beta T cell",3,"CD4-positive, alpha-beta T cell"
ACAGTGTGGTCACA-1,"CD4-positive, alpha-beta T cell","naive thymus-derived CD4-positive, alpha-beta T cell","naive thymus-derived CD4-positive, alpha-beta T cell","naive thymus-derived CD4-positive, alpha-beta T cell","naive thymus-derived CD4-positive, alpha-beta T cell","CD4-positive, alpha-beta T cell","naive thymus-derived CD4-positive, alpha-beta T cell",4,"naive thymus-derived CD4-positive, alpha-beta T cell",4,"naive thymus-derived CD4-positive, alpha-beta T cell"
ACAGTGTGTTGCGA-1,classical monocyte,monocyte,classical monocyte,monocyte,monocyte,monocyte,monocyte,4,monocyte,4,monocyte
ACATCACTCTACTT-1,intermediate monocyte,intermediate monocyte,monocyte,monocyte,monocyte,monocyte,monocyte,4,monocyte,4,monocyte
ACATGGTGAAGCCT-1,"CD4-positive, alpha-beta T cell","naive thymus-derived CD4-positive, alpha-beta T cell","naive thymus-derived CD4-positive, alpha-beta T cell","naive thymus-derived CD4-positive, alpha-beta T cell","naive thymus-derived CD4-positive, alpha-beta T cell","naive thymus-derived CD4-positive, alpha-beta T cell","naive thymus-derived CD4-positive, alpha-beta T cell",5,"naive thymus-derived CD4-positive, alpha-beta T cell",5,"naive thymus-derived CD4-positive, alpha-beta T cell"
ACATGGTGCAACCA-1,B cell,B cell,B cell,B cell,B cell,B cell,B cell,6,B cell,6,B cell
ACATGGTGCGAGTT-1,"CD4-positive, alpha-beta T cell","naive thymus-derived CD4-positive, alpha-beta T cell",plasma cell,"naive thymus-derived CD4-positive, alpha-beta T cell","naive thymus-derived CD4-positive, alpha-beta T cell","naive thymus-derived CD4-positive, alpha-beta T cell","naive thymus-derived CD4-positive, alpha-beta T cell",4,"naive thymus-derived CD4-positive, alpha-beta T cell",4,"naive thymus-derived CD4-positive, alpha-beta T cell"
ACATGGTGCGTTGA-1,"CD8-positive, alpha-beta T cell","naive thymus-derived CD4-positive, alpha-beta T cell",B cell,"CD8-positive, alpha-beta T cell","CD4-positive, alpha-beta T cell","CD4-positive, alpha-beta T cell","CD8-positive, alpha-beta T cell",2,"CD4-positive, alpha-beta T cell",2,mature alpha-beta T cell
ACATTCTGGCATAC-1,"CD4-positive, alpha-beta T cell","naive thymus-derived CD4-positive, alpha-beta T cell","naive thymus-derived CD4-positive, alpha-beta T cell","naive thymus-derived CD4-positive, alpha-beta T cell","naive thymus-derived CD4-positive, alpha-beta T cell","naive thymus-derived CD4-positive, alpha-beta T cell","naive thymus-derived CD4-positive, alpha-beta T cell",5,"naive thymus-derived CD4-positive, alpha-beta T cell",5,"naive thymus-derived CD4-positive, alpha-beta T cell"
ACATTCTGGGAACG-1,"CD4-positive, alpha-beta T cell",intermediate monocyte,mature NK T cell,"naive thymus-derived CD4-positive, alpha-beta T cell",macrophage,monocyte,"CD4-positive, alpha-beta T cell",1,"CD4-positive, alpha-beta T cell",1,mononuclear cell
ACCAACGACATGCA-1,"CD4-positive, alpha-beta T cell","naive thymus-derived CD4-positive, alpha-beta T cell",hematopoietic precursor cell,"naive thymus-derived CD4-positive, alpha-beta T cell","naive thymus-derived CD4-positive, alpha-beta T cell",macrophage,"naive thymus-derived CD4-positive, alpha-beta T cell",3,"naive thymus-derived CD4-positive, alpha-beta T cell",3,"CD4-positive, alpha-beta T cell"
ACCACAGAAAGTAG-1,"CD4-positive, alpha-beta T cell","naive thymus-derived CD4-positive, alpha-beta T cell",monocyte,"naive thymus-derived CD4-positive, alpha-beta T cell","CD4-positive, alpha-beta T cell","CD4-positive, alpha-beta T cell","CD4-positive, alpha-beta T cell",3,"CD4-positive, alpha-beta T cell",3,"CD4-positive, alpha-beta T cell"
ACCACAGAGTTGGT-1,"CD4-positive, alpha-beta T cell","naive thymus-derived CD4-positive, alpha-beta T cell","naive thymus-derived CD4-positive, alpha-beta T cell","naive thymus-derived CD4-positive, alpha-beta T cell","CD4-positive, alpha-beta T cell","CD4-positive, alpha-beta T cell","CD4-positive, alpha-beta T cell",3,"CD4-positive, alpha-beta T cell",3,"CD4-positive, alpha-beta T cell"
ACCACCTGTGTGCA-1,"CD4-positive, alpha-beta T cell","naive thymus-derived CD4-positive, alpha-beta T cell",plasma cell,"naive thymus-derived CD4-positive, alpha-beta T cell",B cell,"naive thymus-derived CD4-positive, alpha-beta T cell","naive thymus-derived CD4-positive, alpha-beta T cell",3,"naive thymus-derived CD4-positive, alpha-beta T cell",3,"CD4-positive, alpha-beta T cell"
ACCACGCTACAGCT-1,"CD4-positive, alpha-beta T cell","naive thymus-derived CD4-positive, alpha-beta T cell","naive thymus-derived CD4-positive, alpha-beta T cell","naive thymus-derived CD4-positive, alpha-beta T cell","naive thymus-derived CD4-positive, alpha-beta T cell","naive thymus-derived CD4-positive, alpha-beta T cell","naive thymus-derived CD4-positive, alpha-beta T cell",5,"naive thymus-derived CD4-positive, alpha-beta T cell",5,"naive thymus-derived CD4-positive, alpha-beta T cell"
ACCACGCTACCCAA-1,B cell,"CD4-positive, alpha-beta T cell",mature NK T cell,mature NK T cell,mature NK T cell,mature NK T cell,mature NK T cell,4,mature NK T cell,4,mature NK T cell
ACCACGCTGCGAGA-1,"CD4-positive, alpha-beta T cell","CD4-positive, alpha-beta T cell",plasma cell,"CD4-positive, alpha-beta T cell",B cell,plasma cell,"CD4-positive, alpha-beta T cell",3,"CD4-positive, alpha-beta T cell",3,lymphocyte
ACCACGCTGCTGTA-1,"naive thymus-derived CD4-positive, alpha-beta T cell","naive thymus-derived CD4-positive, alpha-beta T cell",B cell,"CD4-positive, alpha-beta T cell","CD4-positive, alpha-beta T cell",plasma cell,"naive thymus-derived CD4-positive, alpha-beta T cell",2,"CD4-positive, alpha-beta T cell",2,"CD4-positive, alpha-beta T cell"
ACCAGCCTGACAGG-1,"CD4-positive, alpha-beta T cell","naive thymus-derived CD4-positive, alpha-beta T cell","CD4-positive, alpha-beta T cell","CD4-positive, alpha-beta T cell","CD4-positive, alpha-beta T cell","CD4-positive, alpha-beta T cell","CD4-positive, alpha-beta T cell",5,"CD4-positive, alpha-beta T cell",5,"CD4-positive, alpha-beta T cell"
ACCAGTGAACGGTT-1,B cell,B cell,B cell,B cell,B cell,B cell,B cell,6,B cell,6,B cell
ACCAGTGAATACCG-1,intermediate monocyte,intermediate monocyte,non-classical monocyte,macrophage,macrophage,non-classical monocyte,intermediate monocyte,2,intermediate monocyte,2,mononuclear phagocyte
ACCAGTGAGGGATG-1,"CD4-positive, alpha-beta T cell","CD4-positive, alpha-beta T cell","CD4-positive, alpha-beta T cell","CD4-positive, alpha-beta T cell","CD4-positive, alpha-beta T cell","CD4-positive, alpha-beta T cell","CD4-positive, alpha-beta T cell",6,"CD4-positive, alpha-beta T cell",6,"CD4-positive, alpha-beta T cell"
ACCAGTGATGACTG-1,classical monocyte,intermediate monocyte,monocyte,monocyte,monocyte,monocyte,monocyte,4,monocyte,4,monocyte
ACCATTACCTTCTA-1,"CD4-positive, alpha-beta T cell","naive thymus-derived CD4-positive, alpha-beta T cell","naive thymus-derived CD4-positive, alpha-beta T cell","naive thymus-derived CD4-positive, alpha-beta T cell","naive thymus-derived CD4-positive, alpha-beta T cell","naive thymus-derived CD4-positive, alpha-beta T cell","naive thymus-derived CD4-positive, alpha-beta T cell",5,"naive thymus-derived CD4-positive, alpha-beta T cell",5,"naive thymus-derived CD4-positive, alpha-beta T cell"
ACCATTACGAGATA-1,"CD4-positive, alpha-beta T cell","CD4-positive, alpha-beta T cell","CD4-positive, alpha-beta T cell",regulatory T cell,"CD4-positive, alpha-beta T cell","CD4-positive, alpha-beta T cell","CD4-positive, alpha-beta T cell",5,"CD4-positive, alpha-beta T cell",5,"CD4-positive, alpha-beta T cell"
ACCATTTGTCATTC-1,"CD4-positive, alpha-beta T cell","naive thymus-derived CD4-positive, alpha-beta T cell","naive thymus-derived CD4-positive, alpha-beta T cell","naive thymus-derived CD4-positive, alpha-beta T cell","naive thymus-derived CD4-positive, alpha-beta T cell","naive thymus-derived CD4-positive, alpha-beta T cell","naive thymus-derived CD4-positive, alpha-beta T cell",5,"naive thymus-derived CD4-positive, alpha-beta T cell",5,"naive thymus-derived CD4-positive, alpha-beta T cell"
ACCCAAGAACTGTG-1,"CD8-positive, alpha-beta T cell","CD4-positive, alpha-beta T cell",macrophage,"CD8-positive, alpha-beta T cell","CD8-positive, alpha-beta T cell","CD8-positive, alpha-beta T cell","CD8-positive, alpha-beta T cell",4,"CD8-positive, alpha-beta T cell",4,"CD8-positive, alpha-beta T cell"
ACCCAAGAATTCCT-1,intermediate monocyte,intermediate monocyte,non-classical monocyte,non-classical monocyte,non-classical monocyte,non-classical monocyte,non-classical monocyte,4,non-classical monocyte,4,non-classical monocyte
ACCCAAGAGGACAG-1,"CD4-positive, alpha-beta T cell","CD4-positive, alpha-beta T cell","CD4-positive, alpha-beta T cell","naive thymus-derived CD4-positive, alpha-beta T cell","CD4-positive, alpha-beta T cell","CD4-positive, alpha-beta T cell","CD4-positive, alpha-beta T cell",5,"CD4-positive, alpha-beta T cell",5,"CD4-positive, alpha-beta T cell"
ACCCAAGATTCACT-1,B cell,B cell,B cell,B cell,B cell,B cell,B cell,6,B cell,6,B cell
ACCCACTGCGCCTT-1,intermediate monocyte,macrophage,plasma cell,monocyte,macrophage,monocyte,macrophage,2,macrophage,2,mononuclear phagocyte
ACCCACTGGACAGG-1,"naive thymus-derived CD4-positive, alpha-beta T cell","naive thymus-derived CD4-positive, alpha-beta T cell",hematopoietic precursor cell,"naive thymus-derived CD4-positive, alpha-beta T cell","naive thymus-derived CD4-positive, alpha-beta T cell",mature NK T cell,"naive thymus-derived CD4-positive, alpha-beta T cell",4,"naive thymus-derived CD4-positive, alpha-beta T cell",4,"naive thymus-derived CD4-positive, alpha-beta T cell"
ACCCACTGGTTCAG-1,platelet,platelet,platelet,platelet,platelet,platelet,platelet,6,platelet,6,serotonin secreting cell
ACCCACTGTCGTAG-1,intermediate monocyte,macrophage,classical monocyte,macrophage,macrophage,monocyte,macrophage,3,macrophage,3,mononuclear phagocyte
ACCCAGCTCAGAAA-1,"CD4-positive, alpha-beta T cell","naive thymus-derived CD4-positive, alpha-beta T cell","CD4-positive, alpha-beta T cell","CD4-positive, alpha-beta T cell","CD4-positive, alpha-beta T cell","CD4-positive, alpha-beta T cell","CD4-positive, alpha-beta T cell",5,"CD4-positive, alpha-beta T cell",5,"CD4-positive, alpha-beta T cell"
ACCCAGCTGTTAGC-1,classical monocyte,macrophage,monocyte,"naive thymus-derived CD4-positive, alpha-beta T cell",monocyte,monocyte,monocyte,3,monocyte,3,monocyte
ACCCAGCTTGCTTT-1,"CD4-positive, alpha-beta T cell","naive thymus-derived CD4-positive, alpha-beta T cell","CD4-positive, alpha-beta T cell","CD4-positive, alpha-beta T cell","CD4-positive, alpha-beta T cell","CD4-positive, alpha-beta T cell","CD4-positive, alpha-beta T cell",5,"CD4-positive, alpha-beta T cell",5,"CD4-positive, alpha-beta T cell"
ACCCGTTGATGACC-1,B cell,B cell,B cell,B cell,B cell,B cell,B cell,6,B cell,6,B cell
ACCCGTTGCTGCAA-1,"CD4-positive, alpha-beta T cell","naive thymus-derived CD4-positive, alpha-beta T cell","naive thymus-derived CD4-positive, alpha-beta T cell","naive thymus-derived CD4-positive, alpha-beta T cell","naive thymus-derived CD4-positive, alpha-beta T cell","naive thymus-derived CD4-positive, alpha-beta T cell","naive thymus-derived CD4-positive, alpha-beta T cell",5,"naive thymus-derived CD4-positive, alpha-beta T cell",5,"naive thymus-derived CD4-positive, alpha-beta T cell"
ACCCGTTGCTTCTA-1,B cell,"naive thymus-derived CD4-positive, alpha-beta T cell",plasmacytoid dendritic cell,"naive thymus-derived CD4-positive, alpha-beta T cell",B cell,"CD4-positive, alpha-beta T cell","naive thymus-derived CD4-positive, alpha-beta T cell",2,B cell,2,lymphocyte
ACCCTCGACCTATT-1,"CD4-positive, alpha-beta T cell","CD4-positive, alpha-beta T cell",monocyte,"CD8-positive, alpha-beta T cell",natural killer cell,"CD4-positive, alpha-beta T cell","CD4-positive, alpha-beta T cell",3,"CD4-positive, alpha-beta T cell",3,mature alpha-beta T cell
ACCCTCGACGGTAT-1,B cell,B cell,B cell,B cell,B cell,B cell,B cell,6,B cell,6,B cell
ACCCTCGATAAGGA-1,intermediate monocyte,intermediate monocyte,monocyte,monocyte,monocyte,monocyte,monocyte,4,monocyte,4,monocyte
ACCCTCGATCAAGC-1,intermediate monocyte,macrophage,non-classical monocyte,macrophage,macrophage,non-classical monocyte,macrophage,3,macrophage,3,mononuclear phagocyte
ACCGTGCTACCAGT-1,"CD4-positive, alpha-beta T cell","CD4-positive, alpha-beta T cell",plasma cell,"CD4-positive, alpha-beta T cell","CD4-positive, alpha-beta T cell","CD4-positive, alpha-beta T cell","CD4-positive, alpha-beta T cell",5,"CD4-positive, alpha-beta T cell",5,"CD4-positive, alpha-beta T cell"
ACCGTGCTGGAACG-1,B cell,B cell,B cell,B cell,B cell,B cell,B cell,6,B cell,6,B cell
ACCTATTGCTGAGT-1,B cell,B cell,B cell,B cell,B cell,B cell,B cell,6,B cell,6,B cell
ACCTATTGTGCCCT-1,intermediate monocyte,macrophage,non-classical monocyte,B cell,macrophage,non-classical monocyte,macrophage,2,macrophage,2,mononuclear phagocyte
ACCTCCGAGTCCTC-1,"CD4-positive, alpha-beta T cell","naive thymus-derived CD4-positive, alpha-beta T cell",plasma cell,"naive thymus-derived CD4-positive, alpha-beta T cell","CD4-positive, alpha-beta T cell","CD4-positive, alpha-beta T cell","CD4-positive, alpha-beta T cell",3,"CD4-positive, alpha-beta T cell",3,"CD4-positive, alpha-beta T cell"
ACCTCCGATATGCG-1,"CD4-positive, alpha-beta T cell","naive thymus-derived CD4-positive, alpha-beta T cell",monocyte,"CD4-positive, alpha-beta T cell","CD4-positive, alpha-beta T cell","CD4-positive, alpha-beta T cell","CD4-positive, alpha-beta T cell",4,"CD4-positive, alpha-beta T cell",4,"CD4-positive, alpha-beta T cell"
ACCTCCGATGCTGA-1,"naive thymus-derived CD4-positive, alpha-beta T cell","CD4-positive, alpha-beta T cell",plasma cell,"naive thymus-derived CD4-positive, alpha-beta T cell","naive thymus-derived CD4-positive, alpha-beta T cell",plasma cell,"naive thymus-derived CD4-positive, alpha-beta T cell",3,"naive thymus-derived CD4-positive, alpha-beta T cell",3,"CD4-positive, alpha-beta T cell"
ACCTCGTGAACCAC-1,"CD4-positive, alpha-beta T cell","naive thymus-derived CD4-positive, alpha-beta T cell","naive thymus-derived CD4-positive, alpha-beta T cell","CD4-positive, alpha-beta T cell","naive thymus-derived CD4-positive, alpha-beta T cell","naive thymus-derived CD4-positive, alpha-beta T cell","naive thymus-derived CD4-positive, alpha-beta T cell",4,"naive thymus-derived CD4-positive, alpha-beta T cell",4,"naive thymus-derived CD4-positive, alpha-beta T cell"
ACCTGAGATATCGG-1,monocyte,classical monocyte,monocyte,monocyte,monocyte,monocyte,monocyte,5,monocyte,5,monocyte
ACCTGGCTAAGTAG-1,natural killer cell,natural killer cell,natural killer cell,natural killer cell,natural killer cell,natural killer cell,natural killer cell,6,natural killer cell,6,natural killer cell
ACCTGGCTGTCTTT-1,macrophage,non-classical monocyte,non-classical monocyte,monocyte,non-classical monocyte,monocyte,non-classical monocyte,3,non-classical monocyte,3,monocyte
ACCTTTGACTCCCA-1,intermediate monocyte,intermediate monocyte,monocyte,monocyte,monocyte,monocyte,monocyte,4,monocyte,4,monocyte
ACCTTTGAGGAACG-1,intermediate monocyte,macrophage,macrophage,B cell,macrophage,macrophage,macrophage,4,macrophage,4,macrophage
ACCTTTGAGGAAGC-1,intermediate monocyte,macrophage,non-classical monocyte,macrophage,macrophage,macrophage,macrophage,4,macrophage,4,macrophage
ACGAACACCTTGTT-1,"CD8-positive, alpha-beta T cell","CD8-positive, alpha-beta T cell",natural killer cell,"CD8-positive, alpha-beta T cell",natural killer cell,natural killer cell,"CD8-positive, alpha-beta T cell",3,"CD8-positive, alpha-beta T cell",3,lymphocyte
ACGAACTGGCTATG-1,platelet,platelet,non-classical monocyte,platelet,platelet,platelet,platelet,5,platelet,5,serotonin secreting cell
ACGAAGCTCTCCAC-1,"CD4-positive, alpha-beta T cell","naive thymus-derived CD4-positive, alpha-beta T cell",natural killer cell,"CD4-positive, alpha-beta T cell","naive thymus-derived CD4-positive, alpha-beta T cell",plasma cell,"CD4-positive, alpha-beta T cell",3,"CD4-positive, alpha-beta T cell",2,"CD4-positive, alpha-beta T cell"
ACGAAGCTCTGAGT-1,B cell,non-classical monocyte,B cell,B cell,B cell,B cell,B cell,5,B cell,5,B cell
ACGACCCTATCTCT-1,intermediate monocyte,macrophage,intermediate monocyte,macrophage,macrophage,macrophage,macrophage,4,macrophage,4,macrophage
ACGACCCTGATGAA-1,"CD4-positive, alpha-beta T cell","naive thymus-derived CD4-positive, alpha-beta T cell","CD4-positive, alpha-beta T cell","naive thymus-derived CD4-positive, alpha-beta T cell","CD4-positive, alpha-beta T cell","CD4-positive, alpha-beta T cell","CD4-positive, alpha-beta T cell",4,"CD4-positive, alpha-beta T cell",4,"CD4-positive, alpha-beta T cell"
ACGACCCTTGACAC-1,B cell,B cell,B cell,B cell,B cell,B cell,B cell,6,B cell,6,B cell
ACGACCCTTGACCA-1,"CD4-positive, alpha-beta T cell","naive thymus-derived CD4-positive, alpha-beta T cell",B cell,"CD4-positive, alpha-beta T cell","CD4-positive, alpha-beta T cell","CD4-positive, alpha-beta T cell","CD4-positive, alpha-beta T cell",4,"CD4-positive, alpha-beta T cell",4,"CD4-positive, alpha-beta T cell"
ACGAGGGACAGGAG-1,intermediate monocyte,non-classical monocyte,non-classical monocyte,non-classical monocyte,macrophage,non-classical monocyte,non-classical monocyte,4,non-classical monocyte,4,non-classical monocyte
ACGAGGGACGAACT-1,"CD4-positive, alpha-beta T cell","naive thymus-derived CD4-positive, alpha-beta T cell","naive thymus-derived CD4-positive, alpha-beta T cell","naive thymus-derived CD4-positive, alpha-beta T cell","naive thymus-derived CD4-positive, alpha-beta T cell","naive thymus-derived CD4-positive, alpha-beta T cell","naive thymus-derived CD4-positive, alpha-beta T cell",5,"naive thymus-derived CD4-positive, alpha-beta T cell",5,"naive thymus-derived CD4-positive, alpha-beta T cell"
ACGAGGGATGTAGC-1,"CD4-positive, alpha-beta T cell","naive thymus-derived CD4-positive, alpha-beta T cell","naive thymus-derived CD4-positive, alpha-beta T cell","naive thymus-derived CD4-positive, alpha-beta T cell","naive thymus-derived CD4-positive, alpha-beta T cell","CD4-positive, alpha-beta T cell","naive thymus-derived CD4-positive, alpha-beta T cell",4,"naive thymus-derived CD4-positive, alpha-beta T cell",4,"naive thymus-derived CD4-positive, alpha-beta T cell"
ACGAGTACCCTAAG-1,B cell,B cell,B cell,B cell,B cell,B cell,B cell,6,B cell,6,B cell
ACGAGTACGAATCC-1,B cell,B cell,B cell,B cell,B cell,B cell,B cell,6,B cell,6,B cell
ACGATCGAGGACTT-1,"CD8-positive, alpha-beta T cell",mature NK T cell,mature NK T cell,mature NK T cell,mature NK T cell,mature NK T cell,mature NK T cell,5,mature NK T cell,5,mature NK T cell
ACGATCGAGTCACA-1,classical monocyte,intermediate monocyte,monocyte,classical monocyte,monocyte,monocyte,monocyte,3,monocyte,3,monocyte
ACGATGACAATGCC-1,"CD4-positive, alpha-beta T cell","naive thymus-derived CD4-positive, alpha-beta T cell",plasma cell,"naive thymus-derived CD4-positive, alpha-beta T cell","naive thymus-derived CD4-positive, alpha-beta T cell",plasma cell,"naive thymus-derived CD4-positive, alpha-beta T cell",3,"naive thymus-derived CD4-positive, alpha-beta T cell",3,"CD4-positive, alpha-beta T cell"
ACGATGACTGGTCA-1,"CD4-positive, alpha-beta T cell","CD4-positive, alpha-beta T cell","CD4-positive, alpha-beta T cell","naive thymus-derived CD4-positive, alpha-beta T cell","CD4-positive, alpha-beta T cell","CD4-positive, alpha-beta T cell","CD4-positive, alpha-beta T cell",5,"CD4-positive, alpha-beta T cell",5,"CD4-positive, alpha-beta T cell"
ACGATTCTACGGGA-1,"CD4-positive, alpha-beta T cell","naive thymus-derived CD4-positive, alpha-beta T cell",B cell,mature NK T cell,B cell,mature NK T cell,mature NK T cell,2,B cell,2,mature alpha-beta T cell
ACGCAATGGTTCAG-1,natural killer cell,natural killer cell,natural killer cell,natural killer cell,natural killer cell,natural killer cell,natural killer cell,6,natural killer cell,6,natural killer cell
ACGCACCTGTTAGC-1,B cell,B cell,B cell,B cell,B cell,B cell,B cell,6,B cell,6,B cell
ACGCCACTGAACTC-1,classical monocyte,macrophage,plasma cell,macrophage,macrophage,plasma cell,macrophage,3,macrophage,3,mononuclear phagocyte
ACGCCGGAAACCAC-1,intermediate monocyte,intermediate monocyte,monocyte,monocyte,monocyte,monocyte,monocyte,4,monocyte,4,monocyte
ACGCCGGAAAGCCT-1,"CD4-positive, alpha-beta T cell","naive thymus-derived CD4-positive, alpha-beta T cell","naive thymus-derived CD4-positive, alpha-beta T cell","CD4-positive, alpha-beta T cell","naive thymus-derived CD4-positive, alpha-beta T cell","CD4-positive, alpha-beta T cell","CD4-positive, alpha-beta T cell",4,"CD4-positive, alpha-beta T cell",3,"CD4-positive, alpha-beta T cell"
ACGCCGGAAATGCC-1,"CD4-positive, alpha-beta T cell","CD4-positive, alpha-beta T cell","CD8-positive, alpha-beta T cell","CD4-positive, alpha-beta T cell","CD4-positive, alpha-beta T cell","CD8-positive, alpha-beta T cell","CD4-positive, alpha-beta T cell",4,"CD4-positive, alpha-beta T cell",4,"CD4-positive, alpha-beta T cell"
ACGCCTTGCTCCCA-1,intermediate monocyte,macrophage,non-classical monocyte,non-classical monocyte,macrophage,non-classical monocyte,non-classical monocyte,3,non-classical monocyte,3,mononuclear phagocyte
ACGCGGTGGCGAGA-1,"CD4-positive, alpha-beta T cell","CD4-positive, alpha-beta T cell","naive thymus-derived CD4-positive, alpha-beta T cell","naive thymus-derived CD4-positive, alpha-beta T cell","naive thymus-derived CD4-positive, alpha-beta T cell","naive thymus-derived CD4-positive, alpha-beta T cell","naive thymus-derived CD4-positive, alpha-beta T cell",4,"naive thymus-derived CD4-positive, alpha-beta T cell",4,"naive thymus-derived CD4-positive, alpha-beta T cell"
ACGCGGTGTGTGGT-1,B cell,B cell,B cell,B cell,B cell,B cell,B cell,6,B cell,6,B cell
ACGCGGTGTTTGCT-1,"CD8-positive, alpha-beta T cell","CD8-positive, alpha-beta T cell","CD8-positive, alpha-beta T cell","CD8-positive, alpha-beta T cell","CD8-positive, alpha-beta T cell","CD8-positive, alpha-beta T cell","CD8-positive, alpha-beta T cell",6,"CD8-positive, alpha-beta T cell",6,"CD8-positive, alpha-beta T cell"
ACGCTCACAGTACC-1,"CD4-positive, alpha-beta T cell","naive thymus-derived CD4-positive, alpha-beta T cell",plasma cell,"naive thymus-derived CD4-positive, alpha-beta T cell","CD4-positive, alpha-beta T cell","CD4-positive, alpha-beta T cell","CD4-positive, alpha-beta T cell",3,"CD4-positive, alpha-beta T cell",3,"CD4-positive, alpha-beta T cell"
ACGCTCACCCTTGC-1,"CD4-positive, alpha-beta T cell","CD4-positive, alpha-beta T cell",plasma cell,"naive thymus-derived CD4-positive, alpha-beta T cell","CD4-positive, alpha-beta T cell","naive thymus-derived CD4-positive, alpha-beta T cell","CD4-positive, alpha-beta T cell",3,"CD4-positive, alpha-beta T cell",3,"CD4-positive, alpha-beta T cell"
ACGCTGCTGTTCTT-1,natural killer cell,natural killer cell,"CD8-positive, alpha-beta T cell",natural killer cell,natural killer cell,natural killer cell,natural killer cell,5,natural killer cell,5,natural killer cell
ACGGAACTCAGATC-1,natural killer cell,"CD8-positive, alpha-beta T cell",natural killer cell,natural killer cell,natural killer cell,natural killer cell,natural killer cell,5,natural killer cell,5,natural killer cell
ACGGAACTGTCGTA-1,intermediate monocyte,intermediate monocyte,non-classical monocyte,macrophage,non-classical monocyte,non-classical monocyte,non-classical monocyte,3,non-classical monocyte,3,mononuclear phagocyte
ACGGAGGACTCTTA-1,intermediate monocyte,macrophage,monocyte,classical monocyte,monocyte,monocyte,monocyte,3,monocyte,3,monocyte
ACGGATTGGGAGGT-1,B cell,B cell,B cell,B cell,B cell,B cell,B cell,6,B cell,6,B cell
ACGGATTGGTTAGC-1,"CD4-positive, alpha-beta T cell","naive thymus-derived CD4-positive, alpha-beta T cell",plasma cell,"CD4-positive, alpha-beta T cell","CD4-positive, alpha-beta T cell","naive thymus-derived CD4-positive, alpha-beta T cell","CD4-positive, alpha-beta T cell",3,"CD4-positive, alpha-beta T cell",3,"CD4-positive, alpha-beta T cell"
ACGGCTCTGAGCAG-1,"CD4-positive, alpha-beta T cell","CD4-positive, alpha-beta T cell","CD4-positive, alpha-beta T cell","naive thymus-derived CD4-positive, alpha-beta T cell","CD4-positive, alpha-beta T cell","CD4-positive, alpha-beta T cell","CD4-positive, alpha-beta T cell",5,"CD4-positive, alpha-beta T cell",5,"CD4-positive, alpha-beta T cell"
ACGGCTCTTGCACA-1,"CD4-positive, alpha-beta T cell","CD4-positive, alpha-beta T cell","naive thymus-derived CD4-positive, alpha-beta T cell","naive thymus-derived CD4-positive, alpha-beta T cell","naive thymus-derived CD4-positive, alpha-beta T cell","CD4-positive, alpha-beta T cell","CD4-positive, alpha-beta T cell",4,"CD4-positive, alpha-beta T cell",3,"CD4-positive, alpha-beta T cell"
ACGGTAACCGCTAA-1,"CD4-positive, alpha-beta T cell","CD4-positive, alpha-beta T cell","CD4-positive, alpha-beta T cell","naive thymus-derived CD4-positive, alpha-beta T cell","CD4-positive, alpha-beta T cell","CD4-positive, alpha-beta T cell","CD4-positive, alpha-beta T cell",5,"CD4-positive, alpha-beta T cell",5,"CD4-positive, alpha-beta T cell"
ACGGTAACCTTCGC-1,"CD8-positive, alpha-beta T cell","CD8-positive, alpha-beta T cell","CD8-positive, alpha-beta T cell","CD8-positive, alpha-beta T cell","CD8-positive, alpha-beta T cell","CD8-positive, alpha-beta T cell","CD8-positive, alpha-beta T cell",6,"CD8-positive, alpha-beta T cell",6,"CD8-positive, alpha-beta T cell"
ACGGTAACGGTGGA-1,"naive thymus-derived CD4-positive, alpha-beta T cell","naive thymus-derived CD4-positive, alpha-beta T cell","naive thymus-derived CD4-positive, alpha-beta T cell","naive thymus-derived CD4-positive, alpha-beta T cell","naive thymus-derived CD4-positive, alpha-beta T cell","naive thymus-derived CD4-positive, alpha-beta T cell","naive thymus-derived CD4-positive, alpha-beta T cell",6,"naive thymus-derived CD4-positive, alpha-beta T cell",6,"naive thymus-derived CD4-positive, alpha-beta T cell"
ACGGTAACTCGCAA-1,"CD4-positive, alpha-beta T cell","naive thymus-derived CD4-positive, alpha-beta T cell",plasma cell,mature NK T cell,mature NK T cell,plasma cell,mature NK T cell,2,mature NK T cell,2,mature alpha-beta T cell
ACGGTATGAGTCGT-1,intermediate monocyte,intermediate monocyte,monocyte,macrophage,monocyte,monocyte,monocyte,3,monocyte,3,monocyte
ACGGTATGGGTATC-1,B cell,B cell,B cell,B cell,B cell,B cell,B cell,6,B cell,6,B cell
ACGGTATGGTTGTG-1,B cell,B cell,B cell,B cell,B cell,B cell,B cell,6,B cell,6,B cell
ACGGTCCTAACGGG-1,"CD4-positive, alpha-beta T cell","CD4-positive, alpha-beta T cell",macrophage,"naive thymus-derived CD4-positive, alpha-beta T cell","CD4-positive, alpha-beta T cell","CD4-positive, alpha-beta T cell","CD4-positive, alpha-beta T cell",4,"CD4-positive, alpha-beta T cell",4,"CD4-positive, alpha-beta T cell"
ACGGTCCTCGGGAA-1,"CD4-positive, alpha-beta T cell","CD4-positive, alpha-beta T cell","CD4-positive, alpha-beta T cell","naive thymus-derived CD4-positive, alpha-beta T cell","CD4-positive, alpha-beta T cell","CD4-positive, alpha-beta T cell","CD4-positive, alpha-beta T cell",5,"CD4-positive, alpha-beta T cell",5,"CD4-positive, alpha-beta T cell"
ACGTAGACAACCAC-1,"CD4-positive, alpha-beta T cell","naive thymus-derived CD4-positive, alpha-beta T cell","naive thymus-derived CD4-positive, alpha-beta T cell","naive thymus-derived CD4-positive, alpha-beta T cell","naive thymus-derived CD4-positive, alpha-beta T cell","CD4-positive, alpha-beta T cell","naive thymus-derived CD4-positive, alpha-beta T cell",4,"naive thymus-derived CD4-positive, alpha-beta T cell",4,"naive thymus-derived CD4-positive, alpha-beta T cell"
ACGTAGACTACAGC-1,B cell,B cell,B cell,B cell,B cell,B cell,B cell,6,B cell,6,B cell
ACGTCAGAAACGAA-1,"CD4-positive, alpha-beta T cell","naive thymus-derived CD4-positive, alpha-beta T cell",mature NK T cell,"naive thymus-derived CD4-positive, alpha-beta T cell","CD4-positive, alpha-beta T cell",monocyte,"CD4-positive, alpha-beta T cell",2,"CD4-positive, alpha-beta T cell",2,"CD4-positive, alpha-beta T cell"
ACGTCAGAGAGCTT-1,intermediate monocyte,intermediate monocyte,monocyte,macrophage,macrophage,monocyte,intermediate monocyte,2,intermediate monocyte,2,monocyte
ACGTCAGAGGGATG-1,"CD4-positive, alpha-beta T cell","CD4-positive, alpha-beta T cell",monocyte,"CD4-positive, alpha-beta T cell","CD4-positive, alpha-beta T cell",plasma cell,"CD4-positive, alpha-beta T cell",4,"CD4-positive, alpha-beta T cell",4,"CD4-positive, alpha-beta T cell"
ACGTCCTGATAAGG-1,intermediate monocyte,intermediate monocyte,plasma cell,monocyte,macrophage,macrophage,intermediate monocyte,2,intermediate monocyte,2,mononuclear phagocyte
ACGTCCTGTGAACC-1,intermediate monocyte,intermediate monocyte,intermediate monocyte,monocyte,intermediate monocyte,monocyte,intermediate monocyte,4,intermediate monocyte,4,intermediate monocyte
ACGTCGCTCCTGAA-1,"CD4-positive, alpha-beta T cell",hematopoietic precursor cell,plasma cell,natural killer cell,natural killer cell,natural killer cell,natural killer cell,3,natural killer cell,3,lymphocyte
ACGTCGCTCTATTC-1,B cell,macrophage,non-classical monocyte,B cell,B cell,plasma cell,B cell,3,B cell,3,lymphocyte of B lineage
ACGTCGCTTCTCAT-1,B cell,B cell,B cell,B cell,B cell,B cell,B cell,6,B cell,6,B cell
ACGTGATGCCATGA-1,intermediate monocyte,macrophage,intermediate monocyte,macrophage,intermediate monocyte,intermediate monocyte,intermediate monocyte,4,intermediate monocyte,4,intermediate monocyte
ACGTGATGGGTCTA-1,"CD4-positive, alpha-beta T cell","naive thymus-derived CD4-positive, alpha-beta T cell","naive thymus-derived CD4-positive, alpha-beta T cell","naive thymus-derived CD4-positive, alpha-beta T cell","CD4-positive, alpha-beta T cell","naive thymus-derived CD4-positive, alpha-beta T cell","naive thymus-derived CD4-positive, alpha-beta T cell",4,"naive thymus-derived CD4-positive, alpha-beta T cell",4,"naive thymus-derived CD4-positive, alpha-beta T cell"
ACGTGATGTAACCG-1,classical monocyte,intermediate monocyte,non-classical monocyte,B cell,non-classical monocyte,classical monocyte,classical monocyte,2,classical monocyte,2,mononuclear phagocyte
ACGTGATGTGACAC-1,natural killer cell,natural killer cell,natural killer cell,natural killer cell,natural killer cell,natural killer cell,natural killer cell,6,natural killer cell,6,natural killer cell
ACGTGCCTCCGTAA-1,"CD4-positive, alpha-beta T cell","CD4-positive, alpha-beta T cell","CD4-positive, alpha-beta T cell","naive thymus-derived CD4-positive, alpha-beta T cell","CD4-positive, alpha-beta T cell","CD4-positive, alpha-beta T cell","CD4-positive, alpha-beta T cell",5,"CD4-positive, alpha-beta T cell",5,"CD4-positive, alpha-beta T cell"
ACGTGCCTTCTATC-1,"CD8-positive, alpha-beta T cell","CD4-positive, alpha-beta T cell",mature NK T cell,mature NK T cell,"CD4-positive, alpha-beta T cell","CD4-positive, alpha-beta T cell","CD4-positive, alpha-beta T cell",3,"CD4-positive, alpha-beta T cell",3,mature alpha-beta T cell
ACGTTACTTTCCAT-1,"CD4-positive, alpha-beta T cell","CD4-positive, alpha-beta T cell","naive thymus-derived CD4-positive, alpha-beta T cell","naive thymus-derived CD4-positive, alpha-beta T cell","naive thymus-derived CD4-positive, alpha-beta T cell","naive thymus-derived CD4-positive, alpha-beta T cell","naive thymus-derived CD4-positive, alpha-beta T cell",4,"naive thymus-derived CD4-positive, alpha-beta T cell",4,"naive thymus-derived CD4-positive, alpha-beta T cell"
ACGTTGGAAAAGCA-1,"CD4-positive, alpha-beta T cell","naive thymus-derived CD4-positive, alpha-beta T cell","CD8-positive, alpha-beta T cell","naive thymus-derived CD4-positive, alpha-beta T cell",mature NK T cell,"CD4-positive, alpha-beta T cell","CD4-positive, alpha-beta T cell",2,"CD4-positive, alpha-beta T cell",2,"CD4-positive, alpha-beta T cell"
ACGTTGGAAACCTG-1,"CD8-positive, alpha-beta T cell","CD4-positive, alpha-beta T cell",B cell,"CD4-positive, alpha-beta T cell","CD8-positive, alpha-beta T cell","CD8-positive, alpha-beta T cell","CD8-positive, alpha-beta T cell",3,"CD8-positive, alpha-beta T cell",3,mature alpha-beta T cell
ACGTTGGACCGTAA-1,intermediate monocyte,intermediate monocyte,B cell,monocyte,macrophage,monocyte,intermediate monocyte,2,intermediate monocyte,2,monocyte
ACGTTGGAGCCAAT-1,natural killer cell,natural killer cell,plasma cell,natural killer cell,natural killer cell,natural killer cell,natural killer cell,5,natural killer cell,5,natural killer cell
ACGTTGGATATGGC-1,B cell,B cell,B cell,B cell,B cell,B cell,B cell,6,B cell,6,B cell
ACGTTGGATCAGGT-1,classical monocyte,intermediate monocyte,macrophage,B cell,macrophage,macrophage,macrophage,3,macrophage,3,mononuclear phagocyte
ACGTTTACATCAGC-1,"CD4-positive, alpha-beta T cell","naive thymus-derived CD4-positive, alpha-beta T cell","naive thymus-derived CD4-positive, alpha-beta T cell","naive thymus-derived CD4-positive, alpha-beta T cell","naive thymus-derived CD4-positive, alpha-beta T cell","naive thymus-derived CD4-positive, alpha-beta T cell","naive thymus-derived CD4-positive, alpha-beta T cell",5,"naive thymus-derived CD4-positive, alpha-beta T cell",5,"naive thymus-derived CD4-positive, alpha-beta T cell"
ACTAAAACCCACAA-1,"CD4-positive, alpha-beta T cell","CD4-positive, alpha-beta T cell","CD4-positive, alpha-beta T cell",mature NK T cell,"CD4-positive, alpha-beta T cell",plasma cell,"CD4-positive, alpha-beta T cell",4,"CD4-positive, alpha-beta T cell",4,"CD4-positive, alpha-beta T cell"
ACTAAAACTCGACA-1,intermediate monocyte,macrophage,plasma cell,monocyte,monocyte,monocyte,monocyte,3,monocyte,3,monocyte
ACTACGGAATTTCC-1,"CD4-positive, alpha-beta T cell","naive thymus-derived CD4-positive, alpha-beta T cell","naive thymus-derived CD4-positive, alpha-beta T cell","naive thymus-derived CD4-positive, alpha-beta T cell","naive thymus-derived CD4-positive, alpha-beta T cell","naive thymus-derived CD4-positive, alpha-beta T cell","naive thymus-derived CD4-positive, alpha-beta T cell",5,"naive thymus-derived CD4-positive, alpha-beta T cell",5,"naive thymus-derived CD4-positive, alpha-beta T cell"
ACTACGGACCTATT-1,"CD4-positive, alpha-beta T cell","naive thymus-derived CD4-positive, alpha-beta T cell","naive thymus-derived CD4-positive, alpha-beta T cell","naive thymus-derived CD4-positive, alpha-beta T cell","CD4-positive, alpha-beta T cell","naive thymus-derived CD4-positive, alpha-beta T cell","naive thymus-derived CD4-positive, alpha-beta T cell",4,"naive thymus-derived CD4-positive, alpha-beta T cell",4,"naive thymus-derived CD4-positive, alpha-beta T cell"
ACTACGGATCGCTC-1,"CD4-positive, alpha-beta T cell","naive thymus-derived CD4-positive, alpha-beta T cell",B cell,"naive thymus-derived CD4-positive, alpha-beta T cell",B cell,B cell,B cell,3,B cell,3,lymphocyte
ACTACTACTAAGGA-1,"CD4-positive, alpha-beta T cell","naive thymus-derived CD4-positive, alpha-beta T cell","CD8-positive, alpha-beta T cell","CD4-positive, alpha-beta T cell","CD4-positive, alpha-beta T cell","CD4-positive, alpha-beta T cell","CD4-positive, alpha-beta T cell",4,"CD4-positive, alpha-beta T cell",4,"CD4-positive, alpha-beta T cell"
ACTAGGTGGAACCT-1,"CD4-positive, alpha-beta T cell","naive thymus-derived CD4-positive, alpha-beta T cell",intermediate monocyte,"CD4-positive, alpha-beta T cell","CD4-positive, alpha-beta T cell","CD8-positive, alpha-beta T cell","CD4-positive, alpha-beta T cell",3,"CD4-positive, alpha-beta T cell",3,"CD4-positive, alpha-beta T cell"
ACTAGGTGGAACTC-1,"CD4-positive, alpha-beta T cell","naive thymus-derived CD4-positive, alpha-beta T cell","CD4-positive, alpha-beta T cell","CD4-positive, alpha-beta T cell","CD4-positive, alpha-beta T cell","CD4-positive, alpha-beta T cell","CD4-positive, alpha-beta T cell",5,"CD4-positive, alpha-beta T cell",5,"CD4-positive, alpha-beta T cell"
ACTATCACCTTGGA-1,"CD8-positive, alpha-beta T cell","CD4-positive, alpha-beta T cell",mature NK T cell,"CD8-positive, alpha-beta T cell","CD8-positive, alpha-beta T cell","CD4-positive, alpha-beta T cell","CD8-positive, alpha-beta T cell",3,"CD8-positive, alpha-beta T cell",3,mature alpha-beta T cell
ACTATCACTGCCAA-1,"CD4-positive, alpha-beta T cell","naive thymus-derived CD4-positive, alpha-beta T cell",monocyte,"naive thymus-derived CD4-positive, alpha-beta T cell","CD4-positive, alpha-beta T cell","CD4-positive, alpha-beta T cell","CD4-positive, alpha-beta T cell",3,"CD4-positive, alpha-beta T cell",3,"CD4-positive, alpha-beta T cell"
ACTCAGGACTGAAC-1,"CD4-positive, alpha-beta T cell","naive thymus-derived CD4-positive, alpha-beta T cell","naive thymus-derived CD4-positive, alpha-beta T cell","CD4-positive, alpha-beta T cell","naive thymus-derived CD4-positive, alpha-beta T cell","naive thymus-derived CD4-positive, alpha-beta T cell","naive thymus-derived CD4-positive, alpha-beta T cell",4,"naive thymus-derived CD4-positive, alpha-beta T cell",4,"naive thymus-derived CD4-positive, alpha-beta T cell"
ACTCAGGATCTATC-1,B cell,B cell,B cell,B cell,B cell,B cell,B cell,6,B cell,6,B cell
ACTCAGGATTCGTT-1,classical monocyte,intermediate monocyte,mature NK T cell,mature NK T cell,macrophage,monocyte,mature NK T cell,2,mature NK T cell,2,mononuclear phagocyte
ACTCCTCTCAACTG-1,"CD4-positive, alpha-beta T cell","CD4-positive, alpha-beta T cell","naive thymus-derived CD4-positive, alpha-beta T cell","naive thymus-derived CD4-positive, alpha-beta T cell","naive thymus-derived CD4-positive, alpha-beta T cell","CD4-positive, alpha-beta T cell","CD4-positive, alpha-beta T cell",4,"CD4-positive, alpha-beta T cell",3,"CD4-positive, alpha-beta T cell"
ACTCGCACGAAAGT-1,classical monocyte,intermediate monocyte,monocyte,macrophage,monocyte,monocyte,monocyte,3,monocyte,3,monocyte
ACTCGCACTACGAC-1,intermediate monocyte,macrophage,monocyte,macrophage,macrophage,monocyte,macrophage,3,macrophage,3,mononuclear phagocyte
ACTCTCCTGACACT-1,"CD4-positive, alpha-beta T cell","naive thymus-derived CD4-positive, alpha-beta T cell",B cell,"naive thymus-derived CD4-positive, alpha-beta T cell",B cell,"naive thymus-derived CD4-positive, alpha-beta T cell","naive thymus-derived CD4-positive, alpha-beta T cell",3,"naive thymus-derived CD4-positive, alpha-beta T cell",3,"CD4-positive, alpha-beta T cell"
ACTCTCCTGCATAC-1,hematopoietic precursor cell,hematopoietic precursor cell,hematopoietic precursor cell,hematopoietic stem cell,hematopoietic precursor cell,hematopoietic precursor cell,hematopoietic precursor cell,5,hematopoietic precursor cell,5,hematopoietic precursor cell
ACTCTCCTGTTTGG-1,"CD4-positive, alpha-beta T cell","naive thymus-derived CD4-positive, alpha-beta T cell","naive thymus-derived CD4-positive, alpha-beta T cell","naive thymus-derived CD4-positive, alpha-beta T cell","naive thymus-derived CD4-positive, alpha-beta T cell","naive thymus-derived CD4-positive, alpha-beta T cell","naive thymus-derived CD4-positive, alpha-beta T cell",5,"naive thymus-derived CD4-positive, alpha-beta T cell",5,"naive thymus-derived CD4-positive, alpha-beta T cell"
ACTGAGACAACCAC-1,"CD4-positive, alpha-beta T cell","CD4-positive, alpha-beta T cell",mature NK T cell,"naive thymus-derived CD4-positive, alpha-beta T cell",natural killer cell,"CD8-positive, alpha-beta T cell","CD4-positive, alpha-beta T cell",2,"CD4-positive, alpha-beta T cell",2,mature alpha-beta T cell
ACTGAGACCCATAG-1,intermediate monocyte,non-classical monocyte,non-classical monocyte,non-classical monocyte,non-classical monocyte,non-classical monocyte,non-classical monocyte,5,non-classical monocyte,5,non-classical monocyte
ACTGAGACGTTGGT-1,B cell,B cell,B cell,B cell,B cell,B cell,B cell,6,B cell,6,B cell
ACTGCCACACACGT-1,"CD8-positive, alpha-beta T cell","CD4-positive, alpha-beta T cell",plasma cell,mature NK T cell,mature NK T cell,"CD8-positive, alpha-beta T cell","CD8-positive, alpha-beta T cell",2,"CD8-positive, alpha-beta T cell",2,mature alpha-beta T cell
ACTGCCACTCCGTC-1,natural killer cell,natural killer cell,natural killer cell,natural killer cell,natural killer cell,natural killer cell,natural killer cell,6,natural killer cell,6,natural killer cell
ACTGGCCTTCAGTG-1,natural killer cell,natural killer cell,"CD8-positive, alpha-beta T cell",natural killer cell,"CD8-positive, alpha-beta T cell","CD8-positive, alpha-beta T cell","CD8-positive, alpha-beta T cell",3,"CD8-positive, alpha-beta T cell",3,lymphocyte
ACTGTGGACGTGTA-1,"CD8-positive, alpha-beta T cell","CD4-positive, alpha-beta T cell",B cell,B cell,natural killer cell,natural killer cell,natural killer cell,2,B cell,2,lymphocyte
ACTGTGGATCTAGG-1,B cell,B cell,B cell,B cell,B cell,B cell,B cell,6,B cell,6,B cell
ACTGTTACCCACAA-1,monocyte,intermediate monocyte,plasma cell,monocyte,monocyte,monocyte,monocyte,4,monocyte,4,monocyte
ACTGTTACTGCAGT-1,"CD4-positive, alpha-beta T cell","naive thymus-derived CD4-positive, alpha-beta T cell","naive thymus-derived CD4-positive, alpha-beta T cell","naive thymus-derived CD4-positive, alpha-beta T cell","naive thymus-derived CD4-positive, alpha-beta T cell","CD4-positive, alpha-beta T cell","naive thymus-derived CD4-positive, alpha-beta T cell",4,"naive thymus-derived CD4-positive, alpha-beta T cell",4,"naive thymus-derived CD4-positive, alpha-beta T cell"
ACTTAAGAACCACA-1,"CD4-positive, alpha-beta T cell","naive thymus-derived CD4-positive, alpha-beta T cell","CD4-positive, alpha-beta T cell","naive thymus-derived CD4-positive, alpha-beta T cell","CD4-positive, alpha-beta T cell","CD4-positive, alpha-beta T cell","CD4-positive, alpha-beta T cell",4,"CD4-positive, alpha-beta T cell",4,"CD4-positive, alpha-beta T cell"
ACTTAAGACCACAA-1,"CD4-positive, alpha-beta T cell","naive thymus-derived CD4-positive, alpha-beta T cell","naive thymus-derived CD4-positive, alpha-beta T cell","naive thymus-derived CD4-positive, alpha-beta T cell","naive thymus-derived CD4-positive, alpha-beta T cell",mature NK T cell,"naive thymus-derived CD4-positive, alpha-beta T cell",4,"naive thymus-derived CD4-positive, alpha-beta T cell",4,"naive thymus-derived CD4-positive, alpha-beta T cell"
ACTTAAGATTACTC-1,intermediate monocyte,macrophage,intermediate monocyte,mature NK T cell,macrophage,plasma cell,intermediate monocyte,2,intermediate monocyte,2,mononuclear phagocyte
ACTTAGCTGCGTAT-1,intermediate monocyte,macrophage,non-classical monocyte,non-classical monocyte,non-classical monocyte,classical monocyte,non-classical monocyte,3,non-classical monocyte,3,mononuclear phagocyte
ACTTAGCTGGGAGT-1,"CD4-positive, alpha-beta T cell","CD4-positive, alpha-beta T cell","naive thymus-derived CD4-positive, alpha-beta T cell","naive thymus-derived CD4-positive, alpha-beta T cell","naive thymus-derived CD4-positive, alpha-beta T cell","CD4-positive, alpha-beta T cell","CD4-positive, alpha-beta T cell",4,"CD4-positive, alpha-beta T cell",3,"CD4-positive, alpha-beta T cell"
ACTTCAACAAGCAA-1,"CD4-positive, alpha-beta T cell","CD4-positive, alpha-beta T cell",mature NK T cell,"CD8-positive, alpha-beta T cell","CD4-positive, alpha-beta T cell","CD8-positive, alpha-beta T cell","CD4-positive, alpha-beta T cell",3,"CD4-positive, alpha-beta T cell",3,mature alpha-beta T cell
ACTTCAACGTAGGG-1,natural killer cell,natural killer cell,plasma cell,natural killer cell,natural killer cell,natural killer cell,natural killer cell,5,natural killer cell,5,natural killer cell
ACTTCCCTTTCCGC-1,"CD4-positive, alpha-beta T cell","naive thymus-derived CD4-positive, alpha-beta T cell","naive thymus-derived CD4-positive, alpha-beta T cell","naive thymus-derived CD4-positive, alpha-beta T cell",B cell,"naive thymus-derived CD4-positive, alpha-beta T cell","naive thymus-derived CD4-positive, alpha-beta T cell",4,"naive thymus-derived CD4-positive, alpha-beta T cell",4,"naive thymus-derived CD4-positive, alpha-beta T cell"
ACTTCTGACATGCA-1,B cell,B cell,B cell,B cell,B cell,B cell,B cell,6,B cell,6,B cell
ACTTGACTCCACAA-1,B cell,B cell,B cell,B cell,B cell,B cell,B cell,6,B cell,6,B cell
ACTTGGGAGAAAGT-1,intermediate monocyte,intermediate monocyte,macrophage,monocyte,macrophage,monocyte,intermediate monocyte,2,intermediate monocyte,2,monocyte
ACTTGGGAGGTTTG-1,"CD4-positive, alpha-beta T cell","CD4-positive, alpha-beta T cell",regulatory T cell,"naive thymus-derived CD4-positive, alpha-beta T cell","CD4-positive, alpha-beta T cell","CD4-positive, alpha-beta T cell","CD4-positive, alpha-beta T cell",4,"CD4-positive, alpha-beta T cell",4,"CD4-positive, alpha-beta T cell"
ACTTGGGATGTGAC-1,classical monocyte,non-classical monocyte,non-classical monocyte,non-classical monocyte,macrophage,monocyte,non-classical monocyte,3,non-classical monocyte,3,monocyte
ACTTGGGATTGACG-1,intermediate monocyte,intermediate monocyte,macrophage,macrophage,macrophage,macrophage,macrophage,4,macrophage,4,macrophage
ACTTGTACCCGAAT-1,"CD4-positive, alpha-beta T cell","naive thymus-derived CD4-positive, alpha-beta T cell","CD4-positive, alpha-beta T cell","naive thymus-derived CD4-positive, alpha-beta T cell","CD4-positive, alpha-beta T cell","CD4-positive, alpha-beta T cell","CD4-positive, alpha-beta T cell",4,"CD4-positive, alpha-beta T cell",4,"CD4-positive, alpha-beta T cell"
ACTTGTACCTGTCC-1,"CD4-positive, alpha-beta T cell","naive thymus-derived CD4-positive, alpha-beta T cell",hematopoietic precursor cell,"CD4-positive, alpha-beta T cell",B cell,macrophage,"CD4-positive, alpha-beta T cell",2,"CD4-positive, alpha-beta T cell",2,lymphocyte
ACTTTGTGCGATAC-1,"CD4-positive, alpha-beta T cell",B cell,hematopoietic precursor cell,macrophage,B cell,plasma cell,B cell,2,B cell,2,lymphocyte
ACTTTGTGGAAAGT-1,"CD4-positive, alpha-beta T cell","naive thymus-derived CD4-positive, alpha-beta T cell",plasma cell,"naive thymus-derived CD4-positive, alpha-beta T cell","naive thymus-derived CD4-positive, alpha-beta T cell","naive thymus-derived CD4-positive, alpha-beta T cell","naive thymus-derived CD4-positive, alpha-beta T cell",4,"naive thymus-derived CD4-positive, alpha-beta T cell",4,"naive thymus-derived CD4-positive, alpha-beta T cell"
ACTTTGTGGATAGA-1,classical monocyte,intermediate monocyte,macrophage,monocyte,macrophage,monocyte,macrophage,2,macrophage,2,monocyte
AGAAACGAAAGTAG-1,B cell,B cell,B cell,B cell,B cell,B cell,B cell,6,B cell,6,B cell
AGAAAGTGCGCAAT-1,"CD4-positive, alpha-beta T cell","CD4-positive, alpha-beta T cell","naive thymus-derived CD4-positive, alpha-beta T cell","naive thymus-derived CD4-positive, alpha-beta T cell","naive thymus-derived CD4-positive, alpha-beta T cell","naive thymus-derived CD4-positive, alpha-beta T cell","naive thymus-derived CD4-positive, alpha-beta T cell",4,"naive thymus-derived CD4-positive, alpha-beta T cell",4,"naive thymus-derived CD4-positive, alpha-beta T cell"
AGAAAGTGGGGATG-1,intermediate monocyte,macrophage,monocyte,macrophage,macrophage,monocyte,macrophage,3,macrophage,3,mononuclear phagocyte
AGAACAGAAATGCC-1,natural killer cell,natural killer cell,natural killer cell,natural killer cell,natural killer cell,natural killer cell,natural killer cell,6,natural killer cell,6,natural killer cell
AGAACAGACGACTA-1,B cell,B cell,B cell,B cell,B cell,B cell,B cell,6,B cell,6,B cell
AGAACAGAGACAAA-1,"CD4-positive, alpha-beta T cell","CD4-positive, alpha-beta T cell","naive thymus-derived CD4-positive, alpha-beta T cell","CD4-positive, alpha-beta T cell","CD4-positive, alpha-beta T cell","CD4-positive, alpha-beta T cell","CD4-positive, alpha-beta T cell",5,"CD4-positive, alpha-beta T cell",5,"CD4-positive, alpha-beta T cell"
AGAACGCTTTGCTT-1,"CD4-positive, alpha-beta T cell","naive thymus-derived CD4-positive, alpha-beta T cell","naive thymus-derived CD4-positive, alpha-beta T cell","naive thymus-derived CD4-positive, alpha-beta T cell","naive thymus-derived CD4-positive, alpha-beta T cell","naive thymus-derived CD4-positive, alpha-beta T cell","naive thymus-derived CD4-positive, alpha-beta T cell",5,"naive thymus-derived CD4-positive, alpha-beta T cell",5,"naive thymus-derived CD4-positive, alpha-beta T cell"
AGAAGATGTGACTG-1,"CD4-positive, alpha-beta T cell","CD4-positive, alpha-beta T cell","CD4-positive, alpha-beta T cell","CD4-positive, alpha-beta T cell","CD4-positive, alpha-beta T cell","CD4-positive, alpha-beta T cell","CD4-positive, alpha-beta T cell",6,"CD4-positive, alpha-beta T cell",6,"CD4-positive, alpha-beta T cell"
AGAATGGAAGAAGT-1,"CD8-positive, alpha-beta T cell","CD4-positive, alpha-beta T cell","CD8-positive, alpha-beta T cell","naive thymus-derived CD4-positive, alpha-beta T cell","CD8-positive, alpha-beta T cell","CD8-positive, alpha-beta T cell","CD8-positive, alpha-beta T cell",4,"CD8-positive, alpha-beta T cell",4,"CD8-positive, alpha-beta T cell"
AGAATTTGTAACCG-1,"CD4-positive, alpha-beta T cell","CD4-positive, alpha-beta T cell","naive thymus-derived CD4-positive, alpha-beta T cell","naive thymus-derived CD4-positive, alpha-beta T cell","naive thymus-derived CD4-positive, alpha-beta T cell","naive thymus-derived CD4-positive, alpha-beta T cell","naive thymus-derived CD4-positive, alpha-beta T cell",4,"naive thymus-derived CD4-positive, alpha-beta T cell",4,"naive thymus-derived CD4-positive, alpha-beta T cell"
AGAATTTGTAGAGA-1,"CD4-positive, alpha-beta T cell","naive thymus-derived CD4-positive, alpha-beta T cell",monocyte,"naive thymus-derived CD4-positive, alpha-beta T cell","CD4-positive, alpha-beta T cell",monocyte,"CD4-positive, alpha-beta T cell",2,"CD4-positive, alpha-beta T cell",2,"CD4-positive, alpha-beta T cell"
AGACACACTGTAGC-1,"CD4-positive, alpha-beta T cell","naive thymus-derived CD4-positive, alpha-beta T cell",B cell,"naive thymus-derived CD4-positive, alpha-beta T cell","CD4-positive, alpha-beta T cell","CD4-positive, alpha-beta T cell","CD4-positive, alpha-beta T cell",3,"CD4-positive, alpha-beta T cell",3,"CD4-positive, alpha-beta T cell"
AGACACTGTCAAGC-1,classical monocyte,monocyte,plasma cell,monocyte,macrophage,macrophage,macrophage,2,macrophage,2,mononuclear phagocyte
AGACCTGAAGTAGA-1,intermediate monocyte,macrophage,classical monocyte,macrophage,macrophage,monocyte,macrophage,3,macrophage,3,mononuclear phagocyte
AGACCTGACCAACA-1,"CD4-positive, alpha-beta T cell","naive thymus-derived CD4-positive, alpha-beta T cell","naive thymus-derived CD4-positive, alpha-beta T cell","naive thymus-derived CD4-positive, alpha-beta T cell","naive thymus-derived CD4-positive, alpha-beta T cell","CD4-positive, alpha-beta T cell","naive thymus-derived CD4-positive, alpha-beta T cell",4,"naive thymus-derived CD4-positive, alpha-beta T cell",4,"naive thymus-derived CD4-positive, alpha-beta T cell"
AGACCTGAGGAAGC-1,"CD4-positive, alpha-beta T cell","naive thymus-derived CD4-positive, alpha-beta T cell",mature NK T cell,mature NK T cell,mature NK T cell,"CD8-positive, alpha-beta T cell",mature NK T cell,3,mature NK T cell,3,mature alpha-beta T cell
AGACGTACAGAGGC-1,"CD4-positive, alpha-beta T cell","naive thymus-derived CD4-positive, alpha-beta T cell","naive thymus-derived CD4-positive, alpha-beta T cell","naive thymus-derived CD4-positive, alpha-beta T cell","naive thymus-derived CD4-positive, alpha-beta T cell","CD4-positive, alpha-beta T cell","naive thymus-derived CD4-positive, alpha-beta T cell",4,"naive thymus-derived CD4-positive, alpha-beta T cell",4,"naive thymus-derived CD4-positive, alpha-beta T cell"
AGACGTACCCCTAC-1,B cell,B cell,B cell,B cell,B cell,B cell,B cell,6,B cell,6,B cell
AGACGTACCTCTTA-1,intermediate monocyte,intermediate monocyte,non-classical monocyte,monocyte,macrophage,classical monocyte,intermediate monocyte,2,intermediate monocyte,2,monocyte
AGACGTACTCGTGA-1,intermediate monocyte,macrophage,non-classical monocyte,non-classical monocyte,macrophage,monocyte,macrophage,2,macrophage,2,monocyte
AGACTGACCATCAG-1,"CD8-positive, alpha-beta T cell","CD8-positive, alpha-beta T cell",monocyte,"CD8-positive, alpha-beta T cell",natural killer cell,natural killer cell,"CD8-positive, alpha-beta T cell",3,"CD8-positive, alpha-beta T cell",3,lymphocyte
AGACTGACCCTTTA-1,"CD4-positive, alpha-beta T cell","CD4-positive, alpha-beta T cell","naive thymus-derived CD4-positive, alpha-beta T cell","naive thymus-derived CD4-positive, alpha-beta T cell","naive thymus-derived CD4-positive, alpha-beta T cell","naive thymus-derived CD4-positive, alpha-beta T cell","naive thymus-derived CD4-positive, alpha-beta T cell",4,"naive thymus-derived CD4-positive, alpha-beta T cell",4,"naive thymus-derived CD4-positive, alpha-beta T cell"
AGACTTCTCATGCA-1,B cell,B cell,B cell,B cell,B cell,B cell,B cell,6,B cell,6,B cell
AGAGATGACAGTCA-1,B cell,B cell,B cell,B cell,B cell,B cell,B cell,6,B cell,6,B cell
AGAGATGACTGAAC-1,"CD4-positive, alpha-beta T cell","naive thymus-derived CD4-positive, alpha-beta T cell",B cell,"naive thymus-derived CD4-positive, alpha-beta T cell","naive thymus-derived CD4-positive, alpha-beta T cell","naive thymus-derived CD4-positive, alpha-beta T cell","naive thymus-derived CD4-positive, alpha-beta T cell",4,"naive thymus-derived CD4-positive, alpha-beta T cell",4,"naive thymus-derived CD4-positive, alpha-beta T cell"
AGAGATGAGGTTTG-1,intermediate monocyte,intermediate monocyte,monocyte,macrophage,macrophage,monocyte,intermediate monocyte,2,intermediate monocyte,2,monocyte
AGAGATGATCTCGC-1,B cell,B cell,B cell,B cell,B cell,B cell,B cell,6,B cell,6,B cell
AGAGATGATTGTGG-1,"CD4-positive, alpha-beta T cell","CD4-positive, alpha-beta T cell",mature NK T cell,"naive thymus-derived CD4-positive, alpha-beta T cell","naive thymus-derived CD4-positive, alpha-beta T cell","naive thymus-derived CD4-positive, alpha-beta T cell","CD4-positive, alpha-beta T cell",3,"naive thymus-derived CD4-positive, alpha-beta T cell",3,"CD4-positive, alpha-beta T cell"
AGAGCGGAGGCAAG-1,intermediate monocyte,macrophage,monocyte,classical monocyte,monocyte,monocyte,monocyte,3,monocyte,3,monocyte
AGAGGTCTACAGCT-1,"CD4-positive, alpha-beta T cell","CD4-positive, alpha-beta T cell",plasma cell,natural killer cell,"CD4-positive, alpha-beta T cell","CD8-positive, alpha-beta T cell","CD4-positive, alpha-beta T cell",3,"CD4-positive, alpha-beta T cell",3,mature alpha-beta T cell
AGAGTCTGGTCGTA-1,intermediate monocyte,macrophage,non-classical monocyte,non-classical monocyte,non-classical monocyte,non-classical monocyte,non-classical monocyte,4,non-classical monocyte,4,non-classical monocyte
AGAGTGCTCAGCTA-1,"CD4-positive, alpha-beta T cell","naive thymus-derived CD4-positive, alpha-beta T cell","CD8-positive, alpha-beta T cell",mature NK T cell,mature NK T cell,mature NK T cell,mature NK T cell,3,mature NK T cell,3,mature alpha-beta T cell
AGAGTGCTCGAATC-1,"CD4-positive, alpha-beta T cell","naive thymus-derived CD4-positive, alpha-beta T cell",monocyte,"naive thymus-derived CD4-positive, alpha-beta T cell","CD4-positive, alpha-beta T cell","CD4-positive, alpha-beta T cell","CD4-positive, alpha-beta T cell",3,"CD4-positive, alpha-beta T cell",3,"CD4-positive, alpha-beta T cell"
AGAGTGCTGTCATG-1,"CD4-positive, alpha-beta T cell","naive thymus-derived CD4-positive, alpha-beta T cell",plasma cell,"CD4-positive, alpha-beta T cell","CD4-positive, alpha-beta T cell","CD4-positive, alpha-beta T cell","CD4-positive, alpha-beta T cell",4,"CD4-positive, alpha-beta T cell",4,"CD4-positive, alpha-beta T cell"
AGAGTGCTGTCCTC-1,"CD4-positive, alpha-beta T cell","CD4-positive, alpha-beta T cell",natural killer cell,natural killer cell,natural killer cell,natural killer cell,natural killer cell,4,natural killer cell,4,natural killer cell
AGAGTGCTGTGTTG-1,B cell,B cell,B cell,B cell,B cell,B cell,B cell,6,B cell,6,B cell
AGATATACCCGTAA-1,"CD8-positive, alpha-beta T cell","CD8-positive, alpha-beta T cell",plasma cell,natural killer cell,natural killer cell,natural killer cell,natural killer cell,3,natural killer cell,3,lymphocyte
AGATATACGATGAA-1,"CD4-positive, alpha-beta T cell","naive thymus-derived CD4-positive, alpha-beta T cell",B cell,"CD4-positive, alpha-beta T cell","CD4-positive, alpha-beta T cell",monocyte,"CD4-positive, alpha-beta T cell",3,"CD4-positive, alpha-beta T cell",3,"CD4-positive, alpha-beta T cell"
AGATATACTGTTCT-1,B cell,B cell,B cell,B cell,B cell,B cell,B cell,6,B cell,6,B cell
AGATATTGCCTACC-1,"CD4-positive, alpha-beta T cell","CD4-positive, alpha-beta T cell","CD4-positive, alpha-beta T cell","CD8-positive, alpha-beta T cell","CD4-positive, alpha-beta T cell","CD4-positive, alpha-beta T cell","CD4-positive, alpha-beta T cell",5,"CD4-positive, alpha-beta T cell",5,"CD4-positive, alpha-beta T cell"
AGATATTGGCCAAT-1,intermediate monocyte,intermediate monocyte,macrophage,macrophage,macrophage,monocyte,macrophage,3,macrophage,3,mononuclear phagocyte
AGATCGTGTCTGGA-1,intermediate monocyte,macrophage,macrophage,macrophage,macrophage,classical monocyte,macrophage,4,macrophage,4,macrophage
AGATCGTGTTTGTC-1,B cell,B cell,B cell,B cell,B cell,B cell,B cell,6,B cell,6,B cell
AGATCTCTATCACG-1,B cell,B cell,B cell,B cell,B cell,B cell,B cell,6,B cell,6,B cell
AGATTAACGTTCTT-1,intermediate monocyte,intermediate monocyte,non-classical monocyte,non-classical monocyte,macrophage,monocyte,intermediate monocyte,2,intermediate monocyte,2,monocyte
AGATTCCTATCGTG-1,"CD4-positive, alpha-beta T cell","naive thymus-derived CD4-positive, alpha-beta T cell",mature NK T cell,"naive thymus-derived CD4-positive, alpha-beta T cell","CD4-positive, alpha-beta T cell","CD4-positive, alpha-beta T cell","CD4-positive, alpha-beta T cell",3,"CD4-positive, alpha-beta T cell",3,"CD4-positive, alpha-beta T cell"
AGATTCCTCACTTT-1,intermediate monocyte,intermediate monocyte,monocyte,macrophage,monocyte,monocyte,monocyte,3,monocyte,3,monocyte
AGATTCCTGACGAG-1,intermediate monocyte,intermediate monocyte,monocyte,macrophage,monocyte,monocyte,monocyte,3,monocyte,3,monocyte
AGATTCCTGTTCAG-1,natural killer cell,natural killer cell,natural killer cell,natural killer cell,natural killer cell,natural killer cell,natural killer cell,6,natural killer cell,6,natural killer cell
AGCAAAGATATGCG-1,"CD4-positive, alpha-beta T cell","naive thymus-derived CD4-positive, alpha-beta T cell","CD4-positive, alpha-beta T cell","naive thymus-derived CD4-positive, alpha-beta T cell","CD4-positive, alpha-beta T cell","CD4-positive, alpha-beta T cell","CD4-positive, alpha-beta T cell",4,"CD4-positive, alpha-beta T cell",4,"CD4-positive, alpha-beta T cell"
AGCACAACAGTCTG-1,"CD4-positive, alpha-beta T cell","naive thymus-derived CD4-positive, alpha-beta T cell",plasma cell,"CD4-positive, alpha-beta T cell",mature NK T cell,plasma cell,"CD4-positive, alpha-beta T cell",2,"CD4-positive, alpha-beta T cell",2,mature alpha-beta T cell
AGCACTGAGGGAGT-1,"CD4-positive, alpha-beta T cell","naive thymus-derived CD4-positive, alpha-beta T cell","CD4-positive, alpha-beta T cell","naive thymus-derived CD4-positive, alpha-beta T cell","CD4-positive, alpha-beta T cell","CD4-positive, alpha-beta T cell","CD4-positive, alpha-beta T cell",4,"CD4-positive, alpha-beta T cell",4,"CD4-positive, alpha-beta T cell"
AGCACTGATATGCG-1,"CD4-positive, alpha-beta T cell","naive thymus-derived CD4-positive, alpha-beta T cell","naive thymus-derived CD4-positive, alpha-beta T cell","naive thymus-derived CD4-positive, alpha-beta T cell","CD4-positive, alpha-beta T cell","CD4-positive, alpha-beta T cell","CD4-positive, alpha-beta T cell",3,"CD4-positive, alpha-beta T cell",3,"CD4-positive, alpha-beta T cell"
AGCACTGATGCTTT-1,intermediate monocyte,non-classical monocyte,B cell,B cell,macrophage,B cell,B cell,3,B cell,3,mononuclear cell
AGCACTGATTGCGA-1,"CD4-positive, alpha-beta T cell","naive thymus-derived CD4-positive, alpha-beta T cell","naive thymus-derived CD4-positive, alpha-beta T cell","naive thymus-derived CD4-positive, alpha-beta T cell","CD4-positive, alpha-beta T cell",monocyte,"naive thymus-derived CD4-positive, alpha-beta T cell",3,"naive thymus-derived CD4-positive, alpha-beta T cell",3,"CD4-positive, alpha-beta T cell"
AGCATCGAAGATCC-1,"CD4-positive, alpha-beta T cell","naive thymus-derived CD4-positive, alpha-beta T cell","naive thymus-derived CD4-positive, alpha-beta T cell","CD4-positive, alpha-beta T cell","naive thymus-derived CD4-positive, alpha-beta T cell","CD4-positive, alpha-beta T cell","CD4-positive, alpha-beta T cell",4,"CD4-positive, alpha-beta T cell",3,"CD4-positive, alpha-beta T cell"
AGCATCGAAGGGTG-1,B cell,B cell,B cell,B cell,B cell,B cell,B cell,6,B cell,6,B cell
AGCATCGAGCTTCC-1,monocyte,monocyte,monocyte,classical monocyte,monocyte,monocyte,monocyte,5,monocyte,5,monocyte
AGCATCGAGTGAGG-1,"CD4-positive, alpha-beta T cell","CD4-positive, alpha-beta T cell","CD4-positive, alpha-beta T cell","CD4-positive, alpha-beta T cell","CD4-positive, alpha-beta T cell","CD4-positive, alpha-beta T cell","CD4-positive, alpha-beta T cell",6,"CD4-positive, alpha-beta T cell",6,"CD4-positive, alpha-beta T cell"
AGCATCGATAACCG-1,intermediate monocyte,macrophage,monocyte,monocyte,monocyte,monocyte,monocyte,4,monocyte,4,monocyte
AGCATGACGATGAA-1,"CD8-positive, alpha-beta T cell","CD4-positive, alpha-beta T cell","CD8-positive, alpha-beta T cell",B cell,"CD8-positive, alpha-beta T cell","CD8-positive, alpha-beta T cell","CD8-positive, alpha-beta T cell",4,"CD8-positive, alpha-beta T cell",4,"CD8-positive, alpha-beta T cell"
AGCCAATGGGGAGT-1,intermediate monocyte,macrophage,non-classical monocyte,non-classical monocyte,macrophage,monocyte,macrophage,2,macrophage,2,monocyte
AGCCAATGTATCTC-1,"CD4-positive, alpha-beta T cell","CD4-positive, alpha-beta T cell",B cell,"naive thymus-derived CD4-positive, alpha-beta T cell","CD4-positive, alpha-beta T cell","CD4-positive, alpha-beta T cell","CD4-positive, alpha-beta T cell",4,"CD4-positive, alpha-beta T cell",4,"CD4-positive, alpha-beta T cell"
AGCCACCTGGATCT-1,"CD8-positive, alpha-beta T cell","CD4-positive, alpha-beta T cell",mature NK T cell,mature NK T cell,mature NK T cell,"CD4-positive, alpha-beta T cell",mature NK T cell,3,mature NK T cell,3,mature alpha-beta T cell
AGCCGGTGCCAATG-1,"CD4-positive, alpha-beta T cell","naive thymus-derived CD4-positive, alpha-beta T cell",plasma cell,"CD4-positive, alpha-beta T cell","CD4-positive, alpha-beta T cell","naive thymus-derived CD4-positive, alpha-beta T cell","CD4-positive, alpha-beta T cell",3,"CD4-positive, alpha-beta T cell",3,"CD4-positive, alpha-beta T cell"
AGCCGGTGTGTTTC-1,"CD4-positive, alpha-beta T cell","CD4-positive, alpha-beta T cell","CD4-positive, alpha-beta T cell","naive thymus-derived CD4-positive, alpha-beta T cell","CD4-positive, alpha-beta T cell","CD4-positive, alpha-beta T cell","CD4-positive, alpha-beta T cell",5,"CD4-positive, alpha-beta T cell",5,"CD4-positive, alpha-beta T cell"
AGCCGTCTCAATCG-1,"CD4-positive, alpha-beta T cell","naive thymus-derived CD4-positive, alpha-beta T cell",hematopoietic precursor cell,"naive thymus-derived CD4-positive, alpha-beta T cell","CD4-positive, alpha-beta T cell","CD8-positive, alpha-beta T cell","CD4-positive, alpha-beta T cell",2,"CD4-positive, alpha-beta T cell",2,"CD4-positive, alpha-beta T cell"
AGCCGTCTGAGAGC-1,"CD4-positive, alpha-beta T cell","naive thymus-derived CD4-positive, alpha-beta T cell",B cell,"naive thymus-derived CD4-positive, alpha-beta T cell","CD4-positive, alpha-beta T cell","naive thymus-derived CD4-positive, alpha-beta T cell","naive thymus-derived CD4-positive, alpha-beta T cell",3,"naive thymus-derived CD4-positive, alpha-beta T cell",3,"CD4-positive, alpha-beta T cell"
AGCCTCACGTTCGA-1,"CD4-positive, alpha-beta T cell","naive thymus-derived CD4-positive, alpha-beta T cell",mature NK T cell,"naive thymus-derived CD4-positive, alpha-beta T cell","CD4-positive, alpha-beta T cell",monocyte,"CD4-positive, alpha-beta T cell",2,"CD4-positive, alpha-beta T cell",2,"CD4-positive, alpha-beta T cell"
AGCCTCACTGTCAG-1,intermediate monocyte,macrophage,non-classical monocyte,non-classical monocyte,macrophage,monocyte,macrophage,2,macrophage,2,monocyte
AGCCTCTGCAGTTG-1,B cell,B cell,B cell,B cell,B cell,B cell,B cell,6,B cell,6,B cell
AGCCTCTGCCAATG-1,"CD8-positive, alpha-beta T cell","CD8-positive, alpha-beta T cell",natural killer cell,natural killer cell,natural killer cell,natural killer cell,natural killer cell,4,natural killer cell,4,natural killer cell
AGCGAACTGGATCT-1,"CD4-positive, alpha-beta T cell","CD4-positive, alpha-beta T cell","CD4-positive, alpha-beta T cell","naive thymus-derived CD4-positive, alpha-beta T cell","CD4-positive, alpha-beta T cell","CD4-positive, alpha-beta T cell","CD4-positive, alpha-beta T cell",5,"CD4-positive, alpha-beta T cell",5,"CD4-positive, alpha-beta T cell"
AGCGAACTTACTGG-1,"CD4-positive, alpha-beta T cell","naive thymus-derived CD4-positive, alpha-beta T cell",plasma cell,"CD4-positive, alpha-beta T cell","CD4-positive, alpha-beta T cell","CD4-positive, alpha-beta T cell","CD4-positive, alpha-beta T cell",4,"CD4-positive, alpha-beta T cell",4,"CD4-positive, alpha-beta T cell"
AGCGATACGGAGCA-1,"CD4-positive, alpha-beta T cell","naive thymus-derived CD4-positive, alpha-beta T cell","naive thymus-derived CD4-positive, alpha-beta T cell","naive thymus-derived CD4-positive, alpha-beta T cell","naive thymus-derived CD4-positive, alpha-beta T cell","CD4-positive, alpha-beta T cell","naive thymus-derived CD4-positive, alpha-beta T cell",4,"naive thymus-derived CD4-positive, alpha-beta T cell",4,"naive thymus-derived CD4-positive, alpha-beta T cell"
AGCGATTGAGATCC-1,natural killer cell,natural killer cell,natural killer cell,natural killer cell,natural killer cell,natural killer cell,natural killer cell,6,natural killer cell,6,natural killer cell
AGCGCCGAATCTCT-1,"CD4-positive, alpha-beta T cell","naive thymus-derived CD4-positive, alpha-beta T cell",monocyte,"naive thymus-derived CD4-positive, alpha-beta T cell",mature NK T cell,monocyte,"naive thymus-derived CD4-positive, alpha-beta T cell",2,monocyte,2,mature alpha-beta T cell
AGCGCCGACAGAGG-1,"CD4-positive, alpha-beta T cell","CD4-positive, alpha-beta T cell","naive thymus-derived CD4-positive, alpha-beta T cell","naive thymus-derived CD4-positive, alpha-beta T cell","CD4-positive, alpha-beta T cell","naive thymus-derived CD4-positive, alpha-beta T cell","CD4-positive, alpha-beta T cell",3,"CD4-positive, alpha-beta T cell",3,"CD4-positive, alpha-beta T cell"
AGCGCTCTACCTTT-1,"CD4-positive, alpha-beta T cell","naive thymus-derived CD4-positive, alpha-beta T cell","CD8-positive, alpha-beta T cell","naive thymus-derived CD4-positive, alpha-beta T cell","CD4-positive, alpha-beta T cell","CD4-positive, alpha-beta T cell","CD4-positive, alpha-beta T cell",3,"CD4-positive, alpha-beta T cell",3,"CD4-positive, alpha-beta T cell"
AGCGGCACCGGGAA-1,"CD4-positive, alpha-beta T cell","naive thymus-derived CD4-positive, alpha-beta T cell","naive thymus-derived CD4-positive, alpha-beta T cell","naive thymus-derived CD4-positive, alpha-beta T cell","naive thymus-derived CD4-positive, alpha-beta T cell","naive thymus-derived CD4-positive, alpha-beta T cell","naive thymus-derived CD4-positive, alpha-beta T cell",5,"naive thymus-derived CD4-positive, alpha-beta T cell",5,"naive thymus-derived CD4-positive, alpha-beta T cell"
AGCGGCTGATGTGC-1,"CD4-positive, alpha-beta T cell","naive thymus-derived CD4-positive, alpha-beta T cell","naive thymus-derived CD4-positive, alpha-beta T cell","naive thymus-derived CD4-positive, alpha-beta T cell","naive thymus-derived CD4-positive, alpha-beta T cell","naive thymus-derived CD4-positive, alpha-beta T cell","naive thymus-derived CD4-positive, alpha-beta T cell",5,"naive thymus-derived CD4-positive, alpha-beta T cell",5,"naive thymus-derived CD4-positive, alpha-beta T cell"
AGCGGGCTTGCCAA-1,"CD4-positive, alpha-beta T cell","naive thymus-derived CD4-positive, alpha-beta T cell","naive thymus-derived CD4-positive, alpha-beta T cell","naive thymus-derived CD4-positive, alpha-beta T cell","naive thymus-derived CD4-positive, alpha-beta T cell",macrophage,"naive thymus-derived CD4-positive, alpha-beta T cell",4,"naive thymus-derived CD4-positive, alpha-beta T cell",4,"naive thymus-derived CD4-positive, alpha-beta T cell"
AGCGTAACATGCTG-1,"CD4-positive, alpha-beta T cell","naive thymus-derived CD4-positive, alpha-beta T cell",monocyte,mature NK T cell,"CD4-positive, alpha-beta T cell",monocyte,"CD4-positive, alpha-beta T cell",2,"CD4-positive, alpha-beta T cell",2,mature alpha-beta T cell
AGCGTAACTGAGAA-1,intermediate monocyte,intermediate monocyte,monocyte,macrophage,monocyte,monocyte,monocyte,3,monocyte,3,monocyte
AGCTCGCTACTGGT-1,"CD4-positive, alpha-beta T cell","naive thymus-derived CD4-positive, alpha-beta T cell",plasma cell,"naive thymus-derived CD4-positive, alpha-beta T cell","naive thymus-derived CD4-positive, alpha-beta T cell","naive thymus-derived CD4-positive, alpha-beta T cell","naive thymus-derived CD4-positive, alpha-beta T cell",4,"naive thymus-derived CD4-positive, alpha-beta T cell",4,"naive thymus-derived CD4-positive, alpha-beta T cell"
AGCTCGCTCTGCTC-1,"CD4-positive, alpha-beta T cell","CD4-positive, alpha-beta T cell",mature NK T cell,"CD4-positive, alpha-beta T cell","CD4-positive, alpha-beta T cell","CD4-positive, alpha-beta T cell","CD4-positive, alpha-beta T cell",5,"CD4-positive, alpha-beta T cell",5,"CD4-positive, alpha-beta T cell"
AGCTGAACCATACG-1,intermediate monocyte,macrophage,non-classical monocyte,non-classical monocyte,non-classical monocyte,non-classical monocyte,non-classical monocyte,4,non-classical monocyte,4,non-classical monocyte
AGCTGAACCTCTCG-1,"CD4-positive, alpha-beta T cell","naive thymus-derived CD4-positive, alpha-beta T cell","naive thymus-derived CD4-positive, alpha-beta T cell","naive thymus-derived CD4-positive, alpha-beta T cell","CD4-positive, alpha-beta T cell","naive thymus-derived CD4-positive, alpha-beta T cell","naive thymus-derived CD4-positive, alpha-beta T cell",4,"naive thymus-derived CD4-positive, alpha-beta T cell",4,"naive thymus-derived CD4-positive, alpha-beta T cell"
AGCTGCCTTGGGAG-1,intermediate monocyte,macrophage,macrophage,macrophage,macrophage,macrophage,macrophage,5,macrophage,5,macrophage
AGCTGCCTTTCATC-1,"CD4-positive, alpha-beta T cell","CD4-positive, alpha-beta T cell",regulatory T cell,"CD4-positive, alpha-beta T cell","CD4-positive, alpha-beta T cell","CD4-positive, alpha-beta T cell","CD4-positive, alpha-beta T cell",5,"CD4-positive, alpha-beta T cell",5,"CD4-positive, alpha-beta T cell"
AGCTGCCTTTCTGT-1,"CD4-positive, alpha-beta T cell","CD4-positive, alpha-beta T cell","CD4-positive, alpha-beta T cell","naive thymus-derived CD4-positive, alpha-beta T cell","CD4-positive, alpha-beta T cell","CD4-positive, alpha-beta T cell","CD4-positive, alpha-beta T cell",5,"CD4-positive, alpha-beta T cell",5,"CD4-positive, alpha-beta T cell"
AGCTGTGATCCAAG-1,"CD4-positive, alpha-beta T cell","naive thymus-derived CD4-positive, alpha-beta T cell",B cell,"CD4-positive, alpha-beta T cell","CD4-positive, alpha-beta T cell",mature NK T cell,"CD4-positive, alpha-beta T cell",3,"CD4-positive, alpha-beta T cell",3,"CD4-positive, alpha-beta T cell"
AGCTTTACAAGTAG-1,"CD4-positive, alpha-beta T cell","naive thymus-derived CD4-positive, alpha-beta T cell","CD4-positive, alpha-beta T cell","naive thymus-derived CD4-positive, alpha-beta T cell","CD4-positive, alpha-beta T cell","naive thymus-derived CD4-positive, alpha-beta T cell","CD4-positive, alpha-beta T cell",3,"CD4-positive, alpha-beta T cell",3,"CD4-positive, alpha-beta T cell"
AGCTTTACACCAAC-1,"CD4-positive, alpha-beta T cell","CD4-positive, alpha-beta T cell",plasma cell,mature NK T cell,natural killer cell,"CD8-positive, alpha-beta T cell","CD4-positive, alpha-beta T cell",2,"CD4-positive, alpha-beta T cell",2,mature alpha-beta T cell
AGCTTTACTCTCAT-1,B cell,B cell,B cell,B cell,B cell,B cell,B cell,6,B cell,6,B cell
AGGAAATGAGGAGC-1,"CD4-positive, alpha-beta T cell",intermediate monocyte,plasma cell,"CD4-positive, alpha-beta T cell","CD4-positive, alpha-beta T cell",plasma cell,"CD4-positive, alpha-beta T cell",3,"CD4-positive, alpha-beta T cell",3,lymphocyte
AGGAACCTCTTAGG-1,intermediate monocyte,macrophage,plasma cell,non-classical monocyte,macrophage,classical monocyte,macrophage,2,macrophage,2,mononuclear phagocyte
AGGAACCTTGCCTC-1,"CD8-positive, alpha-beta T cell","CD4-positive, alpha-beta T cell",mature NK T cell,"CD8-positive, alpha-beta T cell","CD8-positive, alpha-beta T cell",monocyte,"CD8-positive, alpha-beta T cell",3,"CD8-positive, alpha-beta T cell",3,mature alpha-beta T cell
AGGAATGATAACGC-1,"naive thymus-derived CD4-positive, alpha-beta T cell","CD4-positive, alpha-beta T cell",monocyte,"naive thymus-derived CD4-positive, alpha-beta T cell","CD4-positive, alpha-beta T cell","CD4-positive, alpha-beta T cell","CD4-positive, alpha-beta T cell",3,"CD4-positive, alpha-beta T cell",3,"CD4-positive, alpha-beta T cell"
AGGAATGATTTGTC-1,"CD4-positive, alpha-beta T cell","CD4-positive, alpha-beta T cell",natural killer cell,"naive thymus-derived CD4-positive, alpha-beta T cell","CD4-positive, alpha-beta T cell","naive thymus-derived CD4-positive, alpha-beta T cell","CD4-positive, alpha-beta T cell",3,"CD4-positive, alpha-beta T cell",3,"CD4-positive, alpha-beta T cell"
AGGAGTCTGGTTTG-1,"CD4-positive, alpha-beta T cell","naive thymus-derived CD4-positive, alpha-beta T cell",B cell,"naive thymus-derived CD4-positive, alpha-beta T cell","CD4-positive, alpha-beta T cell","CD4-positive, alpha-beta T cell","CD4-positive, alpha-beta T cell",3,"CD4-positive, alpha-beta T cell",3,"CD4-positive, alpha-beta T cell"
AGGAGTCTTGTCAG-1,"CD4-positive, alpha-beta T cell","naive thymus-derived CD4-positive, alpha-beta T cell",B cell,"CD4-positive, alpha-beta T cell",B cell,"CD4-positive, alpha-beta T cell","CD4-positive, alpha-beta T cell",3,"CD4-positive, alpha-beta T cell",3,"CD4-positive, alpha-beta T cell"
AGGATAGACATTTC-1,"CD4-positive, alpha-beta T cell","CD4-positive, alpha-beta T cell","naive thymus-derived CD4-positive, alpha-beta T cell","naive thymus-derived CD4-positive, alpha-beta T cell","naive thymus-derived CD4-positive, alpha-beta T cell","naive thymus-derived CD4-positive, alpha-beta T cell","naive thymus-derived CD4-positive, alpha-beta T cell",4,"naive thymus-derived CD4-positive, alpha-beta T cell",4,"naive thymus-derived CD4-positive, alpha-beta T cell"
